unsigned char ug_med[] = {
  0x00, 0x01, 0x00, 0x00, 0x00, 0x0e, 0x00, 0x80, 0x00, 0x03, 0x00, 0x60,
  0x46, 0x46, 0x54, 0x4d, 0x9a, 0xd9, 0xd8, 0x93, 0x00, 0x01, 0x48, 0x74,
  0x00, 0x00, 0x00, 0x1c, 0x47, 0x44, 0x45, 0x46, 0x00, 0x15, 0x00, 0x14,
  0x00, 0x01, 0x48, 0x58, 0x00, 0x00, 0x00, 0x1c, 0x4f, 0x53, 0x2f, 0x32,
  0x63, 0xa8, 0x6b, 0x2a, 0x00, 0x00, 0x01, 0x68, 0x00, 0x00, 0x00, 0x60,
  0x63, 0x6d, 0x61, 0x70, 0x45, 0x04, 0x12, 0x9b, 0x00, 0x00, 0x02, 0xd0,
  0x00, 0x00, 0x01, 0x72, 0x63, 0x76, 0x74, 0x20, 0x00, 0x35, 0x03, 0xf5,
  0x00, 0x00, 0x04, 0x44, 0x00, 0x00, 0x00, 0x04, 0x67, 0x61, 0x73, 0x70,
  0xff, 0xff, 0x00, 0x03, 0x00, 0x01, 0x48, 0x50, 0x00, 0x00, 0x00, 0x08,
  0x67, 0x6c, 0x79, 0x66, 0xef, 0x1d, 0x2d, 0xd8, 0x00, 0x00, 0x04, 0xd0,
  0x00, 0x01, 0x0c, 0x10, 0x68, 0x65, 0x61, 0x64, 0x20, 0x62, 0x55, 0x59,
  0x00, 0x00, 0x00, 0xec, 0x00, 0x00, 0x00, 0x36, 0x68, 0x68, 0x65, 0x61,
  0x0b, 0xcd, 0x05, 0xbb, 0x00, 0x00, 0x01, 0x24, 0x00, 0x00, 0x00, 0x24,
  0x68, 0x6d, 0x74, 0x78, 0xe1, 0x75, 0x00, 0x35, 0x00, 0x00, 0x01, 0xc8,
  0x00, 0x00, 0x01, 0x08, 0x6c, 0x6f, 0x63, 0x61, 0x20, 0x7f, 0xdd, 0x98,
  0x00, 0x00, 0x04, 0x48, 0x00, 0x00, 0x00, 0x86, 0x6d, 0x61, 0x78, 0x70,
  0x00, 0xda, 0x02, 0xe1, 0x00, 0x00, 0x01, 0x48, 0x00, 0x00, 0x00, 0x20,
  0x6e, 0x61, 0x6d, 0x65, 0xd8, 0x1e, 0x83, 0xd8, 0x00, 0x01, 0x10, 0xe0,
  0x00, 0x00, 0x36, 0xc6, 0x70, 0x6f, 0x73, 0x74, 0x06, 0xf6, 0x07, 0x1f,
  0x00, 0x01, 0x47, 0xa8, 0x00, 0x00, 0x00, 0xa6, 0x00, 0x01, 0x00, 0x00,
  0x00, 0x01, 0x00, 0x00, 0xcb, 0x2b, 0xfd, 0xec, 0x5f, 0x0f, 0x3c, 0xf5,
  0x00, 0x0b, 0x06, 0x40, 0x00, 0x00, 0x00, 0x00, 0xda, 0x20, 0x67, 0x65,
  0x00, 0x00, 0x00, 0x00, 0xe0, 0xe2, 0xa6, 0xcf, 0x00, 0x00, 0xfe, 0xd4,
  0x06, 0x40, 0x05, 0x14, 0x00, 0x00, 0x00, 0x08, 0x00, 0x02, 0x00, 0x00,
  0x00, 0x00, 0x00, 0x00, 0x00, 0x01, 0x00, 0x00, 0x05, 0x14, 0xfe, 0xd4,
  0x00, 0x77, 0x06, 0xa4, 0x00, 0x00, 0x00, 0x00, 0x06, 0x40, 0x00, 0x01,
  0x00, 0x00, 0x00, 0x00, 0x00, 0x00, 0x00, 0x00, 0x00, 0x00, 0x00, 0x00,
  0x00, 0x00, 0x00, 0x42, 0x00, 0x01, 0x00, 0x00, 0x00, 0x42, 0x02, 0xb0,
  0x00, 0x56, 0x00, 0x00, 0x00, 0x00, 0x00, 0x02, 0x00, 0x00, 0x00, 0x01,
  0x00, 0x01, 0x00, 0x00, 0x00, 0x40, 0x00, 0x2e, 0x00, 0x00, 0x00, 0x00,
  0x00, 0x04, 0x03, 0x82, 0x01, 0xf4, 0x00, 0x05, 0x00, 0x00, 0x04, 0x10,
  0x04, 0x60, 0x00, 0x00, 0x00, 0xe0, 0x04, 0x10, 0x04, 0x60, 0x00, 0x00,
  0x03, 0x00, 0x00, 0x4f, 0x01, 0x9e, 0x00, 0x00, 0x02, 0x00, 0x06, 0x03,
  0x00, 0x00, 0x00, 0x00, 0x00, 0x00, 0x00, 0x00, 0x00, 0x01, 0x00, 0x00,
  0x00, 0x00, 0x00, 0x00, 0x00, 0x00, 0x00, 0x00, 0x00, 0x00, 0x50, 0x66,
  0x45, 0x64, 0x00, 0x80, 0x00, 0x20, 0x00, 0x7a, 0x05, 0x14, 0xfe, 0xd4,
  0x00, 0x77, 0x05, 0x14, 0x01, 0x2c, 0x00, 0x00, 0x00, 0x01, 0x00, 0x00,
  0x00, 0x00, 0x03, 0xe8, 0x05, 0x14, 0x00, 0x00, 0x00, 0x20, 0x00, 0x01,
  0x02, 0x48, 0x00, 0x35, 0x00, 0x00, 0x00, 0x00, 0x02, 0x15, 0x00, 0x00,
  0x03, 0x84, 0x00, 0x00, 0x01, 0x2c, 0x00, 0x00, 0x04, 0xb0, 0x00, 0x00,
  0x01, 0x2c, 0x00, 0x00, 0x01, 0x2c, 0x00, 0x00, 0x02, 0x58, 0x00, 0x00,
  0x01, 0x2c, 0x00, 0x00, 0x02, 0xbc, 0x00, 0x00, 0x01, 0x2c, 0x00, 0x00,
  0x01, 0x2c, 0x00, 0x00, 0x04, 0xb0, 0x00, 0x00, 0x04, 0x4c, 0x00, 0x00,
  0x04, 0xb0, 0x00, 0x00, 0x04, 0xb0, 0x00, 0x00, 0x04, 0x4c, 0x00, 0x00,
  0x04, 0x4c, 0x00, 0x00, 0x04, 0xb0, 0x00, 0x00, 0x03, 0xe8, 0x00, 0x00,
  0x01, 0x2c, 0x00, 0x00, 0x01, 0xf4, 0x00, 0x00, 0x04, 0xb0, 0x00, 0x00,
  0x03, 0x20, 0x00, 0x00, 0x04, 0xb0, 0x00, 0x00, 0x04, 0xb0, 0x00, 0x00,
  0x05, 0x14, 0x00, 0x00, 0x03, 0xe8, 0x00, 0x00, 0x05, 0x78, 0x00, 0x00,
  0x03, 0xe8, 0x00, 0x00, 0x04, 0xb0, 0x00, 0x00, 0x04, 0x4c, 0x00, 0x00,
  0x04, 0xb0, 0x00, 0x00, 0x04, 0x4c, 0x00, 0x00, 0x06, 0xa4, 0x00, 0x00,
  0x03, 0x20, 0x00, 0x00, 0x03, 0x84, 0x00, 0x00, 0x03, 0x20, 0x00, 0x00,
  0x02, 0xbc, 0x00, 0x00, 0x03, 0x84, 0x00, 0x00, 0x03, 0xe8, 0x00, 0x00,
  0x03, 0xe8, 0x00, 0x00, 0x03, 0xe8, 0x00, 0x00, 0x03, 0xe8, 0x00, 0x00,
  0x02, 0x58, 0x00, 0x00, 0x03, 0xe8, 0x00, 0x00, 0x03, 0x84, 0x00, 0x00,
  0x01, 0x2c, 0x00, 0x00, 0x01, 0xf4, 0x00, 0x00, 0x03, 0x84, 0x00, 0x00,
  0x01, 0x2c, 0x00, 0x00, 0x05, 0x14, 0x00, 0x00, 0x03, 0x84, 0x00, 0x00,
  0x03, 0xe8, 0x00, 0x00, 0x03, 0xe8, 0x00, 0x00, 0x03, 0xe8, 0x00, 0x00,
  0x02, 0x58, 0x00, 0x00, 0x03, 0x84, 0x00, 0x00, 0x02, 0xbc, 0x00, 0x00,
  0x03, 0xe8, 0x00, 0x00, 0x03, 0xe8, 0x00, 0x00, 0x06, 0x40, 0x00, 0x00,
  0x03, 0x20, 0x00, 0x00, 0x03, 0xe8, 0x00, 0x00, 0x02, 0xbc, 0x00, 0x00,
  0x00, 0x00, 0x00, 0x03, 0x00, 0x00, 0x00, 0x03, 0x00, 0x00, 0x00, 0x1c,
  0x00, 0x01, 0x00, 0x00, 0x00, 0x00, 0x00, 0x6c, 0x00, 0x03, 0x00, 0x01,
  0x00, 0x00, 0x00, 0x1c, 0x00, 0x04, 0x00, 0x50, 0x00, 0x00, 0x00, 0x10,
  0x00, 0x10, 0x00, 0x03, 0x00, 0x00, 0x00, 0x21, 0x00, 0x27, 0x00, 0x2f,
  0x00, 0x3b, 0x00, 0x5a, 0x00, 0x5c, 0x00, 0x7a, 0xff, 0xff, 0x00, 0x00,
  0x00, 0x20, 0x00, 0x26, 0x00, 0x2c, 0x00, 0x3a, 0x00, 0x41, 0x00, 0x5c,
  0x00, 0x61, 0xff, 0xff, 0xff, 0xe3, 0xff, 0xdf, 0xff, 0xdb, 0xff, 0xd1,
  0xff, 0xcc, 0xff, 0xcb, 0xff, 0xc7, 0x00, 0x01, 0x00, 0x00, 0x00, 0x00,
  0x00, 0x00, 0x00, 0x00, 0x00, 0x00, 0x00, 0x00, 0x00, 0x00, 0x00, 0x00,
  0x00, 0x00, 0x01, 0x06, 0x00, 0x00, 0x01, 0x00, 0x00, 0x00, 0x00, 0x00,
  0x00, 0x00, 0x01, 0x02, 0x00, 0x00, 0x00, 0x02, 0x00, 0x00, 0x00, 0x00,
  0x00, 0x00, 0x00, 0x00, 0x00, 0x00, 0x00, 0x00, 0x00, 0x00, 0x00, 0x01,
  0x00, 0x00, 0x03, 0x04, 0x00, 0x00, 0x00, 0x00, 0x05, 0x06, 0x00, 0x00,
  0x00, 0x00, 0x07, 0x08, 0x09, 0x0a, 0x00, 0x00, 0x00, 0x00, 0x00, 0x00,
  0x00, 0x00, 0x00, 0x00, 0x0b, 0x0c, 0x00, 0x00, 0x00, 0x00, 0x00, 0x0d,
  0x0e, 0x0f, 0x10, 0x11, 0x12, 0x13, 0x14, 0x15, 0x16, 0x17, 0x18, 0x19,
  0x1a, 0x1b, 0x1c, 0x1d, 0x1e, 0x1f, 0x20, 0x21, 0x22, 0x23, 0x24, 0x25,
  0x26, 0x00, 0x27, 0x00, 0x00, 0x00, 0x00, 0x28, 0x29, 0x2a, 0x2b, 0x2c,
  0x2d, 0x2e, 0x2f, 0x30, 0x31, 0x32, 0x33, 0x34, 0x35, 0x36, 0x37, 0x38,
  0x39, 0x3a, 0x3b, 0x3c, 0x3d, 0x3e, 0x3f, 0x40, 0x41, 0x00, 0x00, 0x00,
  0x00, 0x00, 0x00, 0x00, 0x00, 0x00, 0x00, 0x00, 0x00, 0x00, 0x00, 0x00,
  0x00, 0x00, 0x00, 0x00, 0x00, 0x00, 0x00, 0x00, 0x00, 0x00, 0x00, 0x00,
  0x00, 0x00, 0x00, 0x00, 0x00, 0x00, 0x00, 0x00, 0x00, 0x00, 0x00, 0x00,
  0x00, 0x00, 0x00, 0x00, 0x00, 0x00, 0x00, 0x00, 0x00, 0x00, 0x00, 0x00,
  0x00, 0x00, 0x00, 0x00, 0x00, 0x00, 0x00, 0x00, 0x00, 0x00, 0x00, 0x00,
  0x00, 0x00, 0x00, 0x00, 0x00, 0x00, 0x00, 0x00, 0x00, 0x00, 0x00, 0x00,
  0x00, 0x00, 0x00, 0x00, 0x00, 0x00, 0x00, 0x00, 0x00, 0x00, 0x00, 0x00,
  0x00, 0x00, 0x00, 0x00, 0x00, 0x00, 0x00, 0x00, 0x00, 0x00, 0x00, 0x00,
  0x00, 0x00, 0x00, 0x00, 0x00, 0x00, 0x00, 0x00, 0x00, 0x00, 0x00, 0x00,
  0x00, 0x00, 0x00, 0x00, 0x00, 0x00, 0x00, 0x00, 0x00, 0x00, 0x00, 0x00,
  0x00, 0x00, 0x00, 0x00, 0x00, 0x00, 0x00, 0x00, 0x00, 0x00, 0x00, 0x00,
  0x00, 0x35, 0x03, 0xf5, 0x00, 0x00, 0x00, 0x2c, 0x00, 0x2c, 0x00, 0x2c,
  0x00, 0x2c, 0x01, 0x26, 0x04, 0xe6, 0x05, 0x30, 0x05, 0x78, 0x05, 0xec,
  0x06, 0x1e, 0x07, 0x44, 0x07, 0xa4, 0x08, 0x1a, 0x0a, 0xb6, 0x0e, 0x60,
  0x10, 0xf4, 0x14, 0x14, 0x17, 0x36, 0x19, 0xa6, 0x1c, 0xf6, 0x1f, 0xae,
  0x20, 0xd2, 0x22, 0x18, 0x24, 0xec, 0x26, 0x7e, 0x29, 0x98, 0x2c, 0xae,
  0x2f, 0xbc, 0x32, 0x42, 0x35, 0x9c, 0x38, 0xa8, 0x3c, 0x18, 0x3d, 0xee,
  0x40, 0xe2, 0x42, 0xfe, 0x46, 0xbc, 0x49, 0x0c, 0x4a, 0xe4, 0x4c, 0xfe,
  0x4e, 0x24, 0x50, 0x96, 0x53, 0x4c, 0x55, 0x66, 0x58, 0x1c, 0x5a, 0xbe,
  0x5c, 0x48, 0x5f, 0x60, 0x61, 0xae, 0x62, 0xbc, 0x63, 0xee, 0x66, 0x60,
  0x67, 0x84, 0x6a, 0x90, 0x6c, 0x9c, 0x6e, 0xe4, 0x71, 0x9a, 0x74, 0x50,
  0x75, 0x74, 0x77, 0xd0, 0x79, 0x6e, 0x7b, 0x72, 0x7d, 0x1c, 0x80, 0x06,
  0x81, 0xb2, 0x84, 0x72, 0x86, 0x08, 0x00, 0x00, 0x00, 0x02, 0x00, 0x35,
  0x00, 0x00, 0x01, 0xde, 0x04, 0x2a, 0x00, 0x03, 0x00, 0x07, 0x00, 0x2e,
  0xb1, 0x01, 0x00, 0x2f, 0x3c, 0xb2, 0x07, 0x04, 0x00, 0xed, 0x32, 0xb1,
  0x06, 0x05, 0xdc, 0x3c, 0xb2, 0x03, 0x02, 0x00, 0xed, 0x32, 0x00, 0xb1,
  0x03, 0x00, 0x2f, 0x3c, 0xb2, 0x05, 0x04, 0x00, 0xed, 0x32, 0xb2, 0x07,
  0x06, 0x01, 0xfc, 0x3c, 0xb2, 0x01, 0x02, 0x00, 0xed, 0x32, 0x33, 0x11,
  0x21, 0x11, 0x25, 0x21, 0x11, 0x21, 0x35, 0x01, 0xa9, 0xfe, 0x8c, 0x01,
  0x3f, 0xfe, 0xc1, 0x04, 0x2a, 0xfb, 0xd6, 0x35, 0x03, 0xc0, 0x00, 0x00,
  0x00, 0x16, 0x00, 0x00, 0x00, 0x00, 0x00, 0xc8, 0x05, 0x14, 0x00, 0x07,
  0x00, 0x0f, 0x00, 0x17, 0x00, 0x1f, 0x00, 0x27, 0x00, 0x2f, 0x00, 0x37,
  0x00, 0x3f, 0x00, 0x47, 0x00, 0x4f, 0x00, 0x57, 0x00, 0x5f, 0x00, 0x67,
  0x00, 0x6f, 0x00, 0x77, 0x00, 0x7f, 0x00, 0x87, 0x00, 0x8f, 0x00, 0x97,
  0x00, 0x9f, 0x00, 0xa7, 0x00, 0xaf, 0x00, 0x00, 0x3c, 0x01, 0x36, 0x32,
  0x16, 0x14, 0x06, 0x22, 0x36, 0x34, 0x36, 0x32, 0x16, 0x14, 0x06, 0x22,
  0x26, 0x34, 0x36, 0x32, 0x16, 0x14, 0x06, 0x22, 0x02, 0x34, 0x36, 0x32,
  0x16, 0x14, 0x06, 0x22, 0x26, 0x34, 0x36, 0x32, 0x16, 0x14, 0x06, 0x22,
  0x26, 0x34, 0x36, 0x32, 0x16, 0x14, 0x06, 0x22, 0x26, 0x34, 0x36, 0x32,
  0x16, 0x14, 0x06, 0x22, 0x26, 0x34, 0x36, 0x32, 0x16, 0x14, 0x06, 0x22,
  0x26, 0x34, 0x36, 0x32, 0x16, 0x14, 0x06, 0x22, 0x26, 0x34, 0x36, 0x32,
  0x16, 0x14, 0x06, 0x22, 0x26, 0x34, 0x36, 0x32, 0x16, 0x14, 0x06, 0x22,
  0x26, 0x34, 0x36, 0x32, 0x16, 0x14, 0x06, 0x22, 0x26, 0x34, 0x36, 0x32,
  0x16, 0x14, 0x06, 0x22, 0x06, 0x34, 0x36, 0x32, 0x16, 0x14, 0x06, 0x22,
  0x06, 0x34, 0x36, 0x32, 0x16, 0x14, 0x06, 0x22, 0x06, 0x34, 0x36, 0x32,
  0x16, 0x14, 0x06, 0x22, 0x06, 0x34, 0x36, 0x32, 0x16, 0x14, 0x06, 0x22,
  0x06, 0x34, 0x36, 0x32, 0x16, 0x14, 0x06, 0x22, 0x06, 0x34, 0x36, 0x32,
  0x16, 0x14, 0x06, 0x22, 0x06, 0x34, 0x36, 0x32, 0x16, 0x14, 0x06, 0x22,
  0x06, 0x34, 0x36, 0x32, 0x16, 0x14, 0x06, 0x22, 0x02, 0x34, 0x36, 0x32,
  0x16, 0x14, 0x06, 0x22, 0x1d, 0x2a, 0x1d, 0x1d, 0x2a, 0x47, 0x1d, 0x2a,
  0x1d, 0x1d, 0x2a, 0x1d, 0x1d, 0x2a, 0x1d, 0x1d, 0x2a, 0x1d, 0x1d, 0x2a,
  0x1d, 0x1d, 0x2a, 0x1d, 0x1d, 0x2a, 0x1d, 0x1d, 0x2a, 0x1d, 0x1d, 0x2a,
  0x1d, 0x1d, 0x2a, 0x1d, 0x1d, 0x2a, 0x1d, 0x1d, 0x2a, 0x1d, 0x1d, 0x2a,
  0x1d, 0x1d, 0x2a, 0x1d, 0x1d, 0x2a, 0x1d, 0x1d, 0x2a, 0x1d, 0x1d, 0x2a,
  0x1d, 0x1d, 0x2a, 0x1d, 0x1d, 0x2a, 0x1d, 0x1d, 0x2a, 0x1d, 0x1d, 0x2a,
  0x1d, 0x1d, 0x2a, 0x81, 0x1d, 0x2a, 0x1d, 0x1d, 0x2a, 0x1d, 0x1d, 0x2a,
  0x1d, 0x1d, 0x2a, 0x1d, 0x1d, 0x2a, 0x1d, 0x1d, 0x2a, 0x1d, 0x1d, 0x2a,
  0x1d, 0x1d, 0x2a, 0x1d, 0x1d, 0x2a, 0x1d, 0x1d, 0x2a, 0x1d, 0x1d, 0x2a,
  0x1d, 0x1d, 0x2a, 0x1d, 0x1d, 0x2a, 0x1d, 0x1d, 0x2a, 0x1d, 0x1d, 0x2a,
  0x1d, 0x1d, 0x2a, 0x1d, 0x1d, 0x2a, 0x1d, 0x1d, 0x2a, 0x1d, 0x1d, 0x2a,
  0x1d, 0x1d, 0x2a, 0x1d, 0x2a, 0x1d, 0x1d, 0x2a, 0x1d, 0x1d, 0x2a, 0x1d,
  0x1d, 0x2a, 0x1d, 0x81, 0x2a, 0x1d, 0x1d, 0x2a, 0x1d, 0x01, 0x49, 0x2a,
  0x1d, 0x1d, 0x2a, 0x1d, 0x81, 0x2a, 0x1d, 0x1d, 0x2a, 0x1d, 0x81, 0x2a,
  0x1d, 0x1d, 0x2a, 0x1d, 0x81, 0x2a, 0x1d, 0x1d, 0x2a, 0x1d, 0x81, 0x2a,
  0x1d, 0x1d, 0x2a, 0x1d, 0x81, 0x2a, 0x1d, 0x1d, 0x2a, 0x1d, 0x81, 0x2a,
  0x1d, 0x1d, 0x2a, 0x1d, 0x81, 0x2a, 0x1d, 0x1d, 0x2a, 0x1d, 0x81, 0x2a,
  0x1d, 0x1d, 0x2a, 0x1d, 0x1d, 0x2a, 0x1d, 0x1d, 0x2a, 0x1d, 0x47, 0x2a,
  0x1d, 0x1d, 0x2a, 0x1d, 0x47, 0x2a, 0x1d, 0x1d, 0x2a, 0x1d, 0x47, 0x2a,
  0x1d, 0x1d, 0x2a, 0x1d, 0x47, 0x2a, 0x1d, 0x1d, 0x2a, 0x1d, 0x47, 0x2a,
  0x1d, 0x1d, 0x2a, 0x1d, 0x47, 0x2a, 0x1d, 0x1d, 0x2a, 0x1d, 0x47, 0x2a,
  0x1d, 0x1d, 0x2a, 0x1d, 0x47, 0x2a, 0x1d, 0x1d, 0x2a, 0x1d, 0xfe, 0xf1,
  0x2a, 0x1d, 0x1d, 0x2a, 0x1d, 0x00, 0x00, 0x00, 0x00, 0x56, 0x00, 0x00,
  0x00, 0x00, 0x04, 0x4c, 0x05, 0x14, 0x00, 0x07, 0x00, 0x0f, 0x00, 0x17,
  0x00, 0x1f, 0x00, 0x27, 0x00, 0x2f, 0x00, 0x37, 0x00, 0x3f, 0x00, 0x47,
  0x00, 0x4f, 0x00, 0x57, 0x00, 0x5f, 0x00, 0x67, 0x00, 0x6f, 0x00, 0x77,
  0x00, 0x7f, 0x00, 0x87, 0x00, 0x8f, 0x00, 0x97, 0x00, 0x9f, 0x00, 0xa7,
  0x00, 0xaf, 0x00, 0xb7, 0x00, 0xbf, 0x00, 0xc7, 0x00, 0xcf, 0x00, 0xd7,
  0x00, 0xdf, 0x00, 0xe7, 0x00, 0xef, 0x00, 0xf7, 0x00, 0xff, 0x01, 0x07,
  0x01, 0x0f, 0x01, 0x17, 0x01, 0x1f, 0x01, 0x27, 0x01, 0x2f, 0x01, 0x37,
  0x01, 0x3f, 0x01, 0x47, 0x01, 0x4f, 0x01, 0x57, 0x01, 0x5f, 0x01, 0x67,
  0x01, 0x6f, 0x01, 0x77, 0x01, 0x7f, 0x01, 0x87, 0x01, 0x8f, 0x01, 0x97,
  0x01, 0x9f, 0x01, 0xa7, 0x01, 0xaf, 0x01, 0xb7, 0x01, 0xbf, 0x01, 0xc7,
  0x01, 0xcf, 0x01, 0xd7, 0x01, 0xdf, 0x01, 0xe7, 0x01, 0xef, 0x01, 0xf7,
  0x01, 0xff, 0x02, 0x07, 0x02, 0x0f, 0x02, 0x17, 0x02, 0x1f, 0x02, 0x27,
  0x02, 0x2f, 0x02, 0x37, 0x02, 0x3f, 0x02, 0x47, 0x02, 0x4f, 0x02, 0x57,
  0x02, 0x5f, 0x02, 0x67, 0x02, 0x6f, 0x02, 0x77, 0x02, 0x7f, 0x02, 0x87,
  0x02, 0x8f, 0x02, 0x97, 0x02, 0x9f, 0x02, 0xa7, 0x02, 0xaf, 0x00, 0x00,
  0x24, 0x34, 0x36, 0x32, 0x16, 0x14, 0x06, 0x22, 0x26, 0x34, 0x36, 0x32,
  0x16, 0x14, 0x06, 0x22, 0x26, 0x34, 0x36, 0x32, 0x16, 0x14, 0x06, 0x22,
  0x06, 0x34, 0x36, 0x32, 0x16, 0x14, 0x06, 0x22, 0x36, 0x34, 0x36, 0x32,
  0x16, 0x14, 0x06, 0x22, 0x26, 0x34, 0x36, 0x32, 0x16, 0x14, 0x06, 0x22,
  0x26, 0x34, 0x36, 0x32, 0x16, 0x14, 0x06, 0x22, 0x26, 0x34, 0x36, 0x32,
  0x16, 0x14, 0x06, 0x22, 0x26, 0x34, 0x36, 0x32, 0x16, 0x14, 0x06, 0x22,
  0x06, 0x34, 0x36, 0x32, 0x16, 0x14, 0x06, 0x22, 0x06, 0x34, 0x36, 0x32,
  0x16, 0x14, 0x06, 0x22, 0x06, 0x34, 0x36, 0x32, 0x16, 0x14, 0x06, 0x22,
  0x26, 0x34, 0x36, 0x32, 0x16, 0x14, 0x06, 0x22, 0x26, 0x34, 0x36, 0x32,
  0x16, 0x14, 0x06, 0x22, 0x26, 0x34, 0x36, 0x32, 0x16, 0x14, 0x06, 0x22,
  0x06, 0x34, 0x36, 0x32, 0x16, 0x14, 0x06, 0x22, 0x36, 0x34, 0x36, 0x32,
  0x16, 0x14, 0x06, 0x22, 0x06, 0x34, 0x36, 0x32, 0x16, 0x14, 0x06, 0x22,
  0x26, 0x34, 0x36, 0x32, 0x16, 0x14, 0x06, 0x22, 0x36, 0x34, 0x36, 0x32,
  0x16, 0x14, 0x06, 0x22, 0x26, 0x34, 0x36, 0x32, 0x16, 0x14, 0x06, 0x22,
  0x26, 0x34, 0x36, 0x32, 0x16, 0x14, 0x06, 0x22, 0x36, 0x34, 0x36, 0x32,
  0x16, 0x14, 0x06, 0x22, 0x26, 0x34, 0x36, 0x32, 0x16, 0x14, 0x06, 0x22,
  0x26, 0x34, 0x36, 0x32, 0x16, 0x14, 0x06, 0x22, 0x00, 0x34, 0x36, 0x32,
  0x16, 0x14, 0x06, 0x22, 0x06, 0x34, 0x36, 0x32, 0x16, 0x14, 0x06, 0x22,
  0x26, 0x34, 0x36, 0x32, 0x16, 0x14, 0x06, 0x22, 0x26, 0x34, 0x36, 0x32,
  0x16, 0x14, 0x06, 0x22, 0x24, 0x34, 0x36, 0x32, 0x16, 0x14, 0x06, 0x22,
  0x26, 0x34, 0x36, 0x32, 0x16, 0x14, 0x06, 0x22, 0x26, 0x34, 0x36, 0x32,
  0x16, 0x14, 0x06, 0x22, 0x26, 0x34, 0x36, 0x32, 0x16, 0x14, 0x06, 0x22,
  0x26, 0x34, 0x36, 0x32, 0x16, 0x14, 0x06, 0x22, 0x06, 0x34, 0x36, 0x32,
  0x16, 0x14, 0x06, 0x22, 0x16, 0x34, 0x36, 0x32, 0x16, 0x14, 0x06, 0x22,
  0x02, 0x34, 0x36, 0x32, 0x16, 0x14, 0x06, 0x22, 0x06, 0x34, 0x36, 0x32,
  0x16, 0x14, 0x06, 0x22, 0x36, 0x34, 0x36, 0x32, 0x16, 0x14, 0x06, 0x22,
  0x26, 0x34, 0x36, 0x32, 0x16, 0x14, 0x06, 0x22, 0x26, 0x34, 0x36, 0x32,
  0x16, 0x14, 0x06, 0x22, 0x06, 0x34, 0x36, 0x32, 0x16, 0x14, 0x06, 0x22,
  0x26, 0x34, 0x36, 0x32, 0x16, 0x14, 0x06, 0x22, 0x06, 0x34, 0x36, 0x32,
  0x16, 0x14, 0x06, 0x22, 0x06, 0x34, 0x36, 0x32, 0x16, 0x14, 0x06, 0x22,
  0x06, 0x34, 0x36, 0x32, 0x16, 0x14, 0x06, 0x22, 0x00, 0x34, 0x36, 0x32,
  0x16, 0x14, 0x06, 0x22, 0x26, 0x34, 0x36, 0x32, 0x16, 0x14, 0x06, 0x22,
  0x26, 0x34, 0x36, 0x32, 0x16, 0x14, 0x06, 0x22, 0x36, 0x34, 0x36, 0x32,
  0x16, 0x14, 0x06, 0x22, 0x26, 0x34, 0x36, 0x32, 0x16, 0x14, 0x06, 0x22,
  0x26, 0x34, 0x36, 0x32, 0x16, 0x14, 0x06, 0x22, 0x26, 0x34, 0x36, 0x32,
  0x16, 0x14, 0x06, 0x22, 0x26, 0x34, 0x36, 0x32, 0x16, 0x14, 0x06, 0x22,
  0x36, 0x34, 0x36, 0x32, 0x16, 0x14, 0x06, 0x22, 0x24, 0x34, 0x36, 0x32,
  0x16, 0x14, 0x06, 0x22, 0x26, 0x34, 0x36, 0x32, 0x16, 0x14, 0x06, 0x22,
  0x26, 0x34, 0x36, 0x32, 0x16, 0x14, 0x06, 0x22, 0x26, 0x34, 0x36, 0x32,
  0x16, 0x14, 0x06, 0x22, 0x06, 0x34, 0x36, 0x32, 0x16, 0x14, 0x06, 0x22,
  0x26, 0x34, 0x36, 0x32, 0x16, 0x14, 0x06, 0x22, 0x06, 0x34, 0x36, 0x32,
  0x16, 0x14, 0x06, 0x22, 0x26, 0x34, 0x36, 0x32, 0x16, 0x14, 0x06, 0x22,
  0x36, 0x34, 0x36, 0x32, 0x16, 0x14, 0x06, 0x22, 0x36, 0x34, 0x36, 0x32,
  0x16, 0x14, 0x06, 0x22, 0x36, 0x34, 0x36, 0x32, 0x16, 0x14, 0x06, 0x22,
  0x06, 0x34, 0x36, 0x32, 0x16, 0x14, 0x06, 0x22, 0x36, 0x34, 0x36, 0x32,
  0x16, 0x14, 0x06, 0x22, 0x06, 0x34, 0x36, 0x32, 0x16, 0x14, 0x06, 0x22,
  0x36, 0x34, 0x36, 0x32, 0x16, 0x14, 0x06, 0x22, 0x06, 0x34, 0x36, 0x32,
  0x16, 0x14, 0x06, 0x22, 0x26, 0x34, 0x36, 0x32, 0x16, 0x14, 0x06, 0x22,
  0x26, 0x34, 0x36, 0x32, 0x16, 0x14, 0x06, 0x22, 0x02, 0x34, 0x36, 0x32,
  0x16, 0x14, 0x06, 0x22, 0x06, 0x34, 0x36, 0x32, 0x16, 0x14, 0x06, 0x22,
  0x36, 0x34, 0x36, 0x32, 0x16, 0x14, 0x06, 0x22, 0x26, 0x34, 0x36, 0x32,
  0x16, 0x14, 0x06, 0x22, 0x26, 0x34, 0x36, 0x32, 0x16, 0x14, 0x06, 0x22,
  0x24, 0x34, 0x36, 0x32, 0x16, 0x14, 0x06, 0x22, 0x00, 0x34, 0x36, 0x32,
  0x16, 0x14, 0x06, 0x22, 0x26, 0x34, 0x36, 0x32, 0x16, 0x14, 0x06, 0x22,
  0x24, 0x34, 0x36, 0x32, 0x16, 0x14, 0x06, 0x22, 0x06, 0x34, 0x36, 0x32,
  0x16, 0x14, 0x06, 0x22, 0x26, 0x34, 0x36, 0x32, 0x16, 0x14, 0x06, 0x22,
  0x26, 0x34, 0x36, 0x32, 0x16, 0x14, 0x06, 0x22, 0x24, 0x34, 0x36, 0x32,
  0x16, 0x14, 0x06, 0x22, 0x03, 0x84, 0x1d, 0x2a, 0x1d, 0x1d, 0x2a, 0x1d,
  0x1d, 0x2a, 0x1d, 0x1d, 0x2a, 0x81, 0x1d, 0x2a, 0x1d, 0x1d, 0x2a, 0x1d,
  0x1d, 0x2a, 0x1d, 0x1d, 0x2a, 0xab, 0x1d, 0x2a, 0x1d, 0x1d, 0x2a, 0x1d,
  0x1d, 0x2a, 0x1d, 0x1d, 0x2a, 0x1d, 0x1d, 0x2a, 0x1d, 0x1d, 0x2a, 0x1d,
  0x1d, 0x2a, 0x1d, 0x1d, 0x2a, 0x81, 0x1d, 0x2a, 0x1d, 0x1d, 0x2a, 0x1d,
  0x1d, 0x2a, 0x1d, 0x1d, 0x2a, 0x1d, 0x1d, 0x2a, 0x1d, 0x1d, 0x2a, 0x1d,
  0x1d, 0x2a, 0x1d, 0x1d, 0x2a, 0xe5, 0x1d, 0x2a, 0x1d, 0x1d, 0x2a, 0x1d,
  0x1d, 0x2a, 0x1d, 0x1d, 0x2a, 0x81, 0x1d, 0x2a, 0x1d, 0x1d, 0x2a, 0x1d,
  0x1d, 0x2a, 0x1d, 0x1d, 0x2a, 0xab, 0x1d, 0x2a, 0x1d, 0x1d, 0x2a, 0x81,
  0x1d, 0x2a, 0x1d, 0x1d, 0x2a, 0xe5, 0x1d, 0x2a, 0x1d, 0x1d, 0x2a, 0x47,
  0x1d, 0x2a, 0x1d, 0x1d, 0x2a, 0x81, 0x1d, 0x2a, 0x1d, 0x1d, 0x2a, 0x81,
  0x1d, 0x2a, 0x1d, 0x1d, 0x2a, 0x47, 0x1d, 0x2a, 0x1d, 0x1d, 0x2a, 0x81,
  0x1d, 0x2a, 0x1d, 0x1d, 0x2a, 0x81, 0x1d, 0x2a, 0x1d, 0x1d, 0x2a, 0x01,
  0x73, 0x1d, 0x2a, 0x1d, 0x1d, 0x2a, 0xe5, 0x1d, 0x2a, 0x1d, 0x1d, 0x2a,
  0x81, 0x1d, 0x2a, 0x1d, 0x1d, 0x2a, 0x81, 0x1d, 0x2a, 0x1d, 0x1d, 0x2a,
  0x01, 0x0f, 0x1d, 0x2a, 0x1d, 0x1d, 0x2a, 0x81, 0x1d, 0x2a, 0x1d, 0x1d,
  0x2a, 0x81, 0x1d, 0x2a, 0x1d, 0x1d, 0x2a, 0xe5, 0x1d, 0x2a, 0x1d, 0x1d,
  0x2a, 0x81, 0x1d, 0x2a, 0x1d, 0x1d, 0x2a, 0x1d, 0x1d, 0x2a, 0x1d, 0x1d,
  0x2a, 0x47, 0x1d, 0x2a, 0x1d, 0x1d, 0x2a, 0x81, 0x1d, 0x2a, 0x1d, 0x1d,
  0x2a, 0x1d, 0x1d, 0x2a, 0x1d, 0x1d, 0x2a, 0x47, 0x1d, 0x2a, 0x1d, 0x1d,
  0x2a, 0x1d, 0x1d, 0x2a, 0x1d, 0x1d, 0x2a, 0x81, 0x1d, 0x2a, 0x1d, 0x1d,
  0x2a, 0x1d, 0x1d, 0x2a, 0x1d, 0x1d, 0x2a, 0x81, 0x1d, 0x2a, 0x1d, 0x1d,
  0x2a, 0x1d, 0x1d, 0x2a, 0x1d, 0x1d, 0x2a, 0x1d, 0x1d, 0x2a, 0x1d, 0x1d,
  0x2a, 0x1d, 0x1d, 0x2a, 0x1d, 0x1d, 0x2a, 0x01, 0x0f, 0x1d, 0x2a, 0x1d,
  0x1d, 0x2a, 0x81, 0x1d, 0x2a, 0x1d, 0x1d, 0x2a, 0x81, 0x1d, 0x2a, 0x1d,
  0x1d, 0x2a, 0x47, 0x1d, 0x2a, 0x1d, 0x1d, 0x2a, 0x81, 0x1d, 0x2a, 0x1d,
  0x1d, 0x2a, 0x81, 0x1d, 0x2a, 0x1d, 0x1d, 0x2a, 0x1d, 0x1d, 0x2a, 0x1d,
  0x1d, 0x2a, 0x1d, 0x1d, 0x2a, 0x1d, 0x1d, 0x2a, 0xab, 0x1d, 0x2a, 0x1d,
  0x1d, 0x2a, 0x01, 0x0f, 0x1d, 0x2a, 0x1d, 0x1d, 0x2a, 0x81, 0x1d, 0x2a,
  0x1d, 0x1d, 0x2a, 0x81, 0x1d, 0x2a, 0x1d, 0x1d, 0x2a, 0x81, 0x1d, 0x2a,
  0x1d, 0x1d, 0x2a, 0x1d, 0x1d, 0x2a, 0x1d, 0x1d, 0x2a, 0x81, 0x1d, 0x2a,
  0x1d, 0x1d, 0x2a, 0x1d, 0x1d, 0x2a, 0x1d, 0x1d, 0x2a, 0x1d, 0x1d, 0x2a,
  0x1d, 0x1d, 0x2a, 0xab, 0x1d, 0x2a, 0x1d, 0x1d, 0x2a, 0x47, 0x1d, 0x2a,
  0x1d, 0x1d, 0x2a, 0x47, 0x1d, 0x2a, 0x1d, 0x1d, 0x2a, 0x1d, 0x1d, 0x2a,
  0x1d, 0x1d, 0x2a, 0x47, 0x1d, 0x2a, 0x1d, 0x1d, 0x2a, 0x1d, 0x1d, 0x2a,
  0x1d, 0x1d, 0x2a, 0x47, 0x1d, 0x2a, 0x1d, 0x1d, 0x2a, 0x1d, 0x1d, 0x2a,
  0x1d, 0x1d, 0x2a, 0x1d, 0x1d, 0x2a, 0x1d, 0x1d, 0x2a, 0x81, 0x1d, 0x2a,
  0x1d, 0x1d, 0x2a, 0x81, 0x1d, 0x2a, 0x1d, 0x1d, 0x2a, 0x1d, 0x1d, 0x2a,
  0x1d, 0x1d, 0x2a, 0x47, 0x1d, 0x2a, 0x1d, 0x1d, 0x2a, 0xe5, 0x1d, 0x2a,
  0x1d, 0x1d, 0x2a, 0x81, 0x1d, 0x2a, 0x1d, 0x1d, 0x2a, 0x01, 0x0f, 0x1d,
  0x2a, 0x1d, 0x1d, 0x2a, 0xfe, 0xb7, 0x1d, 0x2a, 0x1d, 0x1d, 0x2a, 0x81,
  0x1d, 0x2a, 0x1d, 0x1d, 0x2a, 0x03, 0x03, 0x1d, 0x2a, 0x1d, 0x1d, 0x2a,
  0x81, 0x1d, 0x2a, 0x1d, 0x1d, 0x2a, 0xe5, 0x1d, 0x2a, 0x1d, 0x1d, 0x2a,
  0x81, 0x1d, 0x2a, 0x1d, 0x1d, 0x2a, 0x01, 0x73, 0x1d, 0x2a, 0x1d, 0x1d,
  0x2a, 0x81, 0x2a, 0x1d, 0x1d, 0x2a, 0x1d, 0x81, 0x2a, 0x1d, 0x1d, 0x2a,
  0x1d, 0x1d, 0x2a, 0x1d, 0x1d, 0x2a, 0x1d, 0x47, 0x2a, 0x1d, 0x1d, 0x2a,
  0x1d, 0xe5, 0x2a, 0x1d, 0x1d, 0x2a, 0x1d, 0x81, 0x2a, 0x1d, 0x1d, 0x2a,
  0x1d, 0x81, 0x2a, 0x1d, 0x1d, 0x2a, 0x1d, 0x81, 0x2a, 0x1d, 0x1d, 0x2a,
  0x1d, 0x1d, 0x2a, 0x1d, 0x1d, 0x2a, 0x1d, 0x47, 0x2a, 0x1d, 0x1d, 0x2a,
  0x1d, 0x47, 0x2a, 0x1d, 0x1d, 0x2a, 0x1d, 0x47, 0x2a, 0x1d, 0x1d, 0x2a,
  0x1d, 0x1d, 0x2a, 0x1d, 0x1d, 0x2a, 0x1d, 0x81, 0x2a, 0x1d, 0x1d, 0x2a,
  0x1d, 0x1d, 0x2a, 0x1d, 0x1d, 0x2a, 0x1d, 0x47, 0x2a, 0x1d, 0x1d, 0x2a,
  0x1d, 0x1d, 0x2a, 0x1d, 0x1d, 0x2a, 0x1d, 0x47, 0x2a, 0x1d, 0x1d, 0x2a,
  0x1d, 0xe5, 0x2a, 0x1d, 0x1d, 0x2a, 0x1d, 0x81, 0x2a, 0x1d, 0x1d, 0x2a,
  0x1d, 0x1d, 0x2a, 0x1d, 0x1d, 0x2a, 0x1d, 0x1d, 0x2a, 0x1d, 0x1d, 0x2a,
  0x1d, 0x81, 0x2a, 0x1d, 0x1d, 0x2a, 0x1d, 0x1d, 0x2a, 0x1d, 0x1d, 0x2a,
  0x1d, 0x1d, 0x2a, 0x1d, 0x1d, 0x2a, 0x1d, 0xfe, 0x29, 0x2a, 0x1d, 0x1d,
  0x2a, 0x1d, 0x47, 0x2a, 0x1d, 0x1d, 0x2a, 0x1d, 0x1d, 0x2a, 0x1d, 0x1d,
  0x2a, 0x1d, 0x1d, 0x2a, 0x1d, 0x1d, 0x2a, 0x1d, 0x81, 0x2a, 0x1d, 0x1d,
  0x2a, 0x1d, 0x1d, 0x2a, 0x1d, 0x1d, 0x2a, 0x1d, 0x1d, 0x2a, 0x1d, 0x1d,
  0x2a, 0x1d, 0x81, 0x2a, 0x1d, 0x1d, 0x2a, 0x1d, 0x1d, 0x2a, 0x1d, 0x1d,
  0x2a, 0x1d, 0x47, 0x2a, 0x1d, 0x1d, 0x2a, 0x1d, 0x47, 0x2a, 0x1d, 0x1d,
  0x2a, 0x1d, 0x01, 0xad, 0x2a, 0x1d, 0x1d, 0x2a, 0x1d, 0x47, 0x2a, 0x1d,
  0x1d, 0x2a, 0x1d, 0xe5, 0x2a, 0x1d, 0x1d, 0x2a, 0x1d, 0x81, 0x2a, 0x1d,
  0x1d, 0x2a, 0x1d, 0x1d, 0x2a, 0x1d, 0x1d, 0x2a, 0x1d, 0x47, 0x2a, 0x1d,
  0x1d, 0x2a, 0x1d, 0x1d, 0x2a, 0x1d, 0x1d, 0x2a, 0x1d, 0x47, 0x2a, 0x1d,
  0x1d, 0x2a, 0x1d, 0x47, 0x2a, 0x1d, 0x1d, 0x2a, 0x1d, 0x47, 0x2a, 0x1d,
  0x1d, 0x2a, 0x1d, 0x02, 0x11, 0x2a, 0x1d, 0x1d, 0x2a, 0x1d, 0x1d, 0x2a,
  0x1d, 0x1d, 0x2a, 0x1d, 0x1d, 0x2a, 0x1d, 0x1d, 0x2a, 0x1d, 0x81, 0x2a,
  0x1d, 0x1d, 0x2a, 0x1d, 0x1d, 0x2a, 0x1d, 0x1d, 0x2a, 0x1d, 0x1d, 0x2a,
  0x1d, 0x1d, 0x2a, 0x1d, 0x81, 0x2a, 0x1d, 0x1d, 0x2a, 0x1d, 0x81, 0x2a,
  0x1d, 0x1d, 0x2a, 0x1d, 0x81, 0x2a, 0x1d, 0x1d, 0x2a, 0x1d, 0x81, 0x2a,
  0x1d, 0x1d, 0x2a, 0x1d, 0x1d, 0x2a, 0x1d, 0x1d, 0x2a, 0x1d, 0x1d, 0x2a,
  0x1d, 0x1d, 0x2a, 0x1d, 0x1d, 0x2a, 0x1d, 0x1d, 0x2a, 0x1d, 0xab, 0x2a,
  0x1d, 0x1d, 0x2a, 0x1d, 0x1d, 0x2a, 0x1d, 0x1d, 0x2a, 0x1d, 0x47, 0x2a,
  0x1d, 0x1d, 0x2a, 0x1d, 0xe5, 0x2a, 0x1d, 0x1d, 0x2a, 0x1d, 0x1d, 0x2a,
  0x1d, 0x1d, 0x2a, 0x1d, 0x1d, 0x2a, 0x1d, 0x1d, 0x2a, 0x1d, 0x1d, 0x2a,
  0x1d, 0x1d, 0x2a, 0x1d, 0x47, 0x2a, 0x1d, 0x1d, 0x2a, 0x1d, 0x1d, 0x2a,
  0x1d, 0x1d, 0x2a, 0x1d, 0x47, 0x2a, 0x1d, 0x1d, 0x2a, 0x1d, 0x1d, 0x2a,
  0x1d, 0x1d, 0x2a, 0x1d, 0x47, 0x2a, 0x1d, 0x1d, 0x2a, 0x1d, 0xe5, 0x2a,
  0x1d, 0x1d, 0x2a, 0x1d, 0x81, 0x2a, 0x1d, 0x1d, 0x2a, 0x1d, 0xfe, 0xf1,
  0x2a, 0x1d, 0x1d, 0x2a, 0x1d, 0x47, 0x2a, 0x1d, 0x1d, 0x2a, 0x1d, 0x1d,
  0x2a, 0x1d, 0x1d, 0x2a, 0x1d, 0x1d, 0x2a, 0x1d, 0x1d, 0x2a, 0x1d, 0x1d,
  0x2a, 0x1d, 0x1d, 0x2a, 0x1d, 0x81, 0x2a, 0x1d, 0x1d, 0x2a, 0x1d, 0xfd,
  0x61, 0x2a, 0x1d, 0x1d, 0x2a, 0x1d, 0x1d, 0x2a, 0x1d, 0x1d, 0x2a, 0x1d,
  0x1d, 0x2a, 0x1d, 0x1d, 0x2a, 0x1d, 0x47, 0x2a, 0x1d, 0x1d, 0x2a, 0x1d,
  0x1d, 0x2a, 0x1d, 0x1d, 0x2a, 0x1d, 0x1d, 0x2a, 0x1d, 0x1d, 0x2a, 0x1d,
  0x1d, 0x2a, 0x1d, 0x1d, 0x2a, 0x1d, 0x00, 0x00, 0x00, 0x06, 0x00, 0x00,
  0x03, 0x84, 0x00, 0xc8, 0x05, 0x14, 0x00, 0x07, 0x00, 0x0f, 0x00, 0x17,
  0x00, 0x1f, 0x00, 0x27, 0x00, 0x2f, 0x00, 0x00, 0x10, 0x34, 0x36, 0x32,
  0x16, 0x14, 0x06, 0x22, 0x36, 0x34, 0x36, 0x32, 0x16, 0x14, 0x06, 0x22,
  0x06, 0x34, 0x36, 0x32, 0x16, 0x14, 0x06, 0x22, 0x06, 0x34, 0x36, 0x32,
  0x16, 0x14, 0x06, 0x22, 0x12, 0x34, 0x36, 0x32, 0x16, 0x14, 0x06, 0x22,
  0x26, 0x34, 0x36, 0x32, 0x16, 0x14, 0x06, 0x22, 0x1d, 0x2a, 0x1d, 0x1d,
  0x2a, 0x47, 0x1d, 0x2a, 0x1d, 0x1d, 0x2a, 0x1d, 0x1d, 0x2a, 0x1d, 0x1d,
  0x2a, 0x81, 0x1d, 0x2a, 0x1d, 0x1d, 0x2a, 0x47, 0x1d, 0x2a, 0x1d, 0x1d,
  0x2a, 0x81, 0x1d, 0x2a, 0x1d, 0x1d, 0x2a, 0x04, 0x69, 0x2a, 0x1d, 0x1d,
  0x2a, 0x1d, 0x1d, 0x2a, 0x1d, 0x1d, 0x2a, 0x1d, 0x47, 0x2a, 0x1d, 0x1d,
  0x2a, 0x1d, 0x47, 0x2a, 0x1d, 0x1d, 0x2a, 0x1d, 0x01, 0x49, 0x2a, 0x1d,
  0x1d, 0x2a, 0x1d, 0x1d, 0x2a, 0x1d, 0x1d, 0x2a, 0x1d, 0x00, 0x00, 0x00,
  0x00, 0x06, 0x00, 0x00, 0xff, 0x38, 0x00, 0xc8, 0x00, 0xc8, 0x00, 0x07,
  0x00, 0x0f, 0x00, 0x17, 0x00, 0x1f, 0x00, 0x27, 0x00, 0x2f, 0x00, 0x00,
  0x3c, 0x01, 0x36, 0x32, 0x16, 0x14, 0x06, 0x22, 0x36, 0x34, 0x36, 0x32,
  0x16, 0x14, 0x06, 0x22, 0x06, 0x34, 0x36, 0x32, 0x16, 0x14, 0x06, 0x22,
  0x06, 0x34, 0x36, 0x32, 0x16, 0x14, 0x06, 0x22, 0x12, 0x34, 0x36, 0x32,
  0x16, 0x14, 0x06, 0x22, 0x26, 0x34, 0x36, 0x32, 0x16, 0x14, 0x06, 0x22,
  0x1d, 0x2a, 0x1d, 0x1d, 0x2a, 0x47, 0x1d, 0x2a, 0x1d, 0x1d, 0x2a, 0x1d,
  0x1d, 0x2a, 0x1d, 0x1d, 0x2a, 0x81, 0x1d, 0x2a, 0x1d, 0x1d, 0x2a, 0x47,
  0x1d, 0x2a, 0x1d, 0x1d, 0x2a, 0x81, 0x1d, 0x2a, 0x1d, 0x1d, 0x2a, 0x1d,
  0x2a, 0x1d, 0x1d, 0x2a, 0x1d, 0x1d, 0x2a, 0x1d, 0x1d, 0x2a, 0x1d, 0x47,
  0x2a, 0x1d, 0x1d, 0x2a, 0x1d, 0x47, 0x2a, 0x1d, 0x1d, 0x2a, 0x1d, 0x01,
  0x49, 0x2a, 0x1d, 0x1d, 0x2a, 0x1d, 0x1d, 0x2a, 0x1d, 0x1d, 0x2a, 0x1d,
  0x00, 0x0a, 0x00, 0x00, 0x01, 0x90, 0x01, 0xf4, 0x02, 0x58, 0x00, 0x07,
  0x00, 0x0f, 0x00, 0x17, 0x00, 0x1f, 0x00, 0x27, 0x00, 0x2f, 0x00, 0x37,
  0x00, 0x3f, 0x00, 0x47, 0x00, 0x4f, 0x00, 0x00, 0x10, 0x34, 0x36, 0x32,
  0x16, 0x14, 0x06, 0x22, 0x36, 0x34, 0x36, 0x32, 0x16, 0x14, 0x06, 0x22,
  0x36, 0x34, 0x36, 0x32, 0x16, 0x14, 0x06, 0x22, 0x36, 0x34, 0x36, 0x32,
  0x16, 0x14, 0x06, 0x22, 0x36, 0x34, 0x36, 0x32, 0x16, 0x14, 0x06, 0x22,
  0x26, 0x34, 0x36, 0x32, 0x16, 0x14, 0x06, 0x22, 0x26, 0x34, 0x36, 0x32,
  0x16, 0x14, 0x06, 0x22, 0x26, 0x34, 0x36, 0x32, 0x16, 0x14, 0x06, 0x22,
  0x26, 0x34, 0x36, 0x32, 0x16, 0x14, 0x06, 0x22, 0x26, 0x34, 0x36, 0x32,
  0x16, 0x14, 0x06, 0x22, 0x1d, 0x2a, 0x1d, 0x1d, 0x2a, 0x47, 0x1d, 0x2a,
  0x1d, 0x1d, 0x2a, 0x47, 0x1d, 0x2a, 0x1d, 0x1d, 0x2a, 0x47, 0x1d, 0x2a,
  0x1d, 0x1d, 0x2a, 0x47, 0x1d, 0x2a, 0x1d, 0x1d, 0x2a, 0x1d, 0x1d, 0x2a,
  0x1d, 0x1d, 0x2a, 0x81, 0x1d, 0x2a, 0x1d, 0x1d, 0x2a, 0x81, 0x1d, 0x2a,
  0x1d, 0x1d, 0x2a, 0x81, 0x1d, 0x2a, 0x1d, 0x1d, 0x2a, 0x81, 0x1d, 0x2a,
  0x1d, 0x1d, 0x2a, 0x01, 0xad, 0x2a, 0x1d, 0x1d, 0x2a, 0x1d, 0x1d, 0x2a,
  0x1d, 0x1d, 0x2a, 0x1d, 0x1d, 0x2a, 0x1d, 0x1d, 0x2a, 0x1d, 0x1d, 0x2a,
  0x1d, 0x1d, 0x2a, 0x1d, 0x1d, 0x2a, 0x1d, 0x1d, 0x2a, 0x1d, 0x81, 0x2a,
  0x1d, 0x1d, 0x2a, 0x1d, 0x1d, 0x2a, 0x1d, 0x1d, 0x2a, 0x1d, 0x1d, 0x2a,
  0x1d, 0x1d, 0x2a, 0x1d, 0x1d, 0x2a, 0x1d, 0x1d, 0x2a, 0x1d, 0x1d, 0x2a,
  0x1d, 0x1d, 0x2a, 0x1d, 0x00, 0x04, 0x00, 0x00, 0x00, 0x00, 0x00, 0xc8,
  0x00, 0xc8, 0x00, 0x07, 0x00, 0x0f, 0x00, 0x17, 0x00, 0x1f, 0x00, 0x00,
  0x3c, 0x01, 0x36, 0x32, 0x16, 0x14, 0x06, 0x22, 0x36, 0x34, 0x36, 0x32,
  0x16, 0x14, 0x06, 0x22, 0x26, 0x34, 0x36, 0x32, 0x16, 0x14, 0x06, 0x22,
  0x26, 0x34, 0x36, 0x32, 0x16, 0x14, 0x06, 0x22, 0x1d, 0x2a, 0x1d, 0x1d,
  0x2a, 0x47, 0x1d, 0x2a, 0x1d, 0x1d, 0x2a, 0x1d, 0x1d, 0x2a, 0x1d, 0x1d,
  0x2a, 0x81, 0x1d, 0x2a, 0x1d, 0x1d, 0x2a, 0x1d, 0x2a, 0x1d, 0x1d, 0x2a,
  0x1d, 0x1d, 0x2a, 0x1d, 0x1d, 0x2a, 0x1d, 0x81, 0x2a, 0x1d, 0x1d, 0x2a,
  0x1d, 0x1d, 0x2a, 0x1d, 0x1d, 0x2a, 0x1d, 0x00, 0x00, 0x1a, 0x00, 0x00,
  0x00, 0x00, 0x02, 0x58, 0x05, 0x14, 0x00, 0x07, 0x00, 0x0f, 0x00, 0x17,
  0x00, 0x1f, 0x00, 0x27, 0x00, 0x2f, 0x00, 0x37, 0x00, 0x3f, 0x00, 0x47,
  0x00, 0x4f, 0x00, 0x57, 0x00, 0x5f, 0x00, 0x67, 0x00, 0x6f, 0x00, 0x77,
  0x00, 0x7f, 0x00, 0x87, 0x00, 0x8f, 0x00, 0x97, 0x00, 0x9f, 0x00, 0xa7,
  0x00, 0xaf, 0x00, 0xb7, 0x00, 0xbf, 0x00, 0xc7, 0x00, 0xcf, 0x00, 0x00,
  0x00, 0x34, 0x36, 0x32, 0x16, 0x14, 0x06, 0x22, 0x36, 0x34, 0x36, 0x32,
  0x16, 0x14, 0x06, 0x22, 0x06, 0x34, 0x36, 0x32, 0x16, 0x14, 0x06, 0x22,
  0x36, 0x34, 0x36, 0x32, 0x16, 0x14, 0x06, 0x22, 0x06, 0x34, 0x36, 0x32,
  0x16, 0x14, 0x06, 0x22, 0x36, 0x34, 0x36, 0x32, 0x16, 0x14, 0x06, 0x22,
  0x06, 0x34, 0x36, 0x32, 0x16, 0x14, 0x06, 0x22, 0x36, 0x34, 0x36, 0x32,
  0x16, 0x14, 0x06, 0x22, 0x06, 0x34, 0x36, 0x32, 0x16, 0x14, 0x06, 0x22,
  0x36, 0x34, 0x36, 0x32, 0x16, 0x14, 0x06, 0x22, 0x06, 0x34, 0x36, 0x32,
  0x16, 0x14, 0x06, 0x22, 0x36, 0x34, 0x36, 0x32, 0x16, 0x14, 0x06, 0x22,
  0x06, 0x34, 0x36, 0x32, 0x16, 0x14, 0x06, 0x22, 0x36, 0x34, 0x36, 0x32,
  0x16, 0x14, 0x06, 0x22, 0x06, 0x34, 0x36, 0x32, 0x16, 0x14, 0x06, 0x22,
  0x36, 0x34, 0x36, 0x32, 0x16, 0x14, 0x06, 0x22, 0x06, 0x34, 0x36, 0x32,
  0x16, 0x14, 0x06, 0x22, 0x36, 0x34, 0x36, 0x32, 0x16, 0x14, 0x06, 0x22,
  0x06, 0x34, 0x36, 0x32, 0x16, 0x14, 0x06, 0x22, 0x36, 0x34, 0x36, 0x32,
  0x16, 0x14, 0x06, 0x22, 0x06, 0x34, 0x36, 0x32, 0x16, 0x14, 0x06, 0x22,
  0x36, 0x34, 0x36, 0x32, 0x16, 0x14, 0x06, 0x22, 0x00, 0x34, 0x36, 0x32,
  0x16, 0x14, 0x06, 0x22, 0x36, 0x34, 0x36, 0x32, 0x16, 0x14, 0x06, 0x22,
  0x06, 0x34, 0x36, 0x32, 0x16, 0x14, 0x06, 0x22, 0x36, 0x34, 0x36, 0x32,
  0x16, 0x14, 0x06, 0x22, 0x01, 0x2c, 0x1d, 0x2a, 0x1d, 0x1d, 0x2a, 0x47,
  0x1d, 0x2a, 0x1d, 0x1d, 0x2a, 0x81, 0x1d, 0x2a, 0x1d, 0x1d, 0x2a, 0x47,
  0x1d, 0x2a, 0x1d, 0x1d, 0x2a, 0x81, 0x1d, 0x2a, 0x1d, 0x1d, 0x2a, 0x47,
  0x1d, 0x2a, 0x1d, 0x1d, 0x2a, 0xe5, 0x1d, 0x2a, 0x1d, 0x1d, 0x2a, 0x47,
  0x1d, 0x2a, 0x1d, 0x1d, 0x2a, 0x81, 0x1d, 0x2a, 0x1d, 0x1d, 0x2a, 0x47,
  0x1d, 0x2a, 0x1d, 0x1d, 0x2a, 0x81, 0x1d, 0x2a, 0x1d, 0x1d, 0x2a, 0x47,
  0x1d, 0x2a, 0x1d, 0x1d, 0x2a, 0xe5, 0x1d, 0x2a, 0x1d, 0x1d, 0x2a, 0x47,
  0x1d, 0x2a, 0x1d, 0x1d, 0x2a, 0x81, 0x1d, 0x2a, 0x1d, 0x1d, 0x2a, 0x47,
  0x1d, 0x2a, 0x1d, 0x1d, 0x2a, 0x81, 0x1d, 0x2a, 0x1d, 0x1d, 0x2a, 0x47,
  0x1d, 0x2a, 0x1d, 0x1d, 0x2a, 0xe5, 0x1d, 0x2a, 0x1d, 0x1d, 0x2a, 0x47,
  0x1d, 0x2a, 0x1d, 0x1d, 0x2a, 0x81, 0x1d, 0x2a, 0x1d, 0x1d, 0x2a, 0x47,
  0x1d, 0x2a, 0x1d, 0x1d, 0x2a, 0x01, 0x0f, 0x1d, 0x2a, 0x1d, 0x1d, 0x2a,
  0x47, 0x1d, 0x2a, 0x1d, 0x1d, 0x2a, 0x81, 0x1d, 0x2a, 0x1d, 0x1d, 0x2a,
  0x47, 0x1d, 0x2a, 0x1d, 0x1d, 0x2a, 0x04, 0x05, 0x2a, 0x1d, 0x1d, 0x2a,
  0x1d, 0x1d, 0x2a, 0x1d, 0x1d, 0x2a, 0x1d, 0x47, 0x2a, 0x1d, 0x1d, 0x2a,
  0x1d, 0x1d, 0x2a, 0x1d, 0x1d, 0x2a, 0x1d, 0x47, 0x2a, 0x1d, 0x1d, 0x2a,
  0x1d, 0x1d, 0x2a, 0x1d, 0x1d, 0x2a, 0x1d, 0x47, 0x2a, 0x1d, 0x1d, 0x2a,
  0x1d, 0x1d, 0x2a, 0x1d, 0x1d, 0x2a, 0x1d, 0x47, 0x2a, 0x1d, 0x1d, 0x2a,
  0x1d, 0x1d, 0x2a, 0x1d, 0x1d, 0x2a, 0x1d, 0x47, 0x2a, 0x1d, 0x1d, 0x2a,
  0x1d, 0x1d, 0x2a, 0x1d, 0x1d, 0x2a, 0x1d, 0x47, 0x2a, 0x1d, 0x1d, 0x2a,
  0x1d, 0x1d, 0x2a, 0x1d, 0x1d, 0x2a, 0x1d, 0x47, 0x2a, 0x1d, 0x1d, 0x2a,
  0x1d, 0x1d, 0x2a, 0x1d, 0x1d, 0x2a, 0x1d, 0x47, 0x2a, 0x1d, 0x1d, 0x2a,
  0x1d, 0x1d, 0x2a, 0x1d, 0x1d, 0x2a, 0x1d, 0x47, 0x2a, 0x1d, 0x1d, 0x2a,
  0x1d, 0x1d, 0x2a, 0x1d, 0x1d, 0x2a, 0x1d, 0x47, 0x2a, 0x1d, 0x1d, 0x2a,
  0x1d, 0x1d, 0x2a, 0x1d, 0x1d, 0x2a, 0x1d, 0x04, 0xcd, 0x2a, 0x1d, 0x1d,
  0x2a, 0x1d, 0x1d, 0x2a, 0x1d, 0x1d, 0x2a, 0x1d, 0x47, 0x2a, 0x1d, 0x1d,
  0x2a, 0x1d, 0x1d, 0x2a, 0x1d, 0x1d, 0x2a, 0x1d, 0x00, 0x08, 0x00, 0x00,
  0x01, 0xf4, 0x00, 0xc8, 0x04, 0x4c, 0x00, 0x07, 0x00, 0x0f, 0x00, 0x17,
  0x00, 0x1f, 0x00, 0x27, 0x00, 0x2f, 0x00, 0x37, 0x00, 0x3f, 0x00, 0x00,
  0x10, 0x34, 0x36, 0x32, 0x16, 0x14, 0x06, 0x22, 0x36, 0x34, 0x36, 0x32,
  0x16, 0x14, 0x06, 0x22, 0x26, 0x34, 0x36, 0x32, 0x16, 0x14, 0x06, 0x22,
  0x26, 0x34, 0x36, 0x32, 0x16, 0x14, 0x06, 0x22, 0x02, 0x34, 0x36, 0x32,
  0x16, 0x14, 0x06, 0x22, 0x36, 0x34, 0x36, 0x32, 0x16, 0x14, 0x06, 0x22,
  0x26, 0x34, 0x36, 0x32, 0x16, 0x14, 0x06, 0x22, 0x26, 0x34, 0x36, 0x32,
  0x16, 0x14, 0x06, 0x22, 0x1d, 0x2a, 0x1d, 0x1d, 0x2a, 0x47, 0x1d, 0x2a,
  0x1d, 0x1d, 0x2a, 0x1d, 0x1d, 0x2a, 0x1d, 0x1d, 0x2a, 0x81, 0x1d, 0x2a,
  0x1d, 0x1d, 0x2a, 0x1d, 0x1d, 0x2a, 0x1d, 0x1d, 0x2a, 0x47, 0x1d, 0x2a,
  0x1d, 0x1d, 0x2a, 0x1d, 0x1d, 0x2a, 0x1d, 0x1d, 0x2a, 0x81, 0x1d, 0x2a,
  0x1d, 0x1d, 0x2a, 0x02, 0x11, 0x2a, 0x1d, 0x1d, 0x2a, 0x1d, 0x1d, 0x2a,
  0x1d, 0x1d, 0x2a, 0x1d, 0x81, 0x2a, 0x1d, 0x1d, 0x2a, 0x1d, 0x1d, 0x2a,
  0x1d, 0x1d, 0x2a, 0x1d, 0x01, 0x49, 0x2a, 0x1d, 0x1d, 0x2a, 0x1d, 0x1d,
  0x2a, 0x1d, 0x1d, 0x2a, 0x1d, 0x81, 0x2a, 0x1d, 0x1d, 0x2a, 0x1d, 0x1d,
  0x2a, 0x1d, 0x1d, 0x2a, 0x1d, 0x00, 0x00, 0x00, 0x00, 0x0a, 0x00, 0x00,
  0xff, 0x38, 0x00, 0xc8, 0x02, 0xbc, 0x00, 0x07, 0x00, 0x0f, 0x00, 0x17,
  0x00, 0x1f, 0x00, 0x27, 0x00, 0x2f, 0x00, 0x37, 0x00, 0x3f, 0x00, 0x47,
  0x00, 0x4f, 0x00, 0x00, 0x3c, 0x01, 0x36, 0x32, 0x16, 0x14, 0x06, 0x22,
  0x36, 0x34, 0x36, 0x32, 0x16, 0x14, 0x06, 0x22, 0x06, 0x34, 0x36, 0x32,
  0x16, 0x14, 0x06, 0x22, 0x06, 0x34, 0x36, 0x32, 0x16, 0x14, 0x06, 0x22,
  0x12, 0x34, 0x36, 0x32, 0x16, 0x14, 0x06, 0x22, 0x26, 0x34, 0x36, 0x32,
  0x16, 0x14, 0x06, 0x22, 0x02, 0x34, 0x36, 0x32, 0x16, 0x14, 0x06, 0x22,
  0x36, 0x34, 0x36, 0x32, 0x16, 0x14, 0x06, 0x22, 0x26, 0x34, 0x36, 0x32,
  0x16, 0x14, 0x06, 0x22, 0x26, 0x34, 0x36, 0x32, 0x16, 0x14, 0x06, 0x22,
  0x1d, 0x2a, 0x1d, 0x1d, 0x2a, 0x47, 0x1d, 0x2a, 0x1d, 0x1d, 0x2a, 0x1d,
  0x1d, 0x2a, 0x1d, 0x1d, 0x2a, 0x81, 0x1d, 0x2a, 0x1d, 0x1d, 0x2a, 0x47,
  0x1d, 0x2a, 0x1d, 0x1d, 0x2a, 0x81, 0x1d, 0x2a, 0x1d, 0x1d, 0x2a, 0x1d,
  0x1d, 0x2a, 0x1d, 0x1d, 0x2a, 0x47, 0x1d, 0x2a, 0x1d, 0x1d, 0x2a, 0x1d,
  0x1d, 0x2a, 0x1d, 0x1d, 0x2a, 0x81, 0x1d, 0x2a, 0x1d, 0x1d, 0x2a, 0x1d,
  0x2a, 0x1d, 0x1d, 0x2a, 0x1d, 0x1d, 0x2a, 0x1d, 0x1d, 0x2a, 0x1d, 0x47,
  0x2a, 0x1d, 0x1d, 0x2a, 0x1d, 0x47, 0x2a, 0x1d, 0x1d, 0x2a, 0x1d, 0x01,
  0x49, 0x2a, 0x1d, 0x1d, 0x2a, 0x1d, 0x1d, 0x2a, 0x1d, 0x1d, 0x2a, 0x1d,
  0x01, 0xad, 0x2a, 0x1d, 0x1d, 0x2a, 0x1d, 0x1d, 0x2a, 0x1d, 0x1d, 0x2a,
  0x1d, 0x81, 0x2a, 0x1d, 0x1d, 0x2a, 0x1d, 0x1d, 0x2a, 0x1d, 0x1d, 0x2a,
  0x1d, 0x00, 0x00, 0x00, 0x00, 0x3c, 0x00, 0x00, 0x00, 0x00, 0x04, 0x4c,
  0x05, 0x14, 0x00, 0x07, 0x00, 0x0f, 0x00, 0x17, 0x00, 0x1f, 0x00, 0x27,
  0x00, 0x2f, 0x00, 0x37, 0x00, 0x3f, 0x00, 0x47, 0x00, 0x4f, 0x00, 0x57,
  0x00, 0x5f, 0x00, 0x67, 0x00, 0x6f, 0x00, 0x77, 0x00, 0x7f, 0x00, 0x87,
  0x00, 0x8f, 0x00, 0x97, 0x00, 0x9f, 0x00, 0xa7, 0x00, 0xaf, 0x00, 0xb7,
  0x00, 0xbf, 0x00, 0xc7, 0x00, 0xcf, 0x00, 0xd7, 0x00, 0xdf, 0x00, 0xe7,
  0x00, 0xef, 0x00, 0xf7, 0x00, 0xff, 0x01, 0x07, 0x01, 0x0f, 0x01, 0x17,
  0x01, 0x1f, 0x01, 0x27, 0x01, 0x2f, 0x01, 0x37, 0x01, 0x3f, 0x01, 0x47,
  0x01, 0x4f, 0x01, 0x57, 0x01, 0x5f, 0x01, 0x67, 0x01, 0x6f, 0x01, 0x77,
  0x01, 0x7f, 0x01, 0x87, 0x01, 0x8f, 0x01, 0x97, 0x01, 0x9f, 0x01, 0xa7,
  0x01, 0xaf, 0x01, 0xb7, 0x01, 0xbf, 0x01, 0xc7, 0x01, 0xcf, 0x01, 0xd7,
  0x01, 0xdf, 0x00, 0x00, 0x3c, 0x01, 0x36, 0x32, 0x16, 0x14, 0x06, 0x22,
  0x36, 0x34, 0x36, 0x32, 0x16, 0x14, 0x06, 0x22, 0x26, 0x34, 0x36, 0x32,
  0x16, 0x14, 0x06, 0x22, 0x26, 0x34, 0x36, 0x32, 0x16, 0x14, 0x06, 0x22,
  0x26, 0x34, 0x36, 0x32, 0x16, 0x14, 0x06, 0x22, 0x36, 0x34, 0x36, 0x32,
  0x16, 0x14, 0x06, 0x22, 0x26, 0x34, 0x36, 0x32, 0x16, 0x14, 0x06, 0x22,
  0x26, 0x34, 0x36, 0x32, 0x16, 0x14, 0x06, 0x22, 0x26, 0x34, 0x36, 0x32,
  0x16, 0x14, 0x06, 0x22, 0x36, 0x34, 0x36, 0x32, 0x16, 0x14, 0x06, 0x22,
  0x06, 0x34, 0x36, 0x32, 0x16, 0x14, 0x06, 0x22, 0x06, 0x34, 0x36, 0x32,
  0x16, 0x14, 0x06, 0x22, 0x02, 0x34, 0x36, 0x32, 0x16, 0x14, 0x06, 0x22,
  0x26, 0x34, 0x36, 0x32, 0x16, 0x14, 0x06, 0x22, 0x26, 0x34, 0x36, 0x32,
  0x16, 0x14, 0x06, 0x22, 0x36, 0x34, 0x36, 0x32, 0x16, 0x14, 0x06, 0x22,
  0x06, 0x34, 0x36, 0x32, 0x16, 0x14, 0x06, 0x22, 0x06, 0x34, 0x36, 0x32,
  0x16, 0x14, 0x06, 0x22, 0x02, 0x34, 0x36, 0x32, 0x16, 0x14, 0x06, 0x22,
  0x26, 0x34, 0x36, 0x32, 0x16, 0x14, 0x06, 0x22, 0x36, 0x34, 0x36, 0x32,
  0x16, 0x14, 0x06, 0x22, 0x06, 0x34, 0x36, 0x32, 0x16, 0x14, 0x06, 0x22,
  0x26, 0x34, 0x36, 0x32, 0x16, 0x14, 0x06, 0x22, 0x26, 0x34, 0x36, 0x32,
  0x16, 0x14, 0x06, 0x22, 0x36, 0x34, 0x36, 0x32, 0x16, 0x14, 0x06, 0x22,
  0x36, 0x34, 0x36, 0x32, 0x16, 0x14, 0x06, 0x22, 0x06, 0x34, 0x36, 0x32,
  0x16, 0x14, 0x06, 0x22, 0x26, 0x34, 0x36, 0x32, 0x16, 0x14, 0x06, 0x22,
  0x16, 0x34, 0x36, 0x32, 0x16, 0x14, 0x06, 0x22, 0x06, 0x34, 0x36, 0x32,
  0x16, 0x14, 0x06, 0x22, 0x36, 0x34, 0x36, 0x32, 0x16, 0x14, 0x06, 0x22,
  0x26, 0x34, 0x36, 0x32, 0x16, 0x14, 0x06, 0x22, 0x06, 0x34, 0x36, 0x32,
  0x16, 0x14, 0x06, 0x22, 0x06, 0x34, 0x36, 0x32, 0x16, 0x14, 0x06, 0x22,
  0x06, 0x34, 0x36, 0x32, 0x16, 0x14, 0x06, 0x22, 0x36, 0x34, 0x36, 0x32,
  0x16, 0x14, 0x06, 0x22, 0x26, 0x34, 0x36, 0x32, 0x16, 0x14, 0x06, 0x22,
  0x26, 0x34, 0x36, 0x32, 0x16, 0x14, 0x06, 0x22, 0x02, 0x34, 0x36, 0x32,
  0x16, 0x14, 0x06, 0x22, 0x06, 0x34, 0x36, 0x32, 0x16, 0x14, 0x06, 0x22,
  0x06, 0x34, 0x36, 0x32, 0x16, 0x14, 0x06, 0x22, 0x36, 0x34, 0x36, 0x32,
  0x16, 0x14, 0x06, 0x22, 0x26, 0x34, 0x36, 0x32, 0x16, 0x14, 0x06, 0x22,
  0x26, 0x34, 0x36, 0x32, 0x16, 0x14, 0x06, 0x22, 0x02, 0x34, 0x36, 0x32,
  0x16, 0x14, 0x06, 0x22, 0x06, 0x34, 0x36, 0x32, 0x16, 0x14, 0x06, 0x22,
  0x06, 0x34, 0x36, 0x32, 0x16, 0x14, 0x06, 0x22, 0x36, 0x34, 0x36, 0x32,
  0x16, 0x14, 0x06, 0x22, 0x26, 0x34, 0x36, 0x32, 0x16, 0x14, 0x06, 0x22,
  0x26, 0x34, 0x36, 0x32, 0x16, 0x14, 0x06, 0x22, 0x24, 0x34, 0x36, 0x32,
  0x16, 0x14, 0x06, 0x22, 0x26, 0x34, 0x36, 0x32, 0x16, 0x14, 0x06, 0x22,
  0x26, 0x34, 0x36, 0x32, 0x16, 0x14, 0x06, 0x22, 0x26, 0x34, 0x36, 0x32,
  0x16, 0x14, 0x06, 0x22, 0x26, 0x34, 0x36, 0x32, 0x16, 0x14, 0x06, 0x22,
  0x26, 0x34, 0x36, 0x32, 0x16, 0x14, 0x06, 0x22, 0x36, 0x34, 0x36, 0x32,
  0x16, 0x14, 0x06, 0x22, 0x36, 0x34, 0x36, 0x32, 0x16, 0x14, 0x06, 0x22,
  0x36, 0x34, 0x36, 0x32, 0x16, 0x14, 0x06, 0x22, 0x36, 0x34, 0x36, 0x32,
  0x16, 0x14, 0x06, 0x22, 0x1d, 0x2a, 0x1d, 0x1d, 0x2a, 0x47, 0x1d, 0x2a,
  0x1d, 0x1d, 0x2a, 0x1d, 0x1d, 0x2a, 0x1d, 0x1d, 0x2a, 0x81, 0x1d, 0x2a,
  0x1d, 0x1d, 0x2a, 0x1d, 0x1d, 0x2a, 0x1d, 0x1d, 0x2a, 0x47, 0x1d, 0x2a,
  0x1d, 0x1d, 0x2a, 0x1d, 0x1d, 0x2a, 0x1d, 0x1d, 0x2a, 0x1d, 0x1d, 0x2a,
  0x1d, 0x1d, 0x2a, 0x1d, 0x1d, 0x2a, 0x1d, 0x1d, 0x2a, 0x47, 0x1d, 0x2a,
  0x1d, 0x1d, 0x2a, 0x1d, 0x1d, 0x2a, 0x1d, 0x1d, 0x2a, 0x1d, 0x1d, 0x2a,
  0x1d, 0x1d, 0x2a, 0x1d, 0x1d, 0x2a, 0x1d, 0x1d, 0x2a, 0x1d, 0x1d, 0x2a,
  0x1d, 0x1d, 0x2a, 0x1d, 0x1d, 0x2a, 0x1d, 0x1d, 0x2a, 0x47, 0x1d, 0x2a,
  0x1d, 0x1d, 0x2a, 0x1d, 0x1d, 0x2a, 0x1d, 0x1d, 0x2a, 0x1d, 0x1d, 0x2a,
  0x1d, 0x1d, 0x2a, 0x1d, 0x1d, 0x2a, 0x1d, 0x1d, 0x2a, 0x1d, 0x1d, 0x2a,
  0x1d, 0x1d, 0x2a, 0x47, 0x1d, 0x2a, 0x1d, 0x1d, 0x2a, 0x1d, 0x1d, 0x2a,
  0x1d, 0x1d, 0x2a, 0x1d, 0x1d, 0x2a, 0x1d, 0x1d, 0x2a, 0x1d, 0x1d, 0x2a,
  0x1d, 0x1d, 0x2a, 0x47, 0x1d, 0x2a, 0x1d, 0x1d, 0x2a, 0x47, 0x1d, 0x2a,
  0x1d, 0x1d, 0x2a, 0x1d, 0x1d, 0x2a, 0x1d, 0x1d, 0x2a, 0x81, 0x1d, 0x2a,
  0x1d, 0x1d, 0x2a, 0x47, 0x1d, 0x2a, 0x1d, 0x1d, 0x2a, 0x1d, 0x1d, 0x2a,
  0x1d, 0x1d, 0x2a, 0x47, 0x1d, 0x2a, 0x1d, 0x1d, 0x2a, 0x1d, 0x1d, 0x2a,
  0x1d, 0x1d, 0x2a, 0x1d, 0x1d, 0x2a, 0x1d, 0x1d, 0x2a, 0x1d, 0x1d, 0x2a,
  0x1d, 0x1d, 0x2a, 0x1d, 0x1d, 0x2a, 0x1d, 0x1d, 0x2a, 0x47, 0x1d, 0x2a,
  0x1d, 0x1d, 0x2a, 0x1d, 0x1d, 0x2a, 0x1d, 0x1d, 0x2a, 0x1d, 0x1d, 0x2a,
  0x1d, 0x1d, 0x2a, 0x1d, 0x1d, 0x2a, 0x1d, 0x1d, 0x2a, 0x1d, 0x1d, 0x2a,
  0x1d, 0x1d, 0x2a, 0x1d, 0x1d, 0x2a, 0x1d, 0x1d, 0x2a, 0x47, 0x1d, 0x2a,
  0x1d, 0x1d, 0x2a, 0x1d, 0x1d, 0x2a, 0x1d, 0x1d, 0x2a, 0x1d, 0x1d, 0x2a,
  0x1d, 0x1d, 0x2a, 0x1d, 0x1d, 0x2a, 0x1d, 0x1d, 0x2a, 0x1d, 0x1d, 0x2a,
  0x1d, 0x1d, 0x2a, 0x1d, 0x1d, 0x2a, 0x1d, 0x1d, 0x2a, 0x47, 0x1d, 0x2a,
  0x1d, 0x1d, 0x2a, 0x1d, 0x1d, 0x2a, 0x1d, 0x1d, 0x2a, 0x1d, 0x1d, 0x2a,
  0x1d, 0x1d, 0x2a, 0xfe, 0xb7, 0x1d, 0x2a, 0x1d, 0x1d, 0x2a, 0x81, 0x1d,
  0x2a, 0x1d, 0x1d, 0x2a, 0x81, 0x1d, 0x2a, 0x1d, 0x1d, 0x2a, 0x81, 0x1d,
  0x2a, 0x1d, 0x1d, 0x2a, 0x81, 0x1d, 0x2a, 0x1d, 0x1d, 0x2a, 0x1d, 0x1d,
  0x2a, 0x1d, 0x1d, 0x2a, 0x47, 0x1d, 0x2a, 0x1d, 0x1d, 0x2a, 0x47, 0x1d,
  0x2a, 0x1d, 0x1d, 0x2a, 0x47, 0x1d, 0x2a, 0x1d, 0x1d, 0x2a, 0x47, 0x1d,
  0x2a, 0x1d, 0x1d, 0x2a, 0x1d, 0x2a, 0x1d, 0x1d, 0x2a, 0x1d, 0x1d, 0x2a,
  0x1d, 0x1d, 0x2a, 0x1d, 0x81, 0x2a, 0x1d, 0x1d, 0x2a, 0x1d, 0x1d, 0x2a,
  0x1d, 0x1d, 0x2a, 0x1d, 0x81, 0x2a, 0x1d, 0x1d, 0x2a, 0x1d, 0x1d, 0x2a,
  0x1d, 0x1d, 0x2a, 0x1d, 0x81, 0x2a, 0x1d, 0x1d, 0x2a, 0x1d, 0x81, 0x2a,
  0x1d, 0x1d, 0x2a, 0x1d, 0x81, 0x2a, 0x1d, 0x1d, 0x2a, 0x1d, 0x1d, 0x2a,
  0x1d, 0x1d, 0x2a, 0x1d, 0x47, 0x2a, 0x1d, 0x1d, 0x2a, 0x1d, 0x47, 0x2a,
  0x1d, 0x1d, 0x2a, 0x1d, 0x01, 0x49, 0x2a, 0x1d, 0x1d, 0x2a, 0x1d, 0x81,
  0x2a, 0x1d, 0x1d, 0x2a, 0x1d, 0x81, 0x2a, 0x1d, 0x1d, 0x2a, 0x1d, 0x1d,
  0x2a, 0x1d, 0x1d, 0x2a, 0x1d, 0x47, 0x2a, 0x1d, 0x1d, 0x2a, 0x1d, 0x47,
  0x2a, 0x1d, 0x1d, 0x2a, 0x1d, 0x01, 0x49, 0x2a, 0x1d, 0x1d, 0x2a, 0x1d,
  0x81, 0x2a, 0x1d, 0x1d, 0x2a, 0x1d, 0x1d, 0x2a, 0x1d, 0x1d, 0x2a, 0x1d,
  0x47, 0x2a, 0x1d, 0x1d, 0x2a, 0x1d, 0xe5, 0x2a, 0x1d, 0x1d, 0x2a, 0x1d,
  0x81, 0x2a, 0x1d, 0x1d, 0x2a, 0x1d, 0x1d, 0x2a, 0x1d, 0x1d, 0x2a, 0x1d,
  0x1d, 0x2a, 0x1d, 0x1d, 0x2a, 0x1d, 0x47, 0x2a, 0x1d, 0x1d, 0x2a, 0x1d,
  0x1d, 0x2a, 0x1d, 0x1d, 0x2a, 0x1d, 0x47, 0x2a, 0x1d, 0x1d, 0x2a, 0x1d,
  0x47, 0x2a, 0x1d, 0x1d, 0x2a, 0x1d, 0x1d, 0x2a, 0x1d, 0x1d, 0x2a, 0x1d,
  0x81, 0x2a, 0x1d, 0x1d, 0x2a, 0x1d, 0xab, 0x2a, 0x1d, 0x1d, 0x2a, 0x1d,
  0x47, 0x2a, 0x1d, 0x1d, 0x2a, 0x1d, 0x47, 0x2a, 0x1d, 0x1d, 0x2a, 0x1d,
  0x1d, 0x2a, 0x1d, 0x1d, 0x2a, 0x1d, 0x81, 0x2a, 0x1d, 0x1d, 0x2a, 0x1d,
  0x81, 0x2a, 0x1d, 0x1d, 0x2a, 0x1d, 0xfe, 0xf1, 0x2a, 0x1d, 0x1d, 0x2a,
  0x1d, 0x47, 0x2a, 0x1d, 0x1d, 0x2a, 0x1d, 0x47, 0x2a, 0x1d, 0x1d, 0x2a,
  0x1d, 0x1d, 0x2a, 0x1d, 0x1d, 0x2a, 0x1d, 0x81, 0x2a, 0x1d, 0x1d, 0x2a,
  0x1d, 0x81, 0x2a, 0x1d, 0x1d, 0x2a, 0x1d, 0xfe, 0xf1, 0x2a, 0x1d, 0x1d,
  0x2a, 0x1d, 0x47, 0x2a, 0x1d, 0x1d, 0x2a, 0x1d, 0x47, 0x2a, 0x1d, 0x1d,
  0x2a, 0x1d, 0x1d, 0x2a, 0x1d, 0x1d, 0x2a, 0x1d, 0x81, 0x2a, 0x1d, 0x1d,
  0x2a, 0x1d, 0x81, 0x2a, 0x1d, 0x1d, 0x2a, 0x1d, 0x81, 0x2a, 0x1d, 0x1d,
  0x2a, 0x1d, 0x1d, 0x2a, 0x1d, 0x1d, 0x2a, 0x1d, 0x1d, 0x2a, 0x1d, 0x1d,
  0x2a, 0x1d, 0x1d, 0x2a, 0x1d, 0x1d, 0x2a, 0x1d, 0x1d, 0x2a, 0x1d, 0x1d,
  0x2a, 0x1d, 0x81, 0x2a, 0x1d, 0x1d, 0x2a, 0x1d, 0x1d, 0x2a, 0x1d, 0x1d,
  0x2a, 0x1d, 0x1d, 0x2a, 0x1d, 0x1d, 0x2a, 0x1d, 0x1d, 0x2a, 0x1d, 0x1d,
  0x2a, 0x1d, 0x1d, 0x2a, 0x1d, 0x1d, 0x2a, 0x1d, 0x00, 0x54, 0x00, 0x00,
  0x00, 0x00, 0x03, 0xe8, 0x05, 0x14, 0x00, 0x07, 0x00, 0x0f, 0x00, 0x17,
  0x00, 0x1f, 0x00, 0x27, 0x00, 0x2f, 0x00, 0x37, 0x00, 0x3f, 0x00, 0x47,
  0x00, 0x4f, 0x00, 0x57, 0x00, 0x5f, 0x00, 0x67, 0x00, 0x6f, 0x00, 0x77,
  0x00, 0x7f, 0x00, 0x87, 0x00, 0x8f, 0x00, 0x97, 0x00, 0x9f, 0x00, 0xa7,
  0x00, 0xaf, 0x00, 0xb7, 0x00, 0xbf, 0x00, 0xc7, 0x00, 0xcf, 0x00, 0xd7,
  0x00, 0xdf, 0x00, 0xe7, 0x00, 0xef, 0x00, 0xf7, 0x00, 0xff, 0x01, 0x07,
  0x01, 0x0f, 0x01, 0x17, 0x01, 0x1f, 0x01, 0x27, 0x01, 0x2f, 0x01, 0x37,
  0x01, 0x3f, 0x01, 0x47, 0x01, 0x4f, 0x01, 0x57, 0x01, 0x5f, 0x01, 0x67,
  0x01, 0x6f, 0x01, 0x77, 0x01, 0x7f, 0x01, 0x87, 0x01, 0x8f, 0x01, 0x97,
  0x01, 0x9f, 0x01, 0xa7, 0x01, 0xaf, 0x01, 0xb7, 0x01, 0xbf, 0x01, 0xc7,
  0x01, 0xcf, 0x01, 0xd7, 0x01, 0xdf, 0x01, 0xe7, 0x01, 0xef, 0x01, 0xf7,
  0x01, 0xff, 0x02, 0x07, 0x02, 0x0f, 0x02, 0x17, 0x02, 0x1f, 0x02, 0x27,
  0x02, 0x2f, 0x02, 0x37, 0x02, 0x3f, 0x02, 0x47, 0x02, 0x4f, 0x02, 0x57,
  0x02, 0x5f, 0x02, 0x67, 0x02, 0x6f, 0x02, 0x77, 0x02, 0x7f, 0x02, 0x87,
  0x02, 0x8f, 0x02, 0x97, 0x02, 0x9f, 0x00, 0x00, 0x10, 0x34, 0x36, 0x32,
  0x16, 0x14, 0x06, 0x22, 0x26, 0x34, 0x36, 0x32, 0x16, 0x14, 0x06, 0x22,
  0x26, 0x34, 0x36, 0x32, 0x16, 0x14, 0x06, 0x22, 0x26, 0x34, 0x36, 0x32,
  0x16, 0x14, 0x06, 0x22, 0x36, 0x34, 0x36, 0x32, 0x16, 0x14, 0x06, 0x22,
  0x06, 0x34, 0x36, 0x32, 0x16, 0x14, 0x06, 0x22, 0x06, 0x34, 0x36, 0x32,
  0x16, 0x14, 0x06, 0x22, 0x36, 0x34, 0x36, 0x32, 0x16, 0x14, 0x06, 0x22,
  0x06, 0x34, 0x36, 0x32, 0x16, 0x14, 0x06, 0x22, 0x02, 0x34, 0x36, 0x32,
  0x16, 0x14, 0x06, 0x22, 0x02, 0x34, 0x36, 0x32, 0x16, 0x14, 0x06, 0x22,
  0x06, 0x34, 0x36, 0x32, 0x16, 0x14, 0x06, 0x22, 0x12, 0x34, 0x36, 0x32,
  0x16, 0x14, 0x06, 0x22, 0x36, 0x34, 0x36, 0x32, 0x16, 0x14, 0x06, 0x22,
  0x36, 0x34, 0x36, 0x32, 0x16, 0x14, 0x06, 0x22, 0x36, 0x34, 0x36, 0x32,
  0x16, 0x14, 0x06, 0x22, 0x36, 0x34, 0x36, 0x32, 0x16, 0x14, 0x06, 0x22,
  0x04, 0x34, 0x36, 0x32, 0x16, 0x14, 0x06, 0x22, 0x36, 0x34, 0x36, 0x32,
  0x16, 0x14, 0x06, 0x22, 0x36, 0x34, 0x36, 0x32, 0x16, 0x14, 0x06, 0x22,
  0x36, 0x34, 0x36, 0x32, 0x16, 0x14, 0x06, 0x22, 0x36, 0x34, 0x36, 0x32,
  0x16, 0x14, 0x06, 0x22, 0x00, 0x34, 0x36, 0x32, 0x16, 0x14, 0x06, 0x22,
  0x36, 0x34, 0x36, 0x32, 0x16, 0x14, 0x06, 0x22, 0x36, 0x34, 0x36, 0x32,
  0x16, 0x14, 0x06, 0x22, 0x36, 0x34, 0x36, 0x32, 0x16, 0x14, 0x06, 0x22,
  0x36, 0x34, 0x36, 0x32, 0x16, 0x14, 0x06, 0x22, 0x06, 0x34, 0x36, 0x32,
  0x16, 0x14, 0x06, 0x22, 0x26, 0x34, 0x36, 0x32, 0x16, 0x14, 0x06, 0x22,
  0x26, 0x34, 0x36, 0x32, 0x16, 0x14, 0x06, 0x22, 0x26, 0x34, 0x36, 0x32,
  0x16, 0x14, 0x06, 0x22, 0x26, 0x34, 0x36, 0x32, 0x16, 0x14, 0x06, 0x22,
  0x02, 0x34, 0x36, 0x32, 0x16, 0x14, 0x06, 0x22, 0x36, 0x34, 0x36, 0x32,
  0x16, 0x14, 0x06, 0x22, 0x36, 0x34, 0x36, 0x32, 0x16, 0x14, 0x06, 0x22,
  0x36, 0x34, 0x36, 0x32, 0x16, 0x14, 0x06, 0x22, 0x36, 0x34, 0x36, 0x32,
  0x16, 0x14, 0x06, 0x22, 0x06, 0x34, 0x36, 0x32, 0x16, 0x14, 0x06, 0x22,
  0x02, 0x34, 0x36, 0x32, 0x16, 0x14, 0x06, 0x22, 0x06, 0x34, 0x36, 0x32,
  0x16, 0x14, 0x06, 0x22, 0x06, 0x34, 0x36, 0x32, 0x16, 0x14, 0x06, 0x22,
  0x06, 0x34, 0x36, 0x32, 0x16, 0x14, 0x06, 0x22, 0x06, 0x34, 0x36, 0x32,
  0x16, 0x14, 0x06, 0x22, 0x06, 0x34, 0x36, 0x32, 0x16, 0x14, 0x06, 0x22,
  0x02, 0x34, 0x36, 0x32, 0x16, 0x14, 0x06, 0x22, 0x12, 0x34, 0x36, 0x32,
  0x16, 0x14, 0x06, 0x22, 0x06, 0x34, 0x36, 0x32, 0x16, 0x14, 0x06, 0x22,
  0x06, 0x34, 0x36, 0x32, 0x16, 0x14, 0x06, 0x22, 0x02, 0x34, 0x36, 0x32,
  0x16, 0x14, 0x06, 0x22, 0x02, 0x34, 0x36, 0x32, 0x16, 0x14, 0x06, 0x22,
  0x26, 0x34, 0x36, 0x32, 0x16, 0x14, 0x06, 0x22, 0x26, 0x34, 0x36, 0x32,
  0x16, 0x14, 0x06, 0x22, 0x26, 0x34, 0x36, 0x32, 0x16, 0x14, 0x06, 0x22,
  0x26, 0x34, 0x36, 0x32, 0x16, 0x14, 0x06, 0x22, 0x12, 0x34, 0x36, 0x32,
  0x16, 0x14, 0x06, 0x22, 0x26, 0x34, 0x36, 0x32, 0x16, 0x14, 0x06, 0x22,
  0x26, 0x34, 0x36, 0x32, 0x16, 0x14, 0x06, 0x22, 0x26, 0x34, 0x36, 0x32,
  0x16, 0x14, 0x06, 0x22, 0x26, 0x34, 0x36, 0x32, 0x16, 0x14, 0x06, 0x22,
  0x24, 0x34, 0x36, 0x32, 0x16, 0x14, 0x06, 0x22, 0x06, 0x34, 0x36, 0x32,
  0x16, 0x14, 0x06, 0x22, 0x06, 0x34, 0x36, 0x32, 0x16, 0x14, 0x06, 0x22,
  0x06, 0x34, 0x36, 0x32, 0x16, 0x14, 0x06, 0x22, 0x06, 0x34, 0x36, 0x32,
  0x16, 0x14, 0x06, 0x22, 0x06, 0x34, 0x36, 0x32, 0x16, 0x14, 0x06, 0x22,
  0x06, 0x34, 0x36, 0x32, 0x16, 0x14, 0x06, 0x22, 0x06, 0x34, 0x36, 0x32,
  0x16, 0x14, 0x06, 0x22, 0x06, 0x34, 0x36, 0x32, 0x16, 0x14, 0x06, 0x22,
  0x36, 0x34, 0x36, 0x32, 0x16, 0x14, 0x06, 0x22, 0x26, 0x34, 0x36, 0x32,
  0x16, 0x14, 0x06, 0x22, 0x26, 0x34, 0x36, 0x32, 0x16, 0x14, 0x06, 0x22,
  0x26, 0x34, 0x36, 0x32, 0x16, 0x14, 0x06, 0x22, 0x26, 0x34, 0x36, 0x32,
  0x16, 0x14, 0x06, 0x22, 0x26, 0x34, 0x36, 0x32, 0x16, 0x14, 0x06, 0x22,
  0x26, 0x34, 0x36, 0x32, 0x16, 0x14, 0x06, 0x22, 0x26, 0x34, 0x36, 0x32,
  0x16, 0x14, 0x06, 0x22, 0x36, 0x34, 0x36, 0x32, 0x16, 0x14, 0x06, 0x22,
  0x36, 0x34, 0x36, 0x32, 0x16, 0x14, 0x06, 0x22, 0x36, 0x34, 0x36, 0x32,
  0x16, 0x14, 0x06, 0x22, 0x36, 0x34, 0x36, 0x32, 0x16, 0x14, 0x06, 0x22,
  0x36, 0x34, 0x36, 0x32, 0x16, 0x14, 0x06, 0x22, 0x24, 0x34, 0x36, 0x32,
  0x16, 0x14, 0x06, 0x22, 0x26, 0x34, 0x36, 0x32, 0x16, 0x14, 0x06, 0x22,
  0x26, 0x34, 0x36, 0x32, 0x16, 0x14, 0x06, 0x22, 0x1d, 0x2a, 0x1d, 0x1d,
  0x2a, 0x1d, 0x1d, 0x2a, 0x1d, 0x1d, 0x2a, 0x1d, 0x1d, 0x2a, 0x1d, 0x1d,
  0x2a, 0x1d, 0x1d, 0x2a, 0x1d, 0x1d, 0x2a, 0x47, 0x1d, 0x2a, 0x1d, 0x1d,
  0x2a, 0x1d, 0x1d, 0x2a, 0x1d, 0x1d, 0x2a, 0x1d, 0x1d, 0x2a, 0x1d, 0x1d,
  0x2a, 0x47, 0x1d, 0x2a, 0x1d, 0x1d, 0x2a, 0x1d, 0x1d, 0x2a, 0x1d, 0x1d,
  0x2a, 0x1d, 0x1d, 0x2a, 0x1d, 0x1d, 0x2a, 0x1d, 0x1d, 0x2a, 0x1d, 0x1d,
  0x2a, 0x1d, 0x1d, 0x2a, 0x1d, 0x1d, 0x2a, 0x47, 0x1d, 0x2a, 0x1d, 0x1d,
  0x2a, 0x47, 0x1d, 0x2a, 0x1d, 0x1d, 0x2a, 0x47, 0x1d, 0x2a, 0x1d, 0x1d,
  0x2a, 0x47, 0x1d, 0x2a, 0x1d, 0x1d, 0x2a, 0x47, 0x1d, 0x2a, 0x1d, 0x1d,
  0x2a, 0xfe, 0x53, 0x1d, 0x2a, 0x1d, 0x1d, 0x2a, 0x47, 0x1d, 0x2a, 0x1d,
  0x1d, 0x2a, 0x47, 0x1d, 0x2a, 0x1d, 0x1d, 0x2a, 0x47, 0x1d, 0x2a, 0x1d,
  0x1d, 0x2a, 0x47, 0x1d, 0x2a, 0x1d, 0x1d, 0x2a, 0xfe, 0x53, 0x1d, 0x2a,
  0x1d, 0x1d, 0x2a, 0x47, 0x1d, 0x2a, 0x1d, 0x1d, 0x2a, 0x47, 0x1d, 0x2a,
  0x1d, 0x1d, 0x2a, 0x47, 0x1d, 0x2a, 0x1d, 0x1d, 0x2a, 0x47, 0x1d, 0x2a,
  0x1d, 0x1d, 0x2a, 0x1d, 0x1d, 0x2a, 0x1d, 0x1d, 0x2a, 0x81, 0x1d, 0x2a,
  0x1d, 0x1d, 0x2a, 0x81, 0x1d, 0x2a, 0x1d, 0x1d, 0x2a, 0x81, 0x1d, 0x2a,
  0x1d, 0x1d, 0x2a, 0x81, 0x1d, 0x2a, 0x1d, 0x1d, 0x2a, 0x1d, 0x1d, 0x2a,
  0x1d, 0x1d, 0x2a, 0x47, 0x1d, 0x2a, 0x1d, 0x1d, 0x2a, 0x47, 0x1d, 0x2a,
  0x1d, 0x1d, 0x2a, 0x47, 0x1d, 0x2a, 0x1d, 0x1d, 0x2a, 0x47, 0x1d, 0x2a,
  0x1d, 0x1d, 0x2a, 0x1d, 0x1d, 0x2a, 0x1d, 0x1d, 0x2a, 0x1d, 0x1d, 0x2a,
  0x1d, 0x1d, 0x2a, 0x1d, 0x1d, 0x2a, 0x1d, 0x1d, 0x2a, 0x1d, 0x1d, 0x2a,
  0x1d, 0x1d, 0x2a, 0x1d, 0x1d, 0x2a, 0x1d, 0x1d, 0x2a, 0x1d, 0x1d, 0x2a,
  0x1d, 0x1d, 0x2a, 0x1d, 0x1d, 0x2a, 0x1d, 0x1d, 0x2a, 0x1d, 0x1d, 0x2a,
  0x1d, 0x1d, 0x2a, 0x47, 0x1d, 0x2a, 0x1d, 0x1d, 0x2a, 0x1d, 0x1d, 0x2a,
  0x1d, 0x1d, 0x2a, 0x1d, 0x1d, 0x2a, 0x1d, 0x1d, 0x2a, 0x1d, 0x1d, 0x2a,
  0x1d, 0x1d, 0x2a, 0x1d, 0x1d, 0x2a, 0x1d, 0x1d, 0x2a, 0x1d, 0x1d, 0x2a,
  0x1d, 0x1d, 0x2a, 0x1d, 0x1d, 0x2a, 0x1d, 0x1d, 0x2a, 0x1d, 0x1d, 0x2a,
  0x1d, 0x1d, 0x2a, 0x1d, 0x1d, 0x2a, 0x1d, 0x1d, 0x2a, 0x47, 0x1d, 0x2a,
  0x1d, 0x1d, 0x2a, 0x1d, 0x1d, 0x2a, 0x1d, 0x1d, 0x2a, 0x1d, 0x1d, 0x2a,
  0x1d, 0x1d, 0x2a, 0x1d, 0x1d, 0x2a, 0x1d, 0x1d, 0x2a, 0x81, 0x1d, 0x2a,
  0x1d, 0x1d, 0x2a, 0xfc, 0xc3, 0x1d, 0x2a, 0x1d, 0x1d, 0x2a, 0x1d, 0x1d,
  0x2a, 0x1d, 0x1d, 0x2a, 0x1d, 0x1d, 0x2a, 0x1d, 0x1d, 0x2a, 0x1d, 0x1d,
  0x2a, 0x1d, 0x1d, 0x2a, 0x1d, 0x1d, 0x2a, 0x1d, 0x1d, 0x2a, 0x1d, 0x1d,
  0x2a, 0x1d, 0x1d, 0x2a, 0x1d, 0x1d, 0x2a, 0x1d, 0x1d, 0x2a, 0x1d, 0x1d,
  0x2a, 0x1d, 0x1d, 0x2a, 0x1d, 0x1d, 0x2a, 0x1d, 0x1d, 0x2a, 0x47, 0x1d,
  0x2a, 0x1d, 0x1d, 0x2a, 0x1d, 0x1d, 0x2a, 0x1d, 0x1d, 0x2a, 0x1d, 0x1d,
  0x2a, 0x1d, 0x1d, 0x2a, 0x1d, 0x1d, 0x2a, 0x1d, 0x1d, 0x2a, 0x1d, 0x1d,
  0x2a, 0x1d, 0x1d, 0x2a, 0x1d, 0x1d, 0x2a, 0x1d, 0x1d, 0x2a, 0x1d, 0x1d,
  0x2a, 0x1d, 0x1d, 0x2a, 0x1d, 0x1d, 0x2a, 0x1d, 0x1d, 0x2a, 0x47, 0x1d,
  0x2a, 0x1d, 0x1d, 0x2a, 0x47, 0x1d, 0x2a, 0x1d, 0x1d, 0x2a, 0x47, 0x1d,
  0x2a, 0x1d, 0x1d, 0x2a, 0x47, 0x1d, 0x2a, 0x1d, 0x1d, 0x2a, 0x47, 0x1d,
  0x2a, 0x1d, 0x1d, 0x2a, 0xfd, 0xef, 0x1d, 0x2a, 0x1d, 0x1d, 0x2a, 0x1d,
  0x1d, 0x2a, 0x1d, 0x1d, 0x2a, 0x1d, 0x1d, 0x2a, 0x1d, 0x1d, 0x2a, 0x03,
  0xa1, 0x2a, 0x1d, 0x1d, 0x2a, 0x1d, 0x81, 0x2a, 0x1d, 0x1d, 0x2a, 0x1d,
  0x81, 0x2a, 0x1d, 0x1d, 0x2a, 0x1d, 0x81, 0x2a, 0x1d, 0x1d, 0x2a, 0x1d,
  0x1d, 0x2a, 0x1d, 0x1d, 0x2a, 0x1d, 0x47, 0x2a, 0x1d, 0x1d, 0x2a, 0x1d,
  0x47, 0x2a, 0x1d, 0x1d, 0x2a, 0x1d, 0xe5, 0x2a, 0x1d, 0x1d, 0x2a, 0x1d,
  0x47, 0x2a, 0x1d, 0x1d, 0x2a, 0x1d, 0xfe, 0x29, 0x2a, 0x1d, 0x1d, 0x2a,
  0x1d, 0xfe, 0x29, 0x2a, 0x1d, 0x1d, 0x2a, 0x1d, 0x47, 0x2a, 0x1d, 0x1d,
  0x2a, 0x1d, 0x04, 0xcd, 0x2a, 0x1d, 0x1d, 0x2a, 0x1d, 0x1d, 0x2a, 0x1d,
  0x1d, 0x2a, 0x1d, 0x1d, 0x2a, 0x1d, 0x1d, 0x2a, 0x1d, 0x1d, 0x2a, 0x1d,
  0x1d, 0x2a, 0x1d, 0x1d, 0x2a, 0x1d, 0x1d, 0x2a, 0x1d, 0x47, 0x2a, 0x1d,
  0x1d, 0x2a, 0x1d, 0x1d, 0x2a, 0x1d, 0x1d, 0x2a, 0x1d, 0x1d, 0x2a, 0x1d,
  0x1d, 0x2a, 0x1d, 0x1d, 0x2a, 0x1d, 0x1d, 0x2a, 0x1d, 0x1d, 0x2a, 0x1d,
  0x1d, 0x2a, 0x1d, 0xfc, 0x35, 0x2a, 0x1d, 0x1d, 0x2a, 0x1d, 0x1d, 0x2a,
  0x1d, 0x1d, 0x2a, 0x1d, 0x1d, 0x2a, 0x1d, 0x1d, 0x2a, 0x1d, 0x1d, 0x2a,
  0x1d, 0x1d, 0x2a, 0x1d, 0x1d, 0x2a, 0x1d, 0x1d, 0x2a, 0x1d, 0x47, 0x2a,
  0x1d, 0x1d, 0x2a, 0x1d, 0x1d, 0x2a, 0x1d, 0x1d, 0x2a, 0x1d, 0x1d, 0x2a,
  0x1d, 0x1d, 0x2a, 0x1d, 0x1d, 0x2a, 0x1d, 0x1d, 0x2a, 0x1d, 0x1d, 0x2a,
  0x1d, 0x1d, 0x2a, 0x1d, 0x02, 0x75, 0x2a, 0x1d, 0x1d, 0x2a, 0x1d, 0x1d,
  0x2a, 0x1d, 0x1d, 0x2a, 0x1d, 0x1d, 0x2a, 0x1d, 0x1d, 0x2a, 0x1d, 0x1d,
  0x2a, 0x1d, 0x1d, 0x2a, 0x1d, 0x1d, 0x2a, 0x1d, 0x1d, 0x2a, 0x1d, 0x47,
  0x2a, 0x1d, 0x1d, 0x2a, 0x1d, 0x02, 0x11, 0x2a, 0x1d, 0x1d, 0x2a, 0x1d,
  0x47, 0x2a, 0x1d, 0x1d, 0x2a, 0x1d, 0x47, 0x2a, 0x1d, 0x1d, 0x2a, 0x1d,
  0x47, 0x2a, 0x1d, 0x1d, 0x2a, 0x1d, 0x47, 0x2a, 0x1d, 0x1d, 0x2a, 0x1d,
  0x47, 0x2a, 0x1d, 0x1d, 0x2a, 0x1d, 0xfe, 0xf1, 0x2a, 0x1d, 0x1d, 0x2a,
  0x1d, 0x03, 0x3d, 0x2a, 0x1d, 0x1d, 0x2a, 0x1d, 0x47, 0x2a, 0x1d, 0x1d,
  0x2a, 0x1d, 0x47, 0x2a, 0x1d, 0x1d, 0x2a, 0x1d, 0x01, 0x49, 0x2a, 0x1d,
  0x1d, 0x2a, 0x1d, 0xfc, 0x35, 0x2a, 0x1d, 0x1d, 0x2a, 0x1d, 0x81, 0x2a,
  0x1d, 0x1d, 0x2a, 0x1d, 0x81, 0x2a, 0x1d, 0x1d, 0x2a, 0x1d, 0x81, 0x2a,
  0x1d, 0x1d, 0x2a, 0x1d, 0x81, 0x2a, 0x1d, 0x1d, 0x2a, 0x1d, 0xfe, 0xf1,
  0x2a, 0x1d, 0x1d, 0x2a, 0x1d, 0x81, 0x2a, 0x1d, 0x1d, 0x2a, 0x1d, 0x81,
  0x2a, 0x1d, 0x1d, 0x2a, 0x1d, 0x81, 0x2a, 0x1d, 0x1d, 0x2a, 0x1d, 0x81,
  0x2a, 0x1d, 0x1d, 0x2a, 0x1d, 0xe5, 0x2a, 0x1d, 0x1d, 0x2a, 0x1d, 0x47,
  0x2a, 0x1d, 0x1d, 0x2a, 0x1d, 0x47, 0x2a, 0x1d, 0x1d, 0x2a, 0x1d, 0x47,
  0x2a, 0x1d, 0x1d, 0x2a, 0x1d, 0x47, 0x2a, 0x1d, 0x1d, 0x2a, 0x1d, 0x47,
  0x2a, 0x1d, 0x1d, 0x2a, 0x1d, 0x47, 0x2a, 0x1d, 0x1d, 0x2a, 0x1d, 0x47,
  0x2a, 0x1d, 0x1d, 0x2a, 0x1d, 0x47, 0x2a, 0x1d, 0x1d, 0x2a, 0x1d, 0x1d,
  0x2a, 0x1d, 0x1d, 0x2a, 0x1d, 0x81, 0x2a, 0x1d, 0x1d, 0x2a, 0x1d, 0x81,
  0x2a, 0x1d, 0x1d, 0x2a, 0x1d, 0x81, 0x2a, 0x1d, 0x1d, 0x2a, 0x1d, 0x81,
  0x2a, 0x1d, 0x1d, 0x2a, 0x1d, 0x81, 0x2a, 0x1d, 0x1d, 0x2a, 0x1d, 0x81,
  0x2a, 0x1d, 0x1d, 0x2a, 0x1d, 0x81, 0x2a, 0x1d, 0x1d, 0x2a, 0x1d, 0x1d,
  0x2a, 0x1d, 0x1d, 0x2a, 0x1d, 0x1d, 0x2a, 0x1d, 0x1d, 0x2a, 0x1d, 0x1d,
  0x2a, 0x1d, 0x1d, 0x2a, 0x1d, 0x1d, 0x2a, 0x1d, 0x1d, 0x2a, 0x1d, 0x1d,
  0x2a, 0x1d, 0x1d, 0x2a, 0x1d, 0x81, 0x2a, 0x1d, 0x1d, 0x2a, 0x1d, 0x81,
  0x2a, 0x1d, 0x1d, 0x2a, 0x1d, 0x1d, 0x2a, 0x1d, 0x1d, 0x2a, 0x1d, 0x00,
  0x00, 0x3b, 0x00, 0x00, 0x00, 0x00, 0x04, 0x4c, 0x05, 0x14, 0x00, 0x07,
  0x00, 0x0f, 0x00, 0x17, 0x00, 0x1f, 0x00, 0x27, 0x00, 0x2f, 0x00, 0x37,
  0x00, 0x3f, 0x00, 0x47, 0x00, 0x4f, 0x00, 0x57, 0x00, 0x5f, 0x00, 0x67,
  0x00, 0x6f, 0x00, 0x77, 0x00, 0x7f, 0x00, 0x87, 0x00, 0x8f, 0x00, 0x97,
  0x00, 0x9f, 0x00, 0xa7, 0x00, 0xaf, 0x00, 0xb7, 0x00, 0xbf, 0x00, 0xc7,
  0x00, 0xcf, 0x00, 0xd7, 0x00, 0xdf, 0x00, 0xe7, 0x00, 0xef, 0x00, 0xf7,
  0x00, 0xff, 0x01, 0x07, 0x01, 0x0f, 0x01, 0x17, 0x01, 0x1f, 0x01, 0x27,
  0x01, 0x2f, 0x01, 0x37, 0x01, 0x3f, 0x01, 0x47, 0x01, 0x4f, 0x01, 0x57,
  0x01, 0x5f, 0x01, 0x67, 0x01, 0x6f, 0x01, 0x77, 0x01, 0x7f, 0x01, 0x87,
  0x01, 0x8f, 0x01, 0x97, 0x01, 0x9f, 0x01, 0xa7, 0x01, 0xaf, 0x01, 0xb7,
  0x01, 0xbf, 0x01, 0xc7, 0x01, 0xcf, 0x01, 0xd7, 0x00, 0x00, 0x10, 0x34,
  0x36, 0x32, 0x16, 0x14, 0x06, 0x22, 0x06, 0x34, 0x36, 0x32, 0x16, 0x14,
  0x06, 0x22, 0x06, 0x34, 0x36, 0x32, 0x16, 0x14, 0x06, 0x22, 0x06, 0x34,
  0x36, 0x32, 0x16, 0x14, 0x06, 0x22, 0x06, 0x34, 0x36, 0x32, 0x16, 0x14,
  0x06, 0x22, 0x36, 0x34, 0x36, 0x32, 0x16, 0x14, 0x06, 0x22, 0x06, 0x34,
  0x36, 0x32, 0x16, 0x14, 0x06, 0x22, 0x06, 0x34, 0x36, 0x32, 0x16, 0x14,
  0x06, 0x22, 0x36, 0x34, 0x36, 0x32, 0x16, 0x14, 0x06, 0x22, 0x06, 0x34,
  0x36, 0x32, 0x16, 0x14, 0x06, 0x22, 0x06, 0x34, 0x36, 0x32, 0x16, 0x14,
  0x06, 0x22, 0x36, 0x34, 0x36, 0x32, 0x16, 0x14, 0x06, 0x22, 0x26, 0x34,
  0x36, 0x32, 0x16, 0x14, 0x06, 0x22, 0x06, 0x34, 0x36, 0x32, 0x16, 0x14,
  0x06, 0x22, 0x36, 0x34, 0x36, 0x32, 0x16, 0x14, 0x06, 0x22, 0x36, 0x34,
  0x36, 0x32, 0x16, 0x14, 0x06, 0x22, 0x36, 0x34, 0x36, 0x32, 0x16, 0x14,
  0x06, 0x22, 0x36, 0x34, 0x36, 0x32, 0x16, 0x14, 0x06, 0x22, 0x26, 0x34,
  0x36, 0x32, 0x16, 0x14, 0x06, 0x22, 0x26, 0x34, 0x36, 0x32, 0x16, 0x14,
  0x06, 0x22, 0x26, 0x34, 0x36, 0x32, 0x16, 0x14, 0x06, 0x22, 0x26, 0x34,
  0x36, 0x32, 0x16, 0x14, 0x06, 0x22, 0x00, 0x34, 0x36, 0x32, 0x16, 0x14,
  0x06, 0x22, 0x36, 0x34, 0x36, 0x32, 0x16, 0x14, 0x06, 0x22, 0x26, 0x34,
  0x36, 0x32, 0x16, 0x14, 0x06, 0x22, 0x26, 0x34, 0x36, 0x32, 0x16, 0x14,
  0x06, 0x22, 0x16, 0x34, 0x36, 0x32, 0x16, 0x14, 0x06, 0x22, 0x26, 0x34,
  0x36, 0x32, 0x16, 0x14, 0x06, 0x22, 0x26, 0x34, 0x36, 0x32, 0x16, 0x14,
  0x06, 0x22, 0x36, 0x34, 0x36, 0x32, 0x16, 0x14, 0x06, 0x22, 0x36, 0x34,
  0x36, 0x32, 0x16, 0x14, 0x06, 0x22, 0x36, 0x34, 0x36, 0x32, 0x16, 0x14,
  0x06, 0x22, 0x36, 0x34, 0x36, 0x32, 0x16, 0x14, 0x06, 0x22, 0x04, 0x34,
  0x36, 0x32, 0x16, 0x14, 0x06, 0x22, 0x36, 0x34, 0x36, 0x32, 0x16, 0x14,
  0x06, 0x22, 0x36, 0x34, 0x36, 0x32, 0x16, 0x14, 0x06, 0x22, 0x36, 0x34,
  0x36, 0x32, 0x16, 0x14, 0x06, 0x22, 0x36, 0x34, 0x36, 0x32, 0x16, 0x14,
  0x06, 0x22, 0x26, 0x34, 0x36, 0x32, 0x16, 0x14, 0x06, 0x22, 0x02, 0x34,
  0x36, 0x32, 0x16, 0x14, 0x06, 0x22, 0x26, 0x34, 0x36, 0x32, 0x16, 0x14,
  0x06, 0x22, 0x02, 0x34, 0x36, 0x32, 0x16, 0x14, 0x06, 0x22, 0x36, 0x34,
  0x36, 0x32, 0x16, 0x14, 0x06, 0x22, 0x06, 0x34, 0x36, 0x32, 0x16, 0x14,
  0x06, 0x22, 0x16, 0x34, 0x36, 0x32, 0x16, 0x14, 0x06, 0x22, 0x26, 0x34,
  0x36, 0x32, 0x16, 0x14, 0x06, 0x22, 0x06, 0x34, 0x36, 0x32, 0x16, 0x14,
  0x06, 0x22, 0x02, 0x34, 0x36, 0x32, 0x16, 0x14, 0x06, 0x22, 0x16, 0x34,
  0x36, 0x32, 0x16, 0x14, 0x06, 0x22, 0x26, 0x34, 0x36, 0x32, 0x16, 0x14,
  0x06, 0x22, 0x26, 0x34, 0x36, 0x32, 0x16, 0x14, 0x06, 0x22, 0x16, 0x34,
  0x36, 0x32, 0x16, 0x14, 0x06, 0x22, 0x26, 0x34, 0x36, 0x32, 0x16, 0x14,
  0x06, 0x22, 0x00, 0x34, 0x36, 0x32, 0x16, 0x14, 0x06, 0x22, 0x02, 0x34,
  0x36, 0x32, 0x16, 0x14, 0x06, 0x22, 0x26, 0x34, 0x36, 0x32, 0x16, 0x14,
  0x06, 0x22, 0x26, 0x34, 0x36, 0x32, 0x16, 0x14, 0x06, 0x22, 0x26, 0x34,
  0x36, 0x32, 0x16, 0x14, 0x06, 0x22, 0x26, 0x34, 0x36, 0x32, 0x16, 0x14,
  0x06, 0x22, 0x1d, 0x2a, 0x1d, 0x1d, 0x2a, 0x1d, 0x1d, 0x2a, 0x1d, 0x1d,
  0x2a, 0x1d, 0x1d, 0x2a, 0x1d, 0x1d, 0x2a, 0x1d, 0x1d, 0x2a, 0x1d, 0x1d,
  0x2a, 0x1d, 0x1d, 0x2a, 0x1d, 0x1d, 0x2a, 0x47, 0x1d, 0x2a, 0x1d, 0x1d,
  0x2a, 0x1d, 0x1d, 0x2a, 0x1d, 0x1d, 0x2a, 0x1d, 0x1d, 0x2a, 0x1d, 0x1d,
  0x2a, 0x47, 0x1d, 0x2a, 0x1d, 0x1d, 0x2a, 0x1d, 0x1d, 0x2a, 0x1d, 0x1d,
  0x2a, 0x1d, 0x1d, 0x2a, 0x1d, 0x1d, 0x2a, 0x47, 0x1d, 0x2a, 0x1d, 0x1d,
  0x2a, 0x1d, 0x1d, 0x2a, 0x1d, 0x1d, 0x2a, 0x1d, 0x1d, 0x2a, 0x1d, 0x1d,
  0x2a, 0x47, 0x1d, 0x2a, 0x1d, 0x1d, 0x2a, 0x47, 0x1d, 0x2a, 0x1d, 0x1d,
  0x2a, 0x47, 0x1d, 0x2a, 0x1d, 0x1d, 0x2a, 0x47, 0x1d, 0x2a, 0x1d, 0x1d,
  0x2a, 0x1d, 0x1d, 0x2a, 0x1d, 0x1d, 0x2a, 0x81, 0x1d, 0x2a, 0x1d, 0x1d,
  0x2a, 0x81, 0x1d, 0x2a, 0x1d, 0x1d, 0x2a, 0x81, 0x1d, 0x2a, 0x1d, 0x1d,
  0x2a, 0xfe, 0xb7, 0x1d, 0x2a, 0x1d, 0x1d, 0x2a, 0x47, 0x1d, 0x2a, 0x1d,
  0x1d, 0x2a, 0x1d, 0x1d, 0x2a, 0x1d, 0x1d, 0x2a, 0x1d, 0x1d, 0x2a, 0x1d,
  0x1d, 0x2a, 0x47, 0x1d, 0x2a, 0x1d, 0x1d, 0x2a, 0x1d, 0x1d, 0x2a, 0x1d,
  0x1d, 0x2a, 0x1d, 0x1d, 0x2a, 0x1d, 0x1d, 0x2a, 0x47, 0x1d, 0x2a, 0x1d,
  0x1d, 0x2a, 0x47, 0x1d, 0x2a, 0x1d, 0x1d, 0x2a, 0x47, 0x1d, 0x2a, 0x1d,
  0x1d, 0x2a, 0x47, 0x1d, 0x2a, 0x1d, 0x1d, 0x2a, 0xfe, 0xb7, 0x1d, 0x2a,
  0x1d, 0x1d, 0x2a, 0x47, 0x1d, 0x2a, 0x1d, 0x1d, 0x2a, 0x47, 0x1d, 0x2a,
  0x1d, 0x1d, 0x2a, 0x47, 0x1d, 0x2a, 0x1d, 0x1d, 0x2a, 0x47, 0x1d, 0x2a,
  0x1d, 0x1d, 0x2a, 0x1d, 0x1d, 0x2a, 0x1d, 0x1d, 0x2a, 0x1d, 0x1d, 0x2a,
  0x1d, 0x1d, 0x2a, 0x1d, 0x1d, 0x2a, 0x1d, 0x1d, 0x2a, 0x1d, 0x1d, 0x2a,
  0x1d, 0x1d, 0x2a, 0x47, 0x1d, 0x2a, 0x1d, 0x1d, 0x2a, 0x1d, 0x1d, 0x2a,
  0x1d, 0x1d, 0x2a, 0x47, 0x1d, 0x2a, 0x1d, 0x1d, 0x2a, 0x1d, 0x1d, 0x2a,
  0x1d, 0x1d, 0x2a, 0x81, 0x1d, 0x2a, 0x1d, 0x1d, 0x2a, 0x81, 0x1d, 0x2a,
  0x1d, 0x1d, 0x2a, 0x47, 0x1d, 0x2a, 0x1d, 0x1d, 0x2a, 0x1d, 0x1d, 0x2a,
  0x1d, 0x1d, 0x2a, 0x1d, 0x1d, 0x2a, 0x1d, 0x1d, 0x2a, 0x47, 0x1d, 0x2a,
  0x1d, 0x1d, 0x2a, 0x1d, 0x1d, 0x2a, 0x1d, 0x1d, 0x2a, 0xfc, 0x5f, 0x1d,
  0x2a, 0x1d, 0x1d, 0x2a, 0x1d, 0x1d, 0x2a, 0x1d, 0x1d, 0x2a, 0x1d, 0x1d,
  0x2a, 0x1d, 0x1d, 0x2a, 0x1d, 0x1d, 0x2a, 0x1d, 0x1d, 0x2a, 0x1d, 0x1d,
  0x2a, 0x1d, 0x1d, 0x2a, 0x1d, 0x1d, 0x2a, 0x1d, 0x1d, 0x2a, 0x03, 0x3d,
  0x2a, 0x1d, 0x1d, 0x2a, 0x1d, 0x47, 0x2a, 0x1d, 0x1d, 0x2a, 0x1d, 0x47,
  0x2a, 0x1d, 0x1d, 0x2a, 0x1d, 0x47, 0x2a, 0x1d, 0x1d, 0x2a, 0x1d, 0x47,
  0x2a, 0x1d, 0x1d, 0x2a, 0x1d, 0x1d, 0x2a, 0x1d, 0x1d, 0x2a, 0x1d, 0x47,
  0x2a, 0x1d, 0x1d, 0x2a, 0x1d, 0x47, 0x2a, 0x1d, 0x1d, 0x2a, 0x1d, 0x81,
  0x2a, 0x1d, 0x1d, 0x2a, 0x1d, 0x47, 0x2a, 0x1d, 0x1d, 0x2a, 0x1d, 0x47,
  0x2a, 0x1d, 0x1d, 0x2a, 0x1d, 0x1d, 0x2a, 0x1d, 0x1d, 0x2a, 0x1d, 0x81,
  0x2a, 0x1d, 0x1d, 0x2a, 0x1d, 0xab, 0x2a, 0x1d, 0x1d, 0x2a, 0x1d, 0x1d,
  0x2a, 0x1d, 0x1d, 0x2a, 0x1d, 0x1d, 0x2a, 0x1d, 0x1d, 0x2a, 0x1d, 0x1d,
  0x2a, 0x1d, 0x1d, 0x2a, 0x1d, 0x1d, 0x2a, 0x1d, 0x1d, 0x2a, 0x1d, 0x81,
  0x2a, 0x1d, 0x1d, 0x2a, 0x1d, 0x1d, 0x2a, 0x1d, 0x1d, 0x2a, 0x1d, 0x1d,
  0x2a, 0x1d, 0x1d, 0x2a, 0x1d, 0x1d, 0x2a, 0x1d, 0x1d, 0x2a, 0x1d, 0x03,
  0x3d, 0x2a, 0x1d, 0x1d, 0x2a, 0x1d, 0x1d, 0x2a, 0x1d, 0x1d, 0x2a, 0x1d,
  0x81, 0x2a, 0x1d, 0x1d, 0x2a, 0x1d, 0x81, 0x2a, 0x1d, 0x1d, 0x2a, 0x1d,
  0x47, 0x2a, 0x1d, 0x1d, 0x2a, 0x1d, 0x81, 0x2a, 0x1d, 0x1d, 0x2a, 0x1d,
  0x81, 0x2a, 0x1d, 0x1d, 0x2a, 0x1d, 0x1d, 0x2a, 0x1d, 0x1d, 0x2a, 0x1d,
  0x1d, 0x2a, 0x1d, 0x1d, 0x2a, 0x1d, 0x1d, 0x2a, 0x1d, 0x1d, 0x2a, 0x1d,
  0x1d, 0x2a, 0x1d, 0x1d, 0x2a, 0x1d, 0x47, 0x2a, 0x1d, 0x1d, 0x2a, 0x1d,
  0x1d, 0x2a, 0x1d, 0x1d, 0x2a, 0x1d, 0x1d, 0x2a, 0x1d, 0x1d, 0x2a, 0x1d,
  0x1d, 0x2a, 0x1d, 0x1d, 0x2a, 0x1d, 0x1d, 0x2a, 0x1d, 0x1d, 0x2a, 0x1d,
  0x81, 0x2a, 0x1d, 0x1d, 0x2a, 0x1d, 0xfb, 0x6d, 0x2a, 0x1d, 0x1d, 0x2a,
  0x1d, 0x81, 0x2a, 0x1d, 0x1d, 0x2a, 0x1d, 0x03, 0xa1, 0x2a, 0x1d, 0x1d,
  0x2a, 0x1d, 0x81, 0x2a, 0x1d, 0x1d, 0x2a, 0x1d, 0x47, 0x2a, 0x1d, 0x1d,
  0x2a, 0x1d, 0x47, 0x2a, 0x1d, 0x1d, 0x2a, 0x1d, 0x81, 0x2a, 0x1d, 0x1d,
  0x2a, 0x1d, 0x47, 0x2a, 0x1d, 0x1d, 0x2a, 0x1d, 0xfd, 0x61, 0x2a, 0x1d,
  0x1d, 0x2a, 0x1d, 0x47, 0x2a, 0x1d, 0x1d, 0x2a, 0x1d, 0x81, 0x2a, 0x1d,
  0x1d, 0x2a, 0x1d, 0x81, 0x2a, 0x1d, 0x1d, 0x2a, 0x1d, 0x47, 0x2a, 0x1d,
  0x1d, 0x2a, 0x1d, 0x81, 0x2a, 0x1d, 0x1d, 0x2a, 0x1d, 0x02, 0xd9, 0x2a,
  0x1d, 0x1d, 0x2a, 0x1d, 0xfe, 0x29, 0x2a, 0x1d, 0x1d, 0x2a, 0x1d, 0x81,
  0x2a, 0x1d, 0x1d, 0x2a, 0x1d, 0x81, 0x2a, 0x1d, 0x1d, 0x2a, 0x1d, 0x81,
  0x2a, 0x1d, 0x1d, 0x2a, 0x1d, 0x1d, 0x2a, 0x1d, 0x1d, 0x2a, 0x1d, 0x00,
  0x00, 0x48, 0x00, 0x00, 0x00, 0x00, 0x04, 0x4c, 0x05, 0x14, 0x00, 0x07,
  0x00, 0x0f, 0x00, 0x17, 0x00, 0x1f, 0x00, 0x27, 0x00, 0x2f, 0x00, 0x37,
  0x00, 0x3f, 0x00, 0x47, 0x00, 0x4f, 0x00, 0x57, 0x00, 0x5f, 0x00, 0x67,
  0x00, 0x6f, 0x00, 0x77, 0x00, 0x7f, 0x00, 0x87, 0x00, 0x8f, 0x00, 0x97,
  0x00, 0x9f, 0x00, 0xa7, 0x00, 0xaf, 0x00, 0xb7, 0x00, 0xbf, 0x00, 0xc7,
  0x00, 0xcf, 0x00, 0xd7, 0x00, 0xdf, 0x00, 0xe7, 0x00, 0xef, 0x00, 0xf7,
  0x00, 0xff, 0x01, 0x07, 0x01, 0x0f, 0x01, 0x17, 0x01, 0x1f, 0x01, 0x27,
  0x01, 0x2f, 0x01, 0x37, 0x01, 0x3f, 0x01, 0x47, 0x01, 0x4f, 0x01, 0x57,
  0x01, 0x5f, 0x01, 0x67, 0x01, 0x6f, 0x01, 0x77, 0x01, 0x7f, 0x01, 0x87,
  0x01, 0x8f, 0x01, 0x97, 0x01, 0x9f, 0x01, 0xa7, 0x01, 0xaf, 0x01, 0xb7,
  0x01, 0xbf, 0x01, 0xc7, 0x01, 0xcf, 0x01, 0xd7, 0x01, 0xdf, 0x01, 0xe7,
  0x01, 0xef, 0x01, 0xf7, 0x01, 0xff, 0x02, 0x07, 0x02, 0x0f, 0x02, 0x17,
  0x02, 0x1f, 0x02, 0x27, 0x02, 0x2f, 0x02, 0x37, 0x02, 0x3f, 0x00, 0x00,
  0x10, 0x34, 0x36, 0x32, 0x16, 0x14, 0x06, 0x22, 0x06, 0x34, 0x36, 0x32,
  0x16, 0x14, 0x06, 0x22, 0x06, 0x34, 0x36, 0x32, 0x16, 0x14, 0x06, 0x22,
  0x06, 0x34, 0x36, 0x32, 0x16, 0x14, 0x06, 0x22, 0x06, 0x34, 0x36, 0x32,
  0x16, 0x14, 0x06, 0x22, 0x06, 0x34, 0x36, 0x32, 0x16, 0x14, 0x06, 0x22,
  0x06, 0x34, 0x36, 0x32, 0x16, 0x14, 0x06, 0x22, 0x06, 0x34, 0x36, 0x32,
  0x16, 0x14, 0x06, 0x22, 0x06, 0x34, 0x36, 0x32, 0x16, 0x14, 0x06, 0x22,
  0x36, 0x34, 0x36, 0x32, 0x16, 0x14, 0x06, 0x22, 0x36, 0x34, 0x36, 0x32,
  0x16, 0x14, 0x06, 0x22, 0x36, 0x34, 0x36, 0x32, 0x16, 0x14, 0x06, 0x22,
  0x36, 0x34, 0x36, 0x32, 0x16, 0x14, 0x06, 0x22, 0x36, 0x34, 0x36, 0x32,
  0x16, 0x14, 0x06, 0x22, 0x36, 0x34, 0x36, 0x32, 0x16, 0x14, 0x06, 0x22,
  0x36, 0x34, 0x36, 0x32, 0x16, 0x14, 0x06, 0x22, 0x24, 0x34, 0x36, 0x32,
  0x16, 0x14, 0x06, 0x22, 0x36, 0x34, 0x36, 0x32, 0x16, 0x14, 0x06, 0x22,
  0x36, 0x34, 0x36, 0x32, 0x16, 0x14, 0x06, 0x22, 0x36, 0x34, 0x36, 0x32,
  0x16, 0x14, 0x06, 0x22, 0x36, 0x34, 0x36, 0x32, 0x16, 0x14, 0x06, 0x22,
  0x36, 0x34, 0x36, 0x32, 0x16, 0x14, 0x06, 0x22, 0x36, 0x34, 0x36, 0x32,
  0x16, 0x14, 0x06, 0x22, 0x36, 0x34, 0x36, 0x32, 0x16, 0x14, 0x06, 0x22,
  0x26, 0x34, 0x36, 0x32, 0x16, 0x14, 0x06, 0x22, 0x36, 0x34, 0x36, 0x32,
  0x16, 0x14, 0x06, 0x22, 0x26, 0x34, 0x36, 0x32, 0x16, 0x14, 0x06, 0x22,
  0x36, 0x34, 0x36, 0x32, 0x16, 0x14, 0x06, 0x22, 0x26, 0x34, 0x36, 0x32,
  0x16, 0x14, 0x06, 0x22, 0x36, 0x34, 0x36, 0x32, 0x16, 0x14, 0x06, 0x22,
  0x26, 0x34, 0x36, 0x32, 0x16, 0x14, 0x06, 0x22, 0x36, 0x34, 0x36, 0x32,
  0x16, 0x14, 0x06, 0x22, 0x26, 0x34, 0x36, 0x32, 0x16, 0x14, 0x06, 0x22,
  0x36, 0x34, 0x36, 0x32, 0x16, 0x14, 0x06, 0x22, 0x26, 0x34, 0x36, 0x32,
  0x16, 0x14, 0x06, 0x22, 0x26, 0x34, 0x36, 0x32, 0x16, 0x14, 0x06, 0x22,
  0x26, 0x34, 0x36, 0x32, 0x16, 0x14, 0x06, 0x22, 0x36, 0x34, 0x36, 0x32,
  0x16, 0x14, 0x06, 0x22, 0x26, 0x34, 0x36, 0x32, 0x16, 0x14, 0x06, 0x22,
  0x26, 0x34, 0x36, 0x32, 0x16, 0x14, 0x06, 0x22, 0x36, 0x34, 0x36, 0x32,
  0x16, 0x14, 0x06, 0x22, 0x26, 0x34, 0x36, 0x32, 0x16, 0x14, 0x06, 0x22,
  0x26, 0x34, 0x36, 0x32, 0x16, 0x14, 0x06, 0x22, 0x26, 0x34, 0x36, 0x32,
  0x16, 0x14, 0x06, 0x22, 0x26, 0x34, 0x36, 0x32, 0x16, 0x14, 0x06, 0x22,
  0x26, 0x34, 0x36, 0x32, 0x16, 0x14, 0x06, 0x22, 0x26, 0x34, 0x36, 0x32,
  0x16, 0x14, 0x06, 0x22, 0x26, 0x34, 0x36, 0x32, 0x16, 0x14, 0x06, 0x22,
  0x36, 0x34, 0x36, 0x32, 0x16, 0x14, 0x06, 0x22, 0x36, 0x34, 0x36, 0x32,
  0x16, 0x14, 0x06, 0x22, 0x36, 0x34, 0x36, 0x32, 0x16, 0x14, 0x06, 0x22,
  0x36, 0x34, 0x36, 0x32, 0x16, 0x14, 0x06, 0x22, 0x36, 0x34, 0x36, 0x32,
  0x16, 0x14, 0x06, 0x22, 0x12, 0x34, 0x36, 0x32, 0x16, 0x14, 0x06, 0x22,
  0x26, 0x34, 0x36, 0x32, 0x16, 0x14, 0x06, 0x22, 0x26, 0x34, 0x36, 0x32,
  0x16, 0x14, 0x06, 0x22, 0x04, 0x34, 0x36, 0x32, 0x16, 0x14, 0x06, 0x22,
  0x26, 0x34, 0x36, 0x32, 0x16, 0x14, 0x06, 0x22, 0x26, 0x34, 0x36, 0x32,
  0x16, 0x14, 0x06, 0x22, 0x26, 0x34, 0x36, 0x32, 0x16, 0x14, 0x06, 0x22,
  0x26, 0x34, 0x36, 0x32, 0x16, 0x14, 0x06, 0x22, 0x26, 0x34, 0x36, 0x32,
  0x16, 0x14, 0x06, 0x22, 0x26, 0x34, 0x36, 0x32, 0x16, 0x14, 0x06, 0x22,
  0x26, 0x34, 0x36, 0x32, 0x16, 0x14, 0x06, 0x22, 0x26, 0x34, 0x36, 0x32,
  0x16, 0x14, 0x06, 0x22, 0x26, 0x34, 0x36, 0x32, 0x16, 0x14, 0x06, 0x22,
  0x36, 0x34, 0x36, 0x32, 0x16, 0x14, 0x06, 0x22, 0x26, 0x34, 0x36, 0x32,
  0x16, 0x14, 0x06, 0x22, 0x36, 0x34, 0x36, 0x32, 0x16, 0x14, 0x06, 0x22,
  0x26, 0x34, 0x36, 0x32, 0x16, 0x14, 0x06, 0x22, 0x36, 0x34, 0x36, 0x32,
  0x16, 0x14, 0x06, 0x22, 0x02, 0x34, 0x36, 0x32, 0x16, 0x14, 0x06, 0x22,
  0x1d, 0x2a, 0x1d, 0x1d, 0x2a, 0x1d, 0x1d, 0x2a, 0x1d, 0x1d, 0x2a, 0x1d,
  0x1d, 0x2a, 0x1d, 0x1d, 0x2a, 0x1d, 0x1d, 0x2a, 0x1d, 0x1d, 0x2a, 0x1d,
  0x1d, 0x2a, 0x1d, 0x1d, 0x2a, 0x1d, 0x1d, 0x2a, 0x1d, 0x1d, 0x2a, 0x1d,
  0x1d, 0x2a, 0x1d, 0x1d, 0x2a, 0x1d, 0x1d, 0x2a, 0x1d, 0x1d, 0x2a, 0x1d,
  0x1d, 0x2a, 0x1d, 0x1d, 0x2a, 0x47, 0x1d, 0x2a, 0x1d, 0x1d, 0x2a, 0x47,
  0x1d, 0x2a, 0x1d, 0x1d, 0x2a, 0x47, 0x1d, 0x2a, 0x1d, 0x1d, 0x2a, 0x47,
  0x1d, 0x2a, 0x1d, 0x1d, 0x2a, 0x47, 0x1d, 0x2a, 0x1d, 0x1d, 0x2a, 0x47,
  0x1d, 0x2a, 0x1d, 0x1d, 0x2a, 0x47, 0x1d, 0x2a, 0x1d, 0x1d, 0x2a, 0xfd,
  0xef, 0x1d, 0x2a, 0x1d, 0x1d, 0x2a, 0x47, 0x1d, 0x2a, 0x1d, 0x1d, 0x2a,
  0x47, 0x1d, 0x2a, 0x1d, 0x1d, 0x2a, 0x47, 0x1d, 0x2a, 0x1d, 0x1d, 0x2a,
  0x47, 0x1d, 0x2a, 0x1d, 0x1d, 0x2a, 0x47, 0x1d, 0x2a, 0x1d, 0x1d, 0x2a,
  0x47, 0x1d, 0x2a, 0x1d, 0x1d, 0x2a, 0x47, 0x1d, 0x2a, 0x1d, 0x1d, 0x2a,
  0x81, 0x1d, 0x2a, 0x1d, 0x1d, 0x2a, 0xab, 0x1d, 0x2a, 0x1d, 0x1d, 0x2a,
  0x81, 0x1d, 0x2a, 0x1d, 0x1d, 0x2a, 0x47, 0x1d, 0x2a, 0x1d, 0x1d, 0x2a,
  0x81, 0x1d, 0x2a, 0x1d, 0x1d, 0x2a, 0x47, 0x1d, 0x2a, 0x1d, 0x1d, 0x2a,
  0x81, 0x1d, 0x2a, 0x1d, 0x1d, 0x2a, 0x47, 0x1d, 0x2a, 0x1d, 0x1d, 0x2a,
  0x81, 0x1d, 0x2a, 0x1d, 0x1d, 0x2a, 0x47, 0x1d, 0x2a, 0x1d, 0x1d, 0x2a,
  0x81, 0x1d, 0x2a, 0x1d, 0x1d, 0x2a, 0x1d, 0x1d, 0x2a, 0x1d, 0x1d, 0x2a,
  0x81, 0x1d, 0x2a, 0x1d, 0x1d, 0x2a, 0x47, 0x1d, 0x2a, 0x1d, 0x1d, 0x2a,
  0x81, 0x1d, 0x2a, 0x1d, 0x1d, 0x2a, 0x81, 0x1d, 0x2a, 0x1d, 0x1d, 0x2a,
  0x47, 0x1d, 0x2a, 0x1d, 0x1d, 0x2a, 0x81, 0x1d, 0x2a, 0x1d, 0x1d, 0x2a,
  0x81, 0x1d, 0x2a, 0x1d, 0x1d, 0x2a, 0x81, 0x1d, 0x2a, 0x1d, 0x1d, 0x2a,
  0x81, 0x1d, 0x2a, 0x1d, 0x1d, 0x2a, 0x81, 0x1d, 0x2a, 0x1d, 0x1d, 0x2a,
  0x81, 0x1d, 0x2a, 0x1d, 0x1d, 0x2a, 0x1d, 0x1d, 0x2a, 0x1d, 0x1d, 0x2a,
  0x47, 0x1d, 0x2a, 0x1d, 0x1d, 0x2a, 0x47, 0x1d, 0x2a, 0x1d, 0x1d, 0x2a,
  0x47, 0x1d, 0x2a, 0x1d, 0x1d, 0x2a, 0x47, 0x1d, 0x2a, 0x1d, 0x1d, 0x2a,
  0x47, 0x1d, 0x2a, 0x1d, 0x1d, 0x2a, 0xab, 0x1d, 0x2a, 0x1d, 0x1d, 0x2a,
  0x81, 0x1d, 0x2a, 0x1d, 0x1d, 0x2a, 0x81, 0x1d, 0x2a, 0x1d, 0x1d, 0x2a,
  0xfd, 0x8b, 0x1d, 0x2a, 0x1d, 0x1d, 0x2a, 0x1d, 0x1d, 0x2a, 0x1d, 0x1d,
  0x2a, 0x1d, 0x1d, 0x2a, 0x1d, 0x1d, 0x2a, 0x1d, 0x1d, 0x2a, 0x1d, 0x1d,
  0x2a, 0x1d, 0x1d, 0x2a, 0x1d, 0x1d, 0x2a, 0x1d, 0x1d, 0x2a, 0x1d, 0x1d,
  0x2a, 0x1d, 0x1d, 0x2a, 0x1d, 0x1d, 0x2a, 0x1d, 0x1d, 0x2a, 0x1d, 0x1d,
  0x2a, 0x1d, 0x1d, 0x2a, 0x1d, 0x1d, 0x2a, 0x81, 0x1d, 0x2a, 0x1d, 0x1d,
  0x2a, 0x47, 0x1d, 0x2a, 0x1d, 0x1d, 0x2a, 0x81, 0x1d, 0x2a, 0x1d, 0x1d,
  0x2a, 0x47, 0x1d, 0x2a, 0x1d, 0x1d, 0x2a, 0x81, 0x1d, 0x2a, 0x1d, 0x1d,
  0x2a, 0x47, 0x1d, 0x2a, 0x1d, 0x1d, 0x2a, 0x81, 0x1d, 0x2a, 0x1d, 0x1d,
  0x2a, 0x03, 0xa1, 0x2a, 0x1d, 0x1d, 0x2a, 0x1d, 0xab, 0x2a, 0x1d, 0x1d,
  0x2a, 0x1d, 0x47, 0x2a, 0x1d, 0x1d, 0x2a, 0x1d, 0x47, 0x2a, 0x1d, 0x1d,
  0x2a, 0x1d, 0x47, 0x2a, 0x1d, 0x1d, 0x2a, 0x1d, 0x47, 0x2a, 0x1d, 0x1d,
  0x2a, 0x1d, 0x47, 0x2a, 0x1d, 0x1d, 0x2a, 0x1d, 0x47, 0x2a, 0x1d, 0x1d,
  0x2a, 0x1d, 0x47, 0x2a, 0x1d, 0x1d, 0x2a, 0x1d, 0x1d, 0x2a, 0x1d, 0x1d,
  0x2a, 0x1d, 0x1d, 0x2a, 0x1d, 0x1d, 0x2a, 0x1d, 0x1d, 0x2a, 0x1d, 0x1d,
  0x2a, 0x1d, 0x1d, 0x2a, 0x1d, 0x1d, 0x2a, 0x1d, 0x1d, 0x2a, 0x1d, 0x1d,
  0x2a, 0x1d, 0x1d, 0x2a, 0x1d, 0x1d, 0x2a, 0x1d, 0x1d, 0x2a, 0x1d, 0x1d,
  0x2a, 0x1d, 0x81, 0x2a, 0x1d, 0x1d, 0x2a, 0x1d, 0x1d, 0x2a, 0x1d, 0x1d,
  0x2a, 0x1d, 0x1d, 0x2a, 0x1d, 0x1d, 0x2a, 0x1d, 0x1d, 0x2a, 0x1d, 0x1d,
  0x2a, 0x1d, 0x1d, 0x2a, 0x1d, 0x1d, 0x2a, 0x1d, 0x1d, 0x2a, 0x1d, 0x1d,
  0x2a, 0x1d, 0x1d, 0x2a, 0x1d, 0x1d, 0x2a, 0x1d, 0xe5, 0x2a, 0x1d, 0x1d,
  0x2a, 0x1d, 0x1d, 0x2a, 0x1d, 0x1d, 0x2a, 0x1d, 0x81, 0x2a, 0x1d, 0x1d,
  0x2a, 0x1d, 0x1d, 0x2a, 0x1d, 0x1d, 0x2a, 0x1d, 0x81, 0x2a, 0x1d, 0x1d,
  0x2a, 0x1d, 0x1d, 0x2a, 0x1d, 0x1d, 0x2a, 0x1d, 0x81, 0x2a, 0x1d, 0x1d,
  0x2a, 0x1d, 0x1d, 0x2a, 0x1d, 0x1d, 0x2a, 0x1d, 0x81, 0x2a, 0x1d, 0x1d,
  0x2a, 0x1d, 0x1d, 0x2a, 0x1d, 0x1d, 0x2a, 0x1d, 0x81, 0x2a, 0x1d, 0x1d,
  0x2a, 0x1d, 0x1d, 0x2a, 0x1d, 0x1d, 0x2a, 0x1d, 0x81, 0x2a, 0x1d, 0x1d,
  0x2a, 0x1d, 0x1d, 0x2a, 0x1d, 0x1d, 0x2a, 0x1d, 0x81, 0x2a, 0x1d, 0x1d,
  0x2a, 0x1d, 0x1d, 0x2a, 0x1d, 0x1d, 0x2a, 0x1d, 0x1d, 0x2a, 0x1d, 0x1d,
  0x2a, 0x1d, 0x81, 0x2a, 0x1d, 0x1d, 0x2a, 0x1d, 0x1d, 0x2a, 0x1d, 0x1d,
  0x2a, 0x1d, 0x1d, 0x2a, 0x1d, 0x1d, 0x2a, 0x1d, 0x1d, 0x2a, 0x1d, 0x1d,
  0x2a, 0x1d, 0x1d, 0x2a, 0x1d, 0x1d, 0x2a, 0x1d, 0x1d, 0x2a, 0x1d, 0x1d,
  0x2a, 0x1d, 0x1d, 0x2a, 0x1d, 0x1d, 0x2a, 0x1d, 0x81, 0x2a, 0x1d, 0x1d,
  0x2a, 0x1d, 0x1d, 0x2a, 0x1d, 0x1d, 0x2a, 0x1d, 0x1d, 0x2a, 0x1d, 0x1d,
  0x2a, 0x1d, 0x1d, 0x2a, 0x1d, 0x1d, 0x2a, 0x1d, 0x1d, 0x2a, 0x1d, 0x1d,
  0x2a, 0x1d, 0x1d, 0x2a, 0x1d, 0x1d, 0x2a, 0x1d, 0xfc, 0x35, 0x2a, 0x1d,
  0x1d, 0x2a, 0x1d, 0x1d, 0x2a, 0x1d, 0x1d, 0x2a, 0x1d, 0x1d, 0x2a, 0x1d,
  0x1d, 0x2a, 0x1d, 0x47, 0x2a, 0x1d, 0x1d, 0x2a, 0x1d, 0x81, 0x2a, 0x1d,
  0x1d, 0x2a, 0x1d, 0x81, 0x2a, 0x1d, 0x1d, 0x2a, 0x1d, 0x81, 0x2a, 0x1d,
  0x1d, 0x2a, 0x1d, 0x81, 0x2a, 0x1d, 0x1d, 0x2a, 0x1d, 0x81, 0x2a, 0x1d,
  0x1d, 0x2a, 0x1d, 0x81, 0x2a, 0x1d, 0x1d, 0x2a, 0x1d, 0x81, 0x2a, 0x1d,
  0x1d, 0x2a, 0x1d, 0x81, 0x2a, 0x1d, 0x1d, 0x2a, 0x1d, 0x81, 0x2a, 0x1d,
  0x1d, 0x2a, 0x1d, 0x1d, 0x2a, 0x1d, 0x1d, 0x2a, 0x1d, 0x81, 0x2a, 0x1d,
  0x1d, 0x2a, 0x1d, 0x1d, 0x2a, 0x1d, 0x1d, 0x2a, 0x1d, 0x81, 0x2a, 0x1d,
  0x1d, 0x2a, 0x1d, 0x1d, 0x2a, 0x1d, 0x1d, 0x2a, 0x1d, 0xfe, 0x8d, 0x2a,
  0x1d, 0x1d, 0x2a, 0x1d, 0x00, 0x48, 0x00, 0x00, 0x00, 0x00, 0x03, 0xe8,
  0x05, 0x14, 0x00, 0x07, 0x00, 0x0f, 0x00, 0x17, 0x00, 0x1f, 0x00, 0x27,
  0x00, 0x2f, 0x00, 0x37, 0x00, 0x3f, 0x00, 0x47, 0x00, 0x4f, 0x00, 0x57,
  0x00, 0x5f, 0x00, 0x67, 0x00, 0x6f, 0x00, 0x77, 0x00, 0x7f, 0x00, 0x87,
  0x00, 0x8f, 0x00, 0x97, 0x00, 0x9f, 0x00, 0xa7, 0x00, 0xaf, 0x00, 0xb7,
  0x00, 0xbf, 0x00, 0xc7, 0x00, 0xcf, 0x00, 0xd7, 0x00, 0xdf, 0x00, 0xe7,
  0x00, 0xef, 0x00, 0xf7, 0x00, 0xff, 0x01, 0x07, 0x01, 0x0f, 0x01, 0x17,
  0x01, 0x1f, 0x01, 0x27, 0x01, 0x2f, 0x01, 0x37, 0x01, 0x3f, 0x01, 0x47,
  0x01, 0x4f, 0x01, 0x57, 0x01, 0x5f, 0x01, 0x67, 0x01, 0x6f, 0x01, 0x77,
  0x01, 0x7f, 0x01, 0x87, 0x01, 0x8f, 0x01, 0x97, 0x01, 0x9f, 0x01, 0xa7,
  0x01, 0xaf, 0x01, 0xb7, 0x01, 0xbf, 0x01, 0xc7, 0x01, 0xcf, 0x01, 0xd7,
  0x01, 0xdf, 0x01, 0xe7, 0x01, 0xef, 0x01, 0xf7, 0x01, 0xff, 0x02, 0x07,
  0x02, 0x0f, 0x02, 0x17, 0x02, 0x1f, 0x02, 0x27, 0x02, 0x2f, 0x02, 0x37,
  0x02, 0x3f, 0x00, 0x00, 0x3c, 0x01, 0x36, 0x32, 0x16, 0x14, 0x06, 0x22,
  0x36, 0x34, 0x36, 0x32, 0x16, 0x14, 0x06, 0x22, 0x26, 0x34, 0x36, 0x32,
  0x16, 0x14, 0x06, 0x22, 0x36, 0x34, 0x36, 0x32, 0x16, 0x14, 0x06, 0x22,
  0x26, 0x34, 0x36, 0x32, 0x16, 0x14, 0x06, 0x22, 0x36, 0x34, 0x36, 0x32,
  0x16, 0x14, 0x06, 0x22, 0x26, 0x34, 0x36, 0x32, 0x16, 0x14, 0x06, 0x22,
  0x36, 0x34, 0x36, 0x32, 0x16, 0x14, 0x06, 0x22, 0x26, 0x34, 0x36, 0x32,
  0x16, 0x14, 0x06, 0x22, 0x36, 0x34, 0x36, 0x32, 0x16, 0x14, 0x06, 0x22,
  0x26, 0x34, 0x36, 0x32, 0x16, 0x14, 0x06, 0x22, 0x36, 0x34, 0x36, 0x32,
  0x16, 0x14, 0x06, 0x22, 0x26, 0x34, 0x36, 0x32, 0x16, 0x14, 0x06, 0x22,
  0x36, 0x34, 0x36, 0x32, 0x16, 0x14, 0x06, 0x22, 0x26, 0x34, 0x36, 0x32,
  0x16, 0x14, 0x06, 0x22, 0x36, 0x34, 0x36, 0x32, 0x16, 0x14, 0x06, 0x22,
  0x26, 0x34, 0x36, 0x32, 0x16, 0x14, 0x06, 0x22, 0x36, 0x34, 0x36, 0x32,
  0x16, 0x14, 0x06, 0x22, 0x26, 0x34, 0x36, 0x32, 0x16, 0x14, 0x06, 0x22,
  0x36, 0x34, 0x36, 0x32, 0x16, 0x14, 0x06, 0x22, 0x26, 0x34, 0x36, 0x32,
  0x16, 0x14, 0x06, 0x22, 0x36, 0x34, 0x36, 0x32, 0x16, 0x14, 0x06, 0x22,
  0x24, 0x34, 0x36, 0x32, 0x16, 0x14, 0x06, 0x22, 0x36, 0x34, 0x36, 0x32,
  0x16, 0x14, 0x06, 0x22, 0x26, 0x34, 0x36, 0x32, 0x16, 0x14, 0x06, 0x22,
  0x36, 0x34, 0x36, 0x32, 0x16, 0x14, 0x06, 0x22, 0x36, 0x34, 0x36, 0x32,
  0x16, 0x14, 0x06, 0x22, 0x06, 0x34, 0x36, 0x32, 0x16, 0x14, 0x06, 0x22,
  0x36, 0x34, 0x36, 0x32, 0x16, 0x14, 0x06, 0x22, 0x06, 0x34, 0x36, 0x32,
  0x16, 0x14, 0x06, 0x22, 0x36, 0x34, 0x36, 0x32, 0x16, 0x14, 0x06, 0x22,
  0x06, 0x34, 0x36, 0x32, 0x16, 0x14, 0x06, 0x22, 0x36, 0x34, 0x36, 0x32,
  0x16, 0x14, 0x06, 0x22, 0x06, 0x34, 0x36, 0x32, 0x16, 0x14, 0x06, 0x22,
  0x24, 0x34, 0x36, 0x32, 0x16, 0x14, 0x06, 0x22, 0x06, 0x34, 0x36, 0x32,
  0x16, 0x14, 0x06, 0x22, 0x26, 0x34, 0x36, 0x32, 0x16, 0x14, 0x06, 0x22,
  0x06, 0x34, 0x36, 0x32, 0x16, 0x14, 0x06, 0x22, 0x12, 0x34, 0x36, 0x32,
  0x16, 0x14, 0x06, 0x22, 0x36, 0x34, 0x36, 0x32, 0x16, 0x14, 0x06, 0x22,
  0x26, 0x34, 0x36, 0x32, 0x16, 0x14, 0x06, 0x22, 0x36, 0x34, 0x36, 0x32,
  0x16, 0x14, 0x06, 0x22, 0x36, 0x34, 0x36, 0x32, 0x16, 0x14, 0x06, 0x22,
  0x06, 0x34, 0x36, 0x32, 0x16, 0x14, 0x06, 0x22, 0x36, 0x34, 0x36, 0x32,
  0x16, 0x14, 0x06, 0x22, 0x06, 0x34, 0x36, 0x32, 0x16, 0x14, 0x06, 0x22,
  0x36, 0x34, 0x36, 0x32, 0x16, 0x14, 0x06, 0x22, 0x06, 0x34, 0x36, 0x32,
  0x16, 0x14, 0x06, 0x22, 0x36, 0x34, 0x36, 0x32, 0x16, 0x14, 0x06, 0x22,
  0x06, 0x34, 0x36, 0x32, 0x16, 0x14, 0x06, 0x22, 0x24, 0x34, 0x36, 0x32,
  0x16, 0x14, 0x06, 0x22, 0x06, 0x34, 0x36, 0x32, 0x16, 0x14, 0x06, 0x22,
  0x26, 0x34, 0x36, 0x32, 0x16, 0x14, 0x06, 0x22, 0x06, 0x34, 0x36, 0x32,
  0x16, 0x14, 0x06, 0x22, 0x12, 0x34, 0x36, 0x32, 0x16, 0x14, 0x06, 0x22,
  0x36, 0x34, 0x36, 0x32, 0x16, 0x14, 0x06, 0x22, 0x26, 0x34, 0x36, 0x32,
  0x16, 0x14, 0x06, 0x22, 0x36, 0x34, 0x36, 0x32, 0x16, 0x14, 0x06, 0x22,
  0x16, 0x34, 0x36, 0x32, 0x16, 0x14, 0x06, 0x22, 0x36, 0x34, 0x36, 0x32,
  0x16, 0x14, 0x06, 0x22, 0x26, 0x34, 0x36, 0x32, 0x16, 0x14, 0x06, 0x22,
  0x36, 0x34, 0x36, 0x32, 0x16, 0x14, 0x06, 0x22, 0x16, 0x34, 0x36, 0x32,
  0x16, 0x14, 0x06, 0x22, 0x26, 0x34, 0x36, 0x32, 0x16, 0x14, 0x06, 0x22,
  0x24, 0x34, 0x36, 0x32, 0x16, 0x14, 0x06, 0x22, 0x06, 0x34, 0x36, 0x32,
  0x16, 0x14, 0x06, 0x22, 0x26, 0x34, 0x36, 0x32, 0x16, 0x14, 0x06, 0x22,
  0x06, 0x34, 0x36, 0x32, 0x16, 0x14, 0x06, 0x22, 0x02, 0x34, 0x36, 0x32,
  0x16, 0x14, 0x06, 0x22, 0x06, 0x34, 0x36, 0x32, 0x16, 0x14, 0x06, 0x22,
  0x26, 0x34, 0x36, 0x32, 0x16, 0x14, 0x06, 0x22, 0x06, 0x34, 0x36, 0x32,
  0x16, 0x14, 0x06, 0x22, 0x1d, 0x2a, 0x1d, 0x1d, 0x2a, 0x47, 0x1d, 0x2a,
  0x1d, 0x1d, 0x2a, 0x81, 0x1d, 0x2a, 0x1d, 0x1d, 0x2a, 0x47, 0x1d, 0x2a,
  0x1d, 0x1d, 0x2a, 0x81, 0x1d, 0x2a, 0x1d, 0x1d, 0x2a, 0x47, 0x1d, 0x2a,
  0x1d, 0x1d, 0x2a, 0x81, 0x1d, 0x2a, 0x1d, 0x1d, 0x2a, 0x47, 0x1d, 0x2a,
  0x1d, 0x1d, 0x2a, 0x81, 0x1d, 0x2a, 0x1d, 0x1d, 0x2a, 0x47, 0x1d, 0x2a,
  0x1d, 0x1d, 0x2a, 0x81, 0x1d, 0x2a, 0x1d, 0x1d, 0x2a, 0x47, 0x1d, 0x2a,
  0x1d, 0x1d, 0x2a, 0x81, 0x1d, 0x2a, 0x1d, 0x1d, 0x2a, 0x47, 0x1d, 0x2a,
  0x1d, 0x1d, 0x2a, 0x81, 0x1d, 0x2a, 0x1d, 0x1d, 0x2a, 0x47, 0x1d, 0x2a,
  0x1d, 0x1d, 0x2a, 0x81, 0x1d, 0x2a, 0x1d, 0x1d, 0x2a, 0x47, 0x1d, 0x2a,
  0x1d, 0x1d, 0x2a, 0x81, 0x1d, 0x2a, 0x1d, 0x1d, 0x2a, 0x47, 0x1d, 0x2a,
  0x1d, 0x1d, 0x2a, 0x81, 0x1d, 0x2a, 0x1d, 0x1d, 0x2a, 0x47, 0x1d, 0x2a,
  0x1d, 0x1d, 0x2a, 0x01, 0x0f, 0x1d, 0x2a, 0x1d, 0x1d, 0x2a, 0x47, 0x1d,
  0x2a, 0x1d, 0x1d, 0x2a, 0x81, 0x1d, 0x2a, 0x1d, 0x1d, 0x2a, 0x47, 0x1d,
  0x2a, 0x1d, 0x1d, 0x2a, 0x47, 0x1d, 0x2a, 0x1d, 0x1d, 0x2a, 0x1d, 0x1d,
  0x2a, 0x1d, 0x1d, 0x2a, 0x47, 0x1d, 0x2a, 0x1d, 0x1d, 0x2a, 0x1d, 0x1d,
  0x2a, 0x1d, 0x1d, 0x2a, 0x47, 0x1d, 0x2a, 0x1d, 0x1d, 0x2a, 0x1d, 0x1d,
  0x2a, 0x1d, 0x1d, 0x2a, 0x47, 0x1d, 0x2a, 0x1d, 0x1d, 0x2a, 0x1d, 0x1d,
  0x2a, 0x1d, 0x1d, 0x2a, 0xfd, 0x8b, 0x1d, 0x2a, 0x1d, 0x1d, 0x2a, 0x1d,
  0x1d, 0x2a, 0x1d, 0x1d, 0x2a, 0x81, 0x1d, 0x2a, 0x1d, 0x1d, 0x2a, 0x1d,
  0x1d, 0x2a, 0x1d, 0x1d, 0x2a, 0xab, 0x1d, 0x2a, 0x1d, 0x1d, 0x2a, 0x47,
  0x1d, 0x2a, 0x1d, 0x1d, 0x2a, 0x81, 0x1d, 0x2a, 0x1d, 0x1d, 0x2a, 0x47,
  0x1d, 0x2a, 0x1d, 0x1d, 0x2a, 0x47, 0x1d, 0x2a, 0x1d, 0x1d, 0x2a, 0x1d,
  0x1d, 0x2a, 0x1d, 0x1d, 0x2a, 0x47, 0x1d, 0x2a, 0x1d, 0x1d, 0x2a, 0x1d,
  0x1d, 0x2a, 0x1d, 0x1d, 0x2a, 0x47, 0x1d, 0x2a, 0x1d, 0x1d, 0x2a, 0x1d,
  0x1d, 0x2a, 0x1d, 0x1d, 0x2a, 0x47, 0x1d, 0x2a, 0x1d, 0x1d, 0x2a, 0x1d,
  0x1d, 0x2a, 0x1d, 0x1d, 0x2a, 0xfd, 0x8b, 0x1d, 0x2a, 0x1d, 0x1d, 0x2a,
  0x1d, 0x1d, 0x2a, 0x1d, 0x1d, 0x2a, 0x81, 0x1d, 0x2a, 0x1d, 0x1d, 0x2a,
  0x1d, 0x1d, 0x2a, 0x1d, 0x1d, 0x2a, 0xab, 0x1d, 0x2a, 0x1d, 0x1d, 0x2a,
  0x47, 0x1d, 0x2a, 0x1d, 0x1d, 0x2a, 0x81, 0x1d, 0x2a, 0x1d, 0x1d, 0x2a,
  0x47, 0x1d, 0x2a, 0x1d, 0x1d, 0x2a, 0x47, 0x1d, 0x2a, 0x1d, 0x1d, 0x2a,
  0x47, 0x1d, 0x2a, 0x1d, 0x1d, 0x2a, 0x81, 0x1d, 0x2a, 0x1d, 0x1d, 0x2a,
  0x47, 0x1d, 0x2a, 0x1d, 0x1d, 0x2a, 0x47, 0x1d, 0x2a, 0x1d, 0x1d, 0x2a,
  0x1d, 0x1d, 0x2a, 0x1d, 0x1d, 0x2a, 0xfd, 0xef, 0x1d, 0x2a, 0x1d, 0x1d,
  0x2a, 0x1d, 0x1d, 0x2a, 0x1d, 0x1d, 0x2a, 0x81, 0x1d, 0x2a, 0x1d, 0x1d,
  0x2a, 0x1d, 0x1d, 0x2a, 0x1d, 0x1d, 0x2a, 0x81, 0x1d, 0x2a, 0x1d, 0x1d,
  0x2a, 0x1d, 0x1d, 0x2a, 0x1d, 0x1d, 0x2a, 0x81, 0x1d, 0x2a, 0x1d, 0x1d,
  0x2a, 0x1d, 0x1d, 0x2a, 0x1d, 0x1d, 0x2a, 0x1d, 0x2a, 0x1d, 0x1d, 0x2a,
  0x1d, 0x1d, 0x2a, 0x1d, 0x1d, 0x2a, 0x1d, 0x81, 0x2a, 0x1d, 0x1d, 0x2a,
  0x1d, 0x1d, 0x2a, 0x1d, 0x1d, 0x2a, 0x1d, 0x81, 0x2a, 0x1d, 0x1d, 0x2a,
  0x1d, 0x1d, 0x2a, 0x1d, 0x1d, 0x2a, 0x1d, 0x81, 0x2a, 0x1d, 0x1d, 0x2a,
  0x1d, 0x1d, 0x2a, 0x1d, 0x1d, 0x2a, 0x1d, 0x81, 0x2a, 0x1d, 0x1d, 0x2a,
  0x1d, 0x1d, 0x2a, 0x1d, 0x1d, 0x2a, 0x1d, 0x81, 0x2a, 0x1d, 0x1d, 0x2a,
  0x1d, 0x1d, 0x2a, 0x1d, 0x1d, 0x2a, 0x1d, 0x81, 0x2a, 0x1d, 0x1d, 0x2a,
  0x1d, 0x1d, 0x2a, 0x1d, 0x1d, 0x2a, 0x1d, 0x81, 0x2a, 0x1d, 0x1d, 0x2a,
  0x1d, 0x1d, 0x2a, 0x1d, 0x1d, 0x2a, 0x1d, 0x81, 0x2a, 0x1d, 0x1d, 0x2a,
  0x1d, 0x1d, 0x2a, 0x1d, 0x1d, 0x2a, 0x1d, 0x81, 0x2a, 0x1d, 0x1d, 0x2a,
  0x1d, 0x1d, 0x2a, 0x1d, 0x1d, 0x2a, 0x1d, 0x81, 0x2a, 0x1d, 0x1d, 0x2a,
  0x1d, 0x1d, 0x2a, 0x1d, 0x1d, 0x2a, 0x1d, 0x81, 0x2a, 0x1d, 0x1d, 0x2a,
  0x1d, 0x1d, 0x2a, 0x1d, 0x1d, 0x2a, 0x1d, 0x81, 0x2a, 0x1d, 0x1d, 0x2a,
  0x1d, 0x1d, 0x2a, 0x1d, 0x1d, 0x2a, 0x1d, 0x1d, 0x2a, 0x1d, 0x1d, 0x2a,
  0x1d, 0x47, 0x2a, 0x1d, 0x1d, 0x2a, 0x1d, 0x81, 0x2a, 0x1d, 0x1d, 0x2a,
  0x1d, 0x47, 0x2a, 0x1d, 0x1d, 0x2a, 0x1d, 0x81, 0x2a, 0x1d, 0x1d, 0x2a,
  0x1d, 0x47, 0x2a, 0x1d, 0x1d, 0x2a, 0x1d, 0x81, 0x2a, 0x1d, 0x1d, 0x2a,
  0x1d, 0x47, 0x2a, 0x1d, 0x1d, 0x2a, 0x1d, 0x81, 0x2a, 0x1d, 0x1d, 0x2a,
  0x1d, 0x47, 0x2a, 0x1d, 0x1d, 0x2a, 0x1d, 0x81, 0x2a, 0x1d, 0x1d, 0x2a,
  0x1d, 0x47, 0x2a, 0x1d, 0x1d, 0x2a, 0x1d, 0xfb, 0xd1, 0x2a, 0x1d, 0x1d,
  0x2a, 0x1d, 0x1d, 0x2a, 0x1d, 0x1d, 0x2a, 0x1d, 0x81, 0x2a, 0x1d, 0x1d,
  0x2a, 0x1d, 0x1d, 0x2a, 0x1d, 0x1d, 0x2a, 0x1d, 0x1d, 0x2a, 0x1d, 0x1d,
  0x2a, 0x1d, 0x47, 0x2a, 0x1d, 0x1d, 0x2a, 0x1d, 0x81, 0x2a, 0x1d, 0x1d,
  0x2a, 0x1d, 0x47, 0x2a, 0x1d, 0x1d, 0x2a, 0x1d, 0x81, 0x2a, 0x1d, 0x1d,
  0x2a, 0x1d, 0x47, 0x2a, 0x1d, 0x1d, 0x2a, 0x1d, 0x81, 0x2a, 0x1d, 0x1d,
  0x2a, 0x1d, 0x47, 0x2a, 0x1d, 0x1d, 0x2a, 0x1d, 0x81, 0x2a, 0x1d, 0x1d,
  0x2a, 0x1d, 0x47, 0x2a, 0x1d, 0x1d, 0x2a, 0x1d, 0x81, 0x2a, 0x1d, 0x1d,
  0x2a, 0x1d, 0x47, 0x2a, 0x1d, 0x1d, 0x2a, 0x1d, 0x02, 0x75, 0x2a, 0x1d,
  0x1d, 0x2a, 0x1d, 0x1d, 0x2a, 0x1d, 0x1d, 0x2a, 0x1d, 0x81, 0x2a, 0x1d,
  0x1d, 0x2a, 0x1d, 0x1d, 0x2a, 0x1d, 0x1d, 0x2a, 0x1d, 0x47, 0x2a, 0x1d,
  0x1d, 0x2a, 0x1d, 0x1d, 0x2a, 0x1d, 0x1d, 0x2a, 0x1d, 0x81, 0x2a, 0x1d,
  0x1d, 0x2a, 0x1d, 0x1d, 0x2a, 0x1d, 0x1d, 0x2a, 0x1d, 0x47, 0x2a, 0x1d,
  0x1d, 0x2a, 0x1d, 0x81, 0x2a, 0x1d, 0x1d, 0x2a, 0x1d, 0x1d, 0x2a, 0x1d,
  0x1d, 0x2a, 0x1d, 0x47, 0x2a, 0x1d, 0x1d, 0x2a, 0x1d, 0x81, 0x2a, 0x1d,
  0x1d, 0x2a, 0x1d, 0x47, 0x2a, 0x1d, 0x1d, 0x2a, 0x1d, 0x02, 0x75, 0x2a,
  0x1d, 0x1d, 0x2a, 0x1d, 0x47, 0x2a, 0x1d, 0x1d, 0x2a, 0x1d, 0x81, 0x2a,
  0x1d, 0x1d, 0x2a, 0x1d, 0x47, 0x2a, 0x1d, 0x1d, 0x2a, 0x1d, 0x00, 0x00,
  0x00, 0x38, 0x00, 0x00, 0x00, 0x00, 0x03, 0xe8, 0x05, 0x14, 0x00, 0x07,
  0x00, 0x0f, 0x00, 0x17, 0x00, 0x1f, 0x00, 0x27, 0x00, 0x2f, 0x00, 0x37,
  0x00, 0x3f, 0x00, 0x47, 0x00, 0x4f, 0x00, 0x57, 0x00, 0x5f, 0x00, 0x67,
  0x00, 0x6f, 0x00, 0x77, 0x00, 0x7f, 0x00, 0x87, 0x00, 0x8f, 0x00, 0x97,
  0x00, 0x9f, 0x00, 0xa7, 0x00, 0xaf, 0x00, 0xb7, 0x00, 0xbf, 0x00, 0xc7,
  0x00, 0xcf, 0x00, 0xd7, 0x00, 0xdf, 0x00, 0xe7, 0x00, 0xef, 0x00, 0xf7,
  0x00, 0xff, 0x01, 0x07, 0x01, 0x0f, 0x01, 0x17, 0x01, 0x1f, 0x01, 0x27,
  0x01, 0x2f, 0x01, 0x37, 0x01, 0x3f, 0x01, 0x47, 0x01, 0x4f, 0x01, 0x57,
  0x01, 0x5f, 0x01, 0x67, 0x01, 0x6f, 0x01, 0x77, 0x01, 0x7f, 0x01, 0x87,
  0x01, 0x8f, 0x01, 0x97, 0x01, 0x9f, 0x01, 0xa7, 0x01, 0xaf, 0x01, 0xb7,
  0x01, 0xbf, 0x00, 0x00, 0x3c, 0x01, 0x36, 0x32, 0x16, 0x14, 0x06, 0x22,
  0x36, 0x34, 0x36, 0x32, 0x16, 0x14, 0x06, 0x22, 0x26, 0x34, 0x36, 0x32,
  0x16, 0x14, 0x06, 0x22, 0x36, 0x34, 0x36, 0x32, 0x16, 0x14, 0x06, 0x22,
  0x26, 0x34, 0x36, 0x32, 0x16, 0x14, 0x06, 0x22, 0x36, 0x34, 0x36, 0x32,
  0x16, 0x14, 0x06, 0x22, 0x26, 0x34, 0x36, 0x32, 0x16, 0x14, 0x06, 0x22,
  0x36, 0x34, 0x36, 0x32, 0x16, 0x14, 0x06, 0x22, 0x26, 0x34, 0x36, 0x32,
  0x16, 0x14, 0x06, 0x22, 0x36, 0x34, 0x36, 0x32, 0x16, 0x14, 0x06, 0x22,
  0x26, 0x34, 0x36, 0x32, 0x16, 0x14, 0x06, 0x22, 0x36, 0x34, 0x36, 0x32,
  0x16, 0x14, 0x06, 0x22, 0x26, 0x34, 0x36, 0x32, 0x16, 0x14, 0x06, 0x22,
  0x36, 0x34, 0x36, 0x32, 0x16, 0x14, 0x06, 0x22, 0x26, 0x34, 0x36, 0x32,
  0x16, 0x14, 0x06, 0x22, 0x36, 0x34, 0x36, 0x32, 0x16, 0x14, 0x06, 0x22,
  0x26, 0x34, 0x36, 0x32, 0x16, 0x14, 0x06, 0x22, 0x36, 0x34, 0x36, 0x32,
  0x16, 0x14, 0x06, 0x22, 0x26, 0x34, 0x36, 0x32, 0x16, 0x14, 0x06, 0x22,
  0x36, 0x34, 0x36, 0x32, 0x16, 0x14, 0x06, 0x22, 0x26, 0x34, 0x36, 0x32,
  0x16, 0x14, 0x06, 0x22, 0x36, 0x34, 0x36, 0x32, 0x16, 0x14, 0x06, 0x22,
  0x24, 0x34, 0x36, 0x32, 0x16, 0x14, 0x06, 0x22, 0x36, 0x34, 0x36, 0x32,
  0x16, 0x14, 0x06, 0x22, 0x26, 0x34, 0x36, 0x32, 0x16, 0x14, 0x06, 0x22,
  0x36, 0x34, 0x36, 0x32, 0x16, 0x14, 0x06, 0x22, 0x36, 0x34, 0x36, 0x32,
  0x16, 0x14, 0x06, 0x22, 0x06, 0x34, 0x36, 0x32, 0x16, 0x14, 0x06, 0x22,
  0x36, 0x34, 0x36, 0x32, 0x16, 0x14, 0x06, 0x22, 0x06, 0x34, 0x36, 0x32,
  0x16, 0x14, 0x06, 0x22, 0x36, 0x34, 0x36, 0x32, 0x16, 0x14, 0x06, 0x22,
  0x06, 0x34, 0x36, 0x32, 0x16, 0x14, 0x06, 0x22, 0x36, 0x34, 0x36, 0x32,
  0x16, 0x14, 0x06, 0x22, 0x06, 0x34, 0x36, 0x32, 0x16, 0x14, 0x06, 0x22,
  0x24, 0x34, 0x36, 0x32, 0x16, 0x14, 0x06, 0x22, 0x06, 0x34, 0x36, 0x32,
  0x16, 0x14, 0x06, 0x22, 0x26, 0x34, 0x36, 0x32, 0x16, 0x14, 0x06, 0x22,
  0x06, 0x34, 0x36, 0x32, 0x16, 0x14, 0x06, 0x22, 0x12, 0x34, 0x36, 0x32,
  0x16, 0x14, 0x06, 0x22, 0x36, 0x34, 0x36, 0x32, 0x16, 0x14, 0x06, 0x22,
  0x26, 0x34, 0x36, 0x32, 0x16, 0x14, 0x06, 0x22, 0x36, 0x34, 0x36, 0x32,
  0x16, 0x14, 0x06, 0x22, 0x16, 0x34, 0x36, 0x32, 0x16, 0x14, 0x06, 0x22,
  0x36, 0x34, 0x36, 0x32, 0x16, 0x14, 0x06, 0x22, 0x26, 0x34, 0x36, 0x32,
  0x16, 0x14, 0x06, 0x22, 0x36, 0x34, 0x36, 0x32, 0x16, 0x14, 0x06, 0x22,
  0x16, 0x34, 0x36, 0x32, 0x16, 0x14, 0x06, 0x22, 0x26, 0x34, 0x36, 0x32,
  0x16, 0x14, 0x06, 0x22, 0x24, 0x34, 0x36, 0x32, 0x16, 0x14, 0x06, 0x22,
  0x06, 0x34, 0x36, 0x32, 0x16, 0x14, 0x06, 0x22, 0x26, 0x34, 0x36, 0x32,
  0x16, 0x14, 0x06, 0x22, 0x06, 0x34, 0x36, 0x32, 0x16, 0x14, 0x06, 0x22,
  0x02, 0x34, 0x36, 0x32, 0x16, 0x14, 0x06, 0x22, 0x06, 0x34, 0x36, 0x32,
  0x16, 0x14, 0x06, 0x22, 0x26, 0x34, 0x36, 0x32, 0x16, 0x14, 0x06, 0x22,
  0x06, 0x34, 0x36, 0x32, 0x16, 0x14, 0x06, 0x22, 0x1d, 0x2a, 0x1d, 0x1d,
  0x2a, 0x47, 0x1d, 0x2a, 0x1d, 0x1d, 0x2a, 0x81, 0x1d, 0x2a, 0x1d, 0x1d,
  0x2a, 0x47, 0x1d, 0x2a, 0x1d, 0x1d, 0x2a, 0x81, 0x1d, 0x2a, 0x1d, 0x1d,
  0x2a, 0x47, 0x1d, 0x2a, 0x1d, 0x1d, 0x2a, 0x81, 0x1d, 0x2a, 0x1d, 0x1d,
  0x2a, 0x47, 0x1d, 0x2a, 0x1d, 0x1d, 0x2a, 0x81, 0x1d, 0x2a, 0x1d, 0x1d,
  0x2a, 0x47, 0x1d, 0x2a, 0x1d, 0x1d, 0x2a, 0x81, 0x1d, 0x2a, 0x1d, 0x1d,
  0x2a, 0x47, 0x1d, 0x2a, 0x1d, 0x1d, 0x2a, 0x81, 0x1d, 0x2a, 0x1d, 0x1d,
  0x2a, 0x47, 0x1d, 0x2a, 0x1d, 0x1d, 0x2a, 0x81, 0x1d, 0x2a, 0x1d, 0x1d,
  0x2a, 0x47, 0x1d, 0x2a, 0x1d, 0x1d, 0x2a, 0x81, 0x1d, 0x2a, 0x1d, 0x1d,
  0x2a, 0x47, 0x1d, 0x2a, 0x1d, 0x1d, 0x2a, 0x81, 0x1d, 0x2a, 0x1d, 0x1d,
  0x2a, 0x47, 0x1d, 0x2a, 0x1d, 0x1d, 0x2a, 0x81, 0x1d, 0x2a, 0x1d, 0x1d,
  0x2a, 0x47, 0x1d, 0x2a, 0x1d, 0x1d, 0x2a, 0x01, 0x0f, 0x1d, 0x2a, 0x1d,
  0x1d, 0x2a, 0x47, 0x1d, 0x2a, 0x1d, 0x1d, 0x2a, 0x81, 0x1d, 0x2a, 0x1d,
  0x1d, 0x2a, 0x47, 0x1d, 0x2a, 0x1d, 0x1d, 0x2a, 0x47, 0x1d, 0x2a, 0x1d,
  0x1d, 0x2a, 0x1d, 0x1d, 0x2a, 0x1d, 0x1d, 0x2a, 0x47, 0x1d, 0x2a, 0x1d,
  0x1d, 0x2a, 0x1d, 0x1d, 0x2a, 0x1d, 0x1d, 0x2a, 0x47, 0x1d, 0x2a, 0x1d,
  0x1d, 0x2a, 0x1d, 0x1d, 0x2a, 0x1d, 0x1d, 0x2a, 0x47, 0x1d, 0x2a, 0x1d,
  0x1d, 0x2a, 0x1d, 0x1d, 0x2a, 0x1d, 0x1d, 0x2a, 0xfd, 0x8b, 0x1d, 0x2a,
  0x1d, 0x1d, 0x2a, 0x1d, 0x1d, 0x2a, 0x1d, 0x1d, 0x2a, 0x81, 0x1d, 0x2a,
  0x1d, 0x1d, 0x2a, 0x1d, 0x1d, 0x2a, 0x1d, 0x1d, 0x2a, 0xab, 0x1d, 0x2a,
  0x1d, 0x1d, 0x2a, 0x47, 0x1d, 0x2a, 0x1d, 0x1d, 0x2a, 0x81, 0x1d, 0x2a,
  0x1d, 0x1d, 0x2a, 0x47, 0x1d, 0x2a, 0x1d, 0x1d, 0x2a, 0x47, 0x1d, 0x2a,
  0x1d, 0x1d, 0x2a, 0x47, 0x1d, 0x2a, 0x1d, 0x1d, 0x2a, 0x81, 0x1d, 0x2a,
  0x1d, 0x1d, 0x2a, 0x47, 0x1d, 0x2a, 0x1d, 0x1d, 0x2a, 0x47, 0x1d, 0x2a,
  0x1d, 0x1d, 0x2a, 0x1d, 0x1d, 0x2a, 0x1d, 0x1d, 0x2a, 0xfd, 0xef, 0x1d,
  0x2a, 0x1d, 0x1d, 0x2a, 0x1d, 0x1d, 0x2a, 0x1d, 0x1d, 0x2a, 0x81, 0x1d,
  0x2a, 0x1d, 0x1d, 0x2a, 0x1d, 0x1d, 0x2a, 0x1d, 0x1d, 0x2a, 0x81, 0x1d,
  0x2a, 0x1d, 0x1d, 0x2a, 0x1d, 0x1d, 0x2a, 0x1d, 0x1d, 0x2a, 0x81, 0x1d,
  0x2a, 0x1d, 0x1d, 0x2a, 0x1d, 0x1d, 0x2a, 0x1d, 0x1d, 0x2a, 0x1d, 0x2a,
  0x1d, 0x1d, 0x2a, 0x1d, 0x1d, 0x2a, 0x1d, 0x1d, 0x2a, 0x1d, 0x81, 0x2a,
  0x1d, 0x1d, 0x2a, 0x1d, 0x1d, 0x2a, 0x1d, 0x1d, 0x2a, 0x1d, 0x81, 0x2a,
  0x1d, 0x1d, 0x2a, 0x1d, 0x1d, 0x2a, 0x1d, 0x1d, 0x2a, 0x1d, 0x81, 0x2a,
  0x1d, 0x1d, 0x2a, 0x1d, 0x1d, 0x2a, 0x1d, 0x1d, 0x2a, 0x1d, 0x81, 0x2a,
  0x1d, 0x1d, 0x2a, 0x1d, 0x1d, 0x2a, 0x1d, 0x1d, 0x2a, 0x1d, 0x81, 0x2a,
  0x1d, 0x1d, 0x2a, 0x1d, 0x1d, 0x2a, 0x1d, 0x1d, 0x2a, 0x1d, 0x81, 0x2a,
  0x1d, 0x1d, 0x2a, 0x1d, 0x1d, 0x2a, 0x1d, 0x1d, 0x2a, 0x1d, 0x81, 0x2a,
  0x1d, 0x1d, 0x2a, 0x1d, 0x1d, 0x2a, 0x1d, 0x1d, 0x2a, 0x1d, 0x81, 0x2a,
  0x1d, 0x1d, 0x2a, 0x1d, 0x1d, 0x2a, 0x1d, 0x1d, 0x2a, 0x1d, 0x81, 0x2a,
  0x1d, 0x1d, 0x2a, 0x1d, 0x1d, 0x2a, 0x1d, 0x1d, 0x2a, 0x1d, 0x81, 0x2a,
  0x1d, 0x1d, 0x2a, 0x1d, 0x1d, 0x2a, 0x1d, 0x1d, 0x2a, 0x1d, 0x81, 0x2a,
  0x1d, 0x1d, 0x2a, 0x1d, 0x1d, 0x2a, 0x1d, 0x1d, 0x2a, 0x1d, 0x81, 0x2a,
  0x1d, 0x1d, 0x2a, 0x1d, 0x1d, 0x2a, 0x1d, 0x1d, 0x2a, 0x1d, 0x1d, 0x2a,
  0x1d, 0x1d, 0x2a, 0x1d, 0x47, 0x2a, 0x1d, 0x1d, 0x2a, 0x1d, 0x81, 0x2a,
  0x1d, 0x1d, 0x2a, 0x1d, 0x47, 0x2a, 0x1d, 0x1d, 0x2a, 0x1d, 0x81, 0x2a,
  0x1d, 0x1d, 0x2a, 0x1d, 0x47, 0x2a, 0x1d, 0x1d, 0x2a, 0x1d, 0x81, 0x2a,
  0x1d, 0x1d, 0x2a, 0x1d, 0x47, 0x2a, 0x1d, 0x1d, 0x2a, 0x1d, 0x81, 0x2a,
  0x1d, 0x1d, 0x2a, 0x1d, 0x47, 0x2a, 0x1d, 0x1d, 0x2a, 0x1d, 0x81, 0x2a,
  0x1d, 0x1d, 0x2a, 0x1d, 0x47, 0x2a, 0x1d, 0x1d, 0x2a, 0x1d, 0xfe, 0x29,
  0x2a, 0x1d, 0x1d, 0x2a, 0x1d, 0x1d, 0x2a, 0x1d, 0x1d, 0x2a, 0x1d, 0x81,
  0x2a, 0x1d, 0x1d, 0x2a, 0x1d, 0x1d, 0x2a, 0x1d, 0x1d, 0x2a, 0x1d, 0x47,
  0x2a, 0x1d, 0x1d, 0x2a, 0x1d, 0x1d, 0x2a, 0x1d, 0x1d, 0x2a, 0x1d, 0x81,
  0x2a, 0x1d, 0x1d, 0x2a, 0x1d, 0x1d, 0x2a, 0x1d, 0x1d, 0x2a, 0x1d, 0x47,
  0x2a, 0x1d, 0x1d, 0x2a, 0x1d, 0x81, 0x2a, 0x1d, 0x1d, 0x2a, 0x1d, 0x1d,
  0x2a, 0x1d, 0x1d, 0x2a, 0x1d, 0x47, 0x2a, 0x1d, 0x1d, 0x2a, 0x1d, 0x81,
  0x2a, 0x1d, 0x1d, 0x2a, 0x1d, 0x47, 0x2a, 0x1d, 0x1d, 0x2a, 0x1d, 0x02,
  0x75, 0x2a, 0x1d, 0x1d, 0x2a, 0x1d, 0x47, 0x2a, 0x1d, 0x1d, 0x2a, 0x1d,
  0x81, 0x2a, 0x1d, 0x1d, 0x2a, 0x1d, 0x47, 0x2a, 0x1d, 0x1d, 0x2a, 0x1d,
  0x00, 0x4c, 0x00, 0x00, 0x00, 0x00, 0x04, 0x4c, 0x05, 0x14, 0x00, 0x07,
  0x00, 0x0f, 0x00, 0x17, 0x00, 0x1f, 0x00, 0x27, 0x00, 0x2f, 0x00, 0x37,
  0x00, 0x3f, 0x00, 0x47, 0x00, 0x4f, 0x00, 0x57, 0x00, 0x5f, 0x00, 0x67,
  0x00, 0x6f, 0x00, 0x77, 0x00, 0x7f, 0x00, 0x87, 0x00, 0x8f, 0x00, 0x97,
  0x00, 0x9f, 0x00, 0xa7, 0x00, 0xaf, 0x00, 0xb7, 0x00, 0xbf, 0x00, 0xc7,
  0x00, 0xcf, 0x00, 0xd7, 0x00, 0xdf, 0x00, 0xe7, 0x00, 0xef, 0x00, 0xf7,
  0x00, 0xff, 0x01, 0x07, 0x01, 0x0f, 0x01, 0x17, 0x01, 0x1f, 0x01, 0x27,
  0x01, 0x2f, 0x01, 0x37, 0x01, 0x3f, 0x01, 0x47, 0x01, 0x4f, 0x01, 0x57,
  0x01, 0x5f, 0x01, 0x67, 0x01, 0x6f, 0x01, 0x77, 0x01, 0x7f, 0x01, 0x87,
  0x01, 0x8f, 0x01, 0x97, 0x01, 0x9f, 0x01, 0xa7, 0x01, 0xaf, 0x01, 0xb7,
  0x01, 0xbf, 0x01, 0xc7, 0x01, 0xcf, 0x01, 0xd7, 0x01, 0xdf, 0x01, 0xe7,
  0x01, 0xef, 0x01, 0xf7, 0x01, 0xff, 0x02, 0x07, 0x02, 0x0f, 0x02, 0x17,
  0x02, 0x1f, 0x02, 0x27, 0x02, 0x2f, 0x02, 0x37, 0x02, 0x3f, 0x02, 0x47,
  0x02, 0x4f, 0x02, 0x57, 0x02, 0x5f, 0x00, 0x00, 0x12, 0x34, 0x36, 0x32,
  0x16, 0x14, 0x06, 0x22, 0x26, 0x34, 0x36, 0x32, 0x16, 0x14, 0x06, 0x22,
  0x36, 0x34, 0x36, 0x32, 0x16, 0x14, 0x06, 0x22, 0x36, 0x34, 0x36, 0x32,
  0x16, 0x14, 0x06, 0x22, 0x36, 0x34, 0x36, 0x32, 0x16, 0x14, 0x06, 0x22,
  0x36, 0x34, 0x36, 0x32, 0x16, 0x14, 0x06, 0x22, 0x36, 0x34, 0x36, 0x32,
  0x16, 0x14, 0x06, 0x22, 0x36, 0x34, 0x36, 0x32, 0x16, 0x14, 0x06, 0x22,
  0x04, 0x34, 0x36, 0x32, 0x16, 0x14, 0x06, 0x22, 0x06, 0x34, 0x36, 0x32,
  0x16, 0x14, 0x06, 0x22, 0x06, 0x34, 0x36, 0x32, 0x16, 0x14, 0x06, 0x22,
  0x26, 0x34, 0x36, 0x32, 0x16, 0x14, 0x06, 0x22, 0x16, 0x34, 0x36, 0x32,
  0x16, 0x14, 0x06, 0x22, 0x26, 0x34, 0x36, 0x32, 0x16, 0x14, 0x06, 0x22,
  0x16, 0x34, 0x36, 0x32, 0x16, 0x14, 0x06, 0x22, 0x26, 0x34, 0x36, 0x32,
  0x16, 0x14, 0x06, 0x22, 0x16, 0x34, 0x36, 0x32, 0x16, 0x14, 0x06, 0x22,
  0x26, 0x34, 0x36, 0x32, 0x16, 0x14, 0x06, 0x22, 0x16, 0x34, 0x36, 0x32,
  0x16, 0x14, 0x06, 0x22, 0x26, 0x34, 0x36, 0x32, 0x16, 0x14, 0x06, 0x22,
  0x24, 0x34, 0x36, 0x32, 0x16, 0x14, 0x06, 0x22, 0x26, 0x34, 0x36, 0x32,
  0x16, 0x14, 0x06, 0x22, 0x16, 0x34, 0x36, 0x32, 0x16, 0x14, 0x06, 0x22,
  0x36, 0x34, 0x36, 0x32, 0x16, 0x14, 0x06, 0x22, 0x06, 0x34, 0x36, 0x32,
  0x16, 0x14, 0x06, 0x22, 0x36, 0x34, 0x36, 0x32, 0x16, 0x14, 0x06, 0x22,
  0x06, 0x34, 0x36, 0x32, 0x16, 0x14, 0x06, 0x22, 0x36, 0x34, 0x36, 0x32,
  0x16, 0x14, 0x06, 0x22, 0x06, 0x34, 0x36, 0x32, 0x16, 0x14, 0x06, 0x22,
  0x36, 0x34, 0x36, 0x32, 0x16, 0x14, 0x06, 0x22, 0x06, 0x34, 0x36, 0x32,
  0x16, 0x14, 0x06, 0x22, 0x06, 0x34, 0x36, 0x32, 0x16, 0x14, 0x06, 0x22,
  0x36, 0x34, 0x36, 0x32, 0x16, 0x14, 0x06, 0x22, 0x06, 0x34, 0x36, 0x32,
  0x16, 0x14, 0x06, 0x22, 0x36, 0x34, 0x36, 0x32, 0x16, 0x14, 0x06, 0x22,
  0x06, 0x34, 0x36, 0x32, 0x16, 0x14, 0x06, 0x22, 0x26, 0x34, 0x36, 0x32,
  0x16, 0x14, 0x06, 0x22, 0x06, 0x34, 0x36, 0x32, 0x16, 0x14, 0x06, 0x22,
  0x26, 0x34, 0x36, 0x32, 0x16, 0x14, 0x06, 0x22, 0x06, 0x34, 0x36, 0x32,
  0x16, 0x14, 0x06, 0x22, 0x26, 0x34, 0x36, 0x32, 0x16, 0x14, 0x06, 0x22,
  0x26, 0x34, 0x36, 0x32, 0x16, 0x14, 0x06, 0x22, 0x26, 0x34, 0x36, 0x32,
  0x16, 0x14, 0x06, 0x22, 0x26, 0x34, 0x36, 0x32, 0x16, 0x14, 0x06, 0x22,
  0x24, 0x34, 0x36, 0x32, 0x16, 0x14, 0x06, 0x22, 0x26, 0x34, 0x36, 0x32,
  0x16, 0x14, 0x06, 0x22, 0x26, 0x34, 0x36, 0x32, 0x16, 0x14, 0x06, 0x22,
  0x26, 0x34, 0x36, 0x32, 0x16, 0x14, 0x06, 0x22, 0x26, 0x34, 0x36, 0x32,
  0x16, 0x14, 0x06, 0x22, 0x26, 0x34, 0x36, 0x32, 0x16, 0x14, 0x06, 0x22,
  0x36, 0x34, 0x36, 0x32, 0x16, 0x14, 0x06, 0x22, 0x26, 0x34, 0x36, 0x32,
  0x16, 0x14, 0x06, 0x22, 0x24, 0x34, 0x36, 0x32, 0x16, 0x14, 0x06, 0x22,
  0x06, 0x34, 0x36, 0x32, 0x16, 0x14, 0x06, 0x22, 0x36, 0x34, 0x36, 0x32,
  0x16, 0x14, 0x06, 0x22, 0x06, 0x34, 0x36, 0x32, 0x16, 0x14, 0x06, 0x22,
  0x36, 0x34, 0x36, 0x32, 0x16, 0x14, 0x06, 0x22, 0x00, 0x34, 0x36, 0x32,
  0x16, 0x14, 0x06, 0x22, 0x04, 0x34, 0x36, 0x32, 0x16, 0x14, 0x06, 0x22,
  0x26, 0x34, 0x36, 0x32, 0x16, 0x14, 0x06, 0x22, 0x16, 0x34, 0x36, 0x32,
  0x16, 0x14, 0x06, 0x22, 0x36, 0x34, 0x36, 0x32, 0x16, 0x14, 0x06, 0x22,
  0x26, 0x34, 0x36, 0x32, 0x16, 0x14, 0x06, 0x22, 0x12, 0x34, 0x36, 0x32,
  0x16, 0x14, 0x06, 0x22, 0x26, 0x34, 0x36, 0x32, 0x16, 0x14, 0x06, 0x22,
  0x36, 0x34, 0x36, 0x32, 0x16, 0x14, 0x06, 0x22, 0x36, 0x34, 0x36, 0x32,
  0x16, 0x14, 0x06, 0x22, 0x36, 0x34, 0x36, 0x32, 0x16, 0x14, 0x06, 0x22,
  0x36, 0x34, 0x36, 0x32, 0x16, 0x14, 0x06, 0x22, 0x36, 0x34, 0x36, 0x32,
  0x16, 0x14, 0x06, 0x22, 0x36, 0x34, 0x36, 0x32, 0x16, 0x14, 0x06, 0x22,
  0x06, 0x34, 0x36, 0x32, 0x16, 0x14, 0x06, 0x22, 0x36, 0x34, 0x36, 0x32,
  0x16, 0x14, 0x06, 0x22, 0x36, 0x34, 0x36, 0x32, 0x16, 0x14, 0x06, 0x22,
  0x06, 0x34, 0x36, 0x32, 0x16, 0x14, 0x06, 0x22, 0x36, 0x34, 0x36, 0x32,
  0x16, 0x14, 0x06, 0x22, 0xc8, 0x1d, 0x2a, 0x1d, 0x1d, 0x2a, 0x81, 0x1d,
  0x2a, 0x1d, 0x1d, 0x2a, 0xab, 0x1d, 0x2a, 0x1d, 0x1d, 0x2a, 0x47, 0x1d,
  0x2a, 0x1d, 0x1d, 0x2a, 0x47, 0x1d, 0x2a, 0x1d, 0x1d, 0x2a, 0x47, 0x1d,
  0x2a, 0x1d, 0x1d, 0x2a, 0x47, 0x1d, 0x2a, 0x1d, 0x1d, 0x2a, 0x47, 0x1d,
  0x2a, 0x1d, 0x1d, 0x2a, 0xfd, 0xef, 0x1d, 0x2a, 0x1d, 0x1d, 0x2a, 0x1d,
  0x1d, 0x2a, 0x1d, 0x1d, 0x2a, 0xe5, 0x1d, 0x2a, 0x1d, 0x1d, 0x2a, 0x81,
  0x1d, 0x2a, 0x1d, 0x1d, 0x2a, 0x47, 0x1d, 0x2a, 0x1d, 0x1d, 0x2a, 0x81,
  0x1d, 0x2a, 0x1d, 0x1d, 0x2a, 0x47, 0x1d, 0x2a, 0x1d, 0x1d, 0x2a, 0x81,
  0x1d, 0x2a, 0x1d, 0x1d, 0x2a, 0x47, 0x1d, 0x2a, 0x1d, 0x1d, 0x2a, 0x81,
  0x1d, 0x2a, 0x1d, 0x1d, 0x2a, 0x47, 0x1d, 0x2a, 0x1d, 0x1d, 0x2a, 0x81,
  0x1d, 0x2a, 0x1d, 0x1d, 0x2a, 0x02, 0x3b, 0x1d, 0x2a, 0x1d, 0x1d, 0x2a,
  0x81, 0x1d, 0x2a, 0x1d, 0x1d, 0x2a, 0x47, 0x1d, 0x2a, 0x1d, 0x1d, 0x2a,
  0x47, 0x1d, 0x2a, 0x1d, 0x1d, 0x2a, 0x1d, 0x1d, 0x2a, 0x1d, 0x1d, 0x2a,
  0x47, 0x1d, 0x2a, 0x1d, 0x1d, 0x2a, 0x1d, 0x1d, 0x2a, 0x1d, 0x1d, 0x2a,
  0x47, 0x1d, 0x2a, 0x1d, 0x1d, 0x2a, 0x1d, 0x1d, 0x2a, 0x1d, 0x1d, 0x2a,
  0x47, 0x1d, 0x2a, 0x1d, 0x1d, 0x2a, 0x1d, 0x1d, 0x2a, 0x1d, 0x1d, 0x2a,
  0x81, 0x1d, 0x2a, 0x1d, 0x1d, 0x2a, 0x47, 0x1d, 0x2a, 0x1d, 0x1d, 0x2a,
  0x81, 0x1d, 0x2a, 0x1d, 0x1d, 0x2a, 0x47, 0x1d, 0x2a, 0x1d, 0x1d, 0x2a,
  0x81, 0x1d, 0x2a, 0x1d, 0x1d, 0x2a, 0x81, 0x1d, 0x2a, 0x1d, 0x1d, 0x2a,
  0x1d, 0x1d, 0x2a, 0x1d, 0x1d, 0x2a, 0x81, 0x1d, 0x2a, 0x1d, 0x1d, 0x2a,
  0x1d, 0x1d, 0x2a, 0x1d, 0x1d, 0x2a, 0x81, 0x1d, 0x2a, 0x1d, 0x1d, 0x2a,
  0x81, 0x1d, 0x2a, 0x1d, 0x1d, 0x2a, 0x81, 0x1d, 0x2a, 0x1d, 0x1d, 0x2a,
  0x81, 0x1d, 0x2a, 0x1d, 0x1d, 0x2a, 0x01, 0x0f, 0x1d, 0x2a, 0x1d, 0x1d,
  0x2a, 0x81, 0x1d, 0x2a, 0x1d, 0x1d, 0x2a, 0x81, 0x1d, 0x2a, 0x1d, 0x1d,
  0x2a, 0x81, 0x1d, 0x2a, 0x1d, 0x1d, 0x2a, 0x81, 0x1d, 0x2a, 0x1d, 0x1d,
  0x2a, 0x1d, 0x1d, 0x2a, 0x1d, 0x1d, 0x2a, 0x47, 0x1d, 0x2a, 0x1d, 0x1d,
  0x2a, 0xe5, 0x1d, 0x2a, 0x1d, 0x1d, 0x2a, 0x03, 0x67, 0x1d, 0x2a, 0x1d,
  0x1d, 0x2a, 0x81, 0x1d, 0x2a, 0x1d, 0x1d, 0x2a, 0x47, 0x1d, 0x2a, 0x1d,
  0x1d, 0x2a, 0x81, 0x1d, 0x2a, 0x1d, 0x1d, 0x2a, 0x47, 0x1d, 0x2a, 0x1d,
  0x1d, 0x2a, 0xfd, 0xef, 0x1d, 0x2a, 0x1d, 0x1d, 0x2a, 0xfe, 0x53, 0x1d,
  0x2a, 0x1d, 0x1d, 0x2a, 0x81, 0x1d, 0x2a, 0x1d, 0x1d, 0x2a, 0x47, 0x1d,
  0x2a, 0x1d, 0x1d, 0x2a, 0x47, 0x1d, 0x2a, 0x1d, 0x1d, 0x2a, 0xe5, 0x1d,
  0x2a, 0x1d, 0x1d, 0x2a, 0xab, 0x1d, 0x2a, 0x1d, 0x1d, 0x2a, 0x1d, 0x1d,
  0x2a, 0x1d, 0x1d, 0x2a, 0xab, 0x1d, 0x2a, 0x1d, 0x1d, 0x2a, 0x47, 0x1d,
  0x2a, 0x1d, 0x1d, 0x2a, 0x47, 0x1d, 0x2a, 0x1d, 0x1d, 0x2a, 0x47, 0x1d,
  0x2a, 0x1d, 0x1d, 0x2a, 0x47, 0x1d, 0x2a, 0x1d, 0x1d, 0x2a, 0x47, 0x1d,
  0x2a, 0x1d, 0x1d, 0x2a, 0x81, 0x1d, 0x2a, 0x1d, 0x1d, 0x2a, 0x47, 0x1d,
  0x2a, 0x1d, 0x1d, 0x2a, 0x47, 0x1d, 0x2a, 0x1d, 0x1d, 0x2a, 0x81, 0x1d,
  0x2a, 0x1d, 0x1d, 0x2a, 0x47, 0x1d, 0x2a, 0x1d, 0x1d, 0x2a, 0x04, 0x05,
  0x2a, 0x1d, 0x1d, 0x2a, 0x1d, 0x1d, 0x2a, 0x1d, 0x1d, 0x2a, 0x1d, 0xe5,
  0x2a, 0x1d, 0x1d, 0x2a, 0x1d, 0x1d, 0x2a, 0x1d, 0x1d, 0x2a, 0x1d, 0x1d,
  0x2a, 0x1d, 0x1d, 0x2a, 0x1d, 0x1d, 0x2a, 0x1d, 0x1d, 0x2a, 0x1d, 0x1d,
  0x2a, 0x1d, 0x1d, 0x2a, 0x1d, 0x1d, 0x2a, 0x1d, 0x1d, 0x2a, 0x1d, 0x47,
  0x2a, 0x1d, 0x1d, 0x2a, 0x1d, 0x47, 0x2a, 0x1d, 0x1d, 0x2a, 0x1d, 0x47,
  0x2a, 0x1d, 0x1d, 0x2a, 0x1d, 0x1d, 0x2a, 0x1d, 0x1d, 0x2a, 0x1d, 0x47,
  0x2a, 0x1d, 0x1d, 0x2a, 0x1d, 0x1d, 0x2a, 0x1d, 0x1d, 0x2a, 0x1d, 0x47,
  0x2a, 0x1d, 0x1d, 0x2a, 0x1d, 0x1d, 0x2a, 0x1d, 0x1d, 0x2a, 0x1d, 0x47,
  0x2a, 0x1d, 0x1d, 0x2a, 0x1d, 0x1d, 0x2a, 0x1d, 0x1d, 0x2a, 0x1d, 0x47,
  0x2a, 0x1d, 0x1d, 0x2a, 0x1d, 0x1d, 0x2a, 0x1d, 0x1d, 0x2a, 0x1d, 0x81,
  0x2a, 0x1d, 0x1d, 0x2a, 0x1d, 0x1d, 0x2a, 0x1d, 0x1d, 0x2a, 0x1d, 0x47,
  0x2a, 0x1d, 0x1d, 0x2a, 0x1d, 0x81, 0x2a, 0x1d, 0x1d, 0x2a, 0x1d, 0x47,
  0x2a, 0x1d, 0x1d, 0x2a, 0x1d, 0x81, 0x2a, 0x1d, 0x1d, 0x2a, 0x1d, 0x47,
  0x2a, 0x1d, 0x1d, 0x2a, 0x1d, 0x81, 0x2a, 0x1d, 0x1d, 0x2a, 0x1d, 0x47,
  0x2a, 0x1d, 0x1d, 0x2a, 0x1d, 0x81, 0x2a, 0x1d, 0x1d, 0x2a, 0x1d, 0x47,
  0x2a, 0x1d, 0x1d, 0x2a, 0x1d, 0x47, 0x2a, 0x1d, 0x1d, 0x2a, 0x1d, 0x1d,
  0x2a, 0x1d, 0x1d, 0x2a, 0x1d, 0x47, 0x2a, 0x1d, 0x1d, 0x2a, 0x1d, 0x1d,
  0x2a, 0x1d, 0x1d, 0x2a, 0x1d, 0x47, 0x2a, 0x1d, 0x1d, 0x2a, 0x1d, 0x1d,
  0x2a, 0x1d, 0x1d, 0x2a, 0x1d, 0x47, 0x2a, 0x1d, 0x1d, 0x2a, 0x1d, 0x1d,
  0x2a, 0x1d, 0x1d, 0x2a, 0x1d, 0x47, 0x2a, 0x1d, 0x1d, 0x2a, 0x1d, 0x1d,
  0x2a, 0x1d, 0x1d, 0x2a, 0x1d, 0x1d, 0x2a, 0x1d, 0x1d, 0x2a, 0x1d, 0x1d,
  0x2a, 0x1d, 0x1d, 0x2a, 0x1d, 0x1d, 0x2a, 0x1d, 0x1d, 0x2a, 0x1d, 0x81,
  0x2a, 0x1d, 0x1d, 0x2a, 0x1d, 0x1d, 0x2a, 0x1d, 0x1d, 0x2a, 0x1d, 0x1d,
  0x2a, 0x1d, 0x1d, 0x2a, 0x1d, 0x1d, 0x2a, 0x1d, 0x1d, 0x2a, 0x1d, 0x1d,
  0x2a, 0x1d, 0x1d, 0x2a, 0x1d, 0x81, 0x2a, 0x1d, 0x1d, 0x2a, 0x1d, 0x1d,
  0x2a, 0x1d, 0x1d, 0x2a, 0x1d, 0x1d, 0x2a, 0x1d, 0x1d, 0x2a, 0x1d, 0x1d,
  0x2a, 0x1d, 0x1d, 0x2a, 0x1d, 0x47, 0x2a, 0x1d, 0x1d, 0x2a, 0x1d, 0x1d,
  0x2a, 0x1d, 0x1d, 0x2a, 0x1d, 0x47, 0x2a, 0x1d, 0x1d, 0x2a, 0x1d, 0x1d,
  0x2a, 0x1d, 0x1d, 0x2a, 0x1d, 0x02, 0x11, 0x2a, 0x1d, 0x1d, 0x2a, 0x1d,
  0x47, 0x2a, 0x1d, 0x1d, 0x2a, 0x1d, 0x1d, 0x2a, 0x1d, 0x1d, 0x2a, 0x1d,
  0x47, 0x2a, 0x1d, 0x1d, 0x2a, 0x1d, 0x1d, 0x2a, 0x1d, 0x1d, 0x2a, 0x1d,
  0x1d, 0x2a, 0x1d, 0x1d, 0x2a, 0x1d, 0x02, 0x75, 0x2a, 0x1d, 0x1d, 0x2a,
  0x1d, 0xe5, 0x2a, 0x1d, 0x1d, 0x2a, 0x1d, 0x1d, 0x2a, 0x1d, 0x1d, 0x2a,
  0x1d, 0x1d, 0x2a, 0x1d, 0x1d, 0x2a, 0x1d, 0x1d, 0x2a, 0x1d, 0x1d, 0x2a,
  0x1d, 0x1d, 0x2a, 0x1d, 0x1d, 0x2a, 0x1d, 0x1d, 0x2a, 0x1d, 0x1d, 0x2a,
  0x1d, 0x1d, 0x2a, 0x1d, 0x1d, 0x2a, 0x1d, 0x47, 0x2a, 0x1d, 0x1d, 0x2a,
  0x1d, 0x1d, 0x2a, 0x1d, 0x1d, 0x2a, 0x1d, 0x1d, 0x2a, 0x1d, 0x1d, 0x2a,
  0x1d, 0x47, 0x2a, 0x1d, 0x1d, 0x2a, 0x1d, 0x1d, 0x2a, 0x1d, 0x1d, 0x2a,
  0x1d, 0x00, 0x00, 0x00, 0x00, 0x3e, 0x00, 0x00, 0x00, 0x00, 0x03, 0x84,
  0x05, 0x14, 0x00, 0x07, 0x00, 0x0f, 0x00, 0x17, 0x00, 0x1f, 0x00, 0x27,
  0x00, 0x2f, 0x00, 0x37, 0x00, 0x3f, 0x00, 0x47, 0x00, 0x4f, 0x00, 0x57,
  0x00, 0x5f, 0x00, 0x67, 0x00, 0x6f, 0x00, 0x77, 0x00, 0x7f, 0x00, 0x87,
  0x00, 0x8f, 0x00, 0x97, 0x00, 0x9f, 0x00, 0xa7, 0x00, 0xaf, 0x00, 0xb7,
  0x00, 0xbf, 0x00, 0xc7, 0x00, 0xcf, 0x00, 0xd7, 0x00, 0xdf, 0x00, 0xe7,
  0x00, 0xef, 0x00, 0xf7, 0x00, 0xff, 0x01, 0x07, 0x01, 0x0f, 0x01, 0x17,
  0x01, 0x1f, 0x01, 0x27, 0x01, 0x2f, 0x01, 0x37, 0x01, 0x3f, 0x01, 0x47,
  0x01, 0x4f, 0x01, 0x57, 0x01, 0x5f, 0x01, 0x67, 0x01, 0x6f, 0x01, 0x77,
  0x01, 0x7f, 0x01, 0x87, 0x01, 0x8f, 0x01, 0x97, 0x01, 0x9f, 0x01, 0xa7,
  0x01, 0xaf, 0x01, 0xb7, 0x01, 0xbf, 0x01, 0xc7, 0x01, 0xcf, 0x01, 0xd7,
  0x01, 0xdf, 0x01, 0xe7, 0x01, 0xef, 0x00, 0x00, 0x10, 0x34, 0x36, 0x32,
  0x16, 0x14, 0x06, 0x22, 0x06, 0x34, 0x36, 0x32, 0x16, 0x14, 0x06, 0x22,
  0x06, 0x34, 0x36, 0x32, 0x16, 0x14, 0x06, 0x22, 0x06, 0x34, 0x36, 0x32,
  0x16, 0x14, 0x06, 0x22, 0x06, 0x34, 0x36, 0x32, 0x16, 0x14, 0x06, 0x22,
  0x06, 0x34, 0x36, 0x32, 0x16, 0x14, 0x06, 0x22, 0x06, 0x34, 0x36, 0x32,
  0x16, 0x14, 0x06, 0x22, 0x06, 0x34, 0x36, 0x32, 0x16, 0x14, 0x06, 0x22,
  0x06, 0x34, 0x36, 0x32, 0x16, 0x14, 0x06, 0x22, 0x06, 0x34, 0x36, 0x32,
  0x16, 0x14, 0x06, 0x22, 0x36, 0x34, 0x36, 0x32, 0x16, 0x14, 0x06, 0x22,
  0x26, 0x34, 0x36, 0x32, 0x16, 0x14, 0x06, 0x22, 0x26, 0x34, 0x36, 0x32,
  0x16, 0x14, 0x06, 0x22, 0x26, 0x34, 0x36, 0x32, 0x16, 0x14, 0x06, 0x22,
  0x26, 0x34, 0x36, 0x32, 0x16, 0x14, 0x06, 0x22, 0x26, 0x34, 0x36, 0x32,
  0x16, 0x14, 0x06, 0x22, 0x26, 0x34, 0x36, 0x32, 0x16, 0x14, 0x06, 0x22,
  0x26, 0x34, 0x36, 0x32, 0x16, 0x14, 0x06, 0x22, 0x26, 0x34, 0x36, 0x32,
  0x16, 0x14, 0x06, 0x22, 0x26, 0x34, 0x36, 0x32, 0x16, 0x14, 0x06, 0x22,
  0x24, 0x34, 0x36, 0x32, 0x16, 0x14, 0x06, 0x22, 0x06, 0x34, 0x36, 0x32,
  0x16, 0x14, 0x06, 0x22, 0x06, 0x34, 0x36, 0x32, 0x16, 0x14, 0x06, 0x22,
  0x06, 0x34, 0x36, 0x32, 0x16, 0x14, 0x06, 0x22, 0x24, 0x34, 0x36, 0x32,
  0x16, 0x14, 0x06, 0x22, 0x06, 0x34, 0x36, 0x32, 0x16, 0x14, 0x06, 0x22,
  0x00, 0x34, 0x36, 0x32, 0x16, 0x14, 0x06, 0x22, 0x06, 0x34, 0x36, 0x32,
  0x16, 0x14, 0x06, 0x22, 0x06, 0x34, 0x36, 0x32, 0x16, 0x14, 0x06, 0x22,
  0x06, 0x34, 0x36, 0x32, 0x16, 0x14, 0x06, 0x22, 0x36, 0x34, 0x36, 0x32,
  0x16, 0x14, 0x06, 0x22, 0x26, 0x34, 0x36, 0x32, 0x16, 0x14, 0x06, 0x22,
  0x26, 0x34, 0x36, 0x32, 0x16, 0x14, 0x06, 0x22, 0x26, 0x34, 0x36, 0x32,
  0x16, 0x14, 0x06, 0x22, 0x00, 0x34, 0x36, 0x32, 0x16, 0x14, 0x06, 0x22,
  0x26, 0x34, 0x36, 0x32, 0x16, 0x14, 0x06, 0x22, 0x36, 0x34, 0x36, 0x32,
  0x16, 0x14, 0x06, 0x22, 0x16, 0x34, 0x36, 0x32, 0x16, 0x14, 0x06, 0x22,
  0x36, 0x34, 0x36, 0x32, 0x16, 0x14, 0x06, 0x22, 0x06, 0x34, 0x36, 0x32,
  0x16, 0x14, 0x06, 0x22, 0x26, 0x34, 0x36, 0x32, 0x16, 0x14, 0x06, 0x22,
  0x26, 0x34, 0x36, 0x32, 0x16, 0x14, 0x06, 0x22, 0x36, 0x34, 0x36, 0x32,
  0x16, 0x14, 0x06, 0x22, 0x26, 0x34, 0x36, 0x32, 0x16, 0x14, 0x06, 0x22,
  0x26, 0x34, 0x36, 0x32, 0x16, 0x14, 0x06, 0x22, 0x26, 0x34, 0x36, 0x32,
  0x16, 0x14, 0x06, 0x22, 0x24, 0x34, 0x36, 0x32, 0x16, 0x14, 0x06, 0x22,
  0x36, 0x34, 0x36, 0x32, 0x16, 0x14, 0x06, 0x22, 0x24, 0x34, 0x36, 0x32,
  0x16, 0x14, 0x06, 0x22, 0x36, 0x34, 0x36, 0x32, 0x16, 0x14, 0x06, 0x22,
  0x24, 0x34, 0x36, 0x32, 0x16, 0x14, 0x06, 0x22, 0x36, 0x34, 0x36, 0x32,
  0x16, 0x14, 0x06, 0x22, 0x24, 0x34, 0x36, 0x32, 0x16, 0x14, 0x06, 0x22,
  0x36, 0x34, 0x36, 0x32, 0x16, 0x14, 0x06, 0x22, 0x24, 0x34, 0x36, 0x32,
  0x16, 0x14, 0x06, 0x22, 0x36, 0x34, 0x36, 0x32, 0x16, 0x14, 0x06, 0x22,
  0x24, 0x34, 0x36, 0x32, 0x16, 0x14, 0x06, 0x22, 0x36, 0x34, 0x36, 0x32,
  0x16, 0x14, 0x06, 0x22, 0x00, 0x34, 0x36, 0x32, 0x16, 0x14, 0x06, 0x22,
  0x36, 0x34, 0x36, 0x32, 0x16, 0x14, 0x06, 0x22, 0x26, 0x34, 0x36, 0x32,
  0x16, 0x14, 0x06, 0x22, 0x26, 0x34, 0x36, 0x32, 0x16, 0x14, 0x06, 0x22,
  0x1d, 0x2a, 0x1d, 0x1d, 0x2a, 0x1d, 0x1d, 0x2a, 0x1d, 0x1d, 0x2a, 0x1d,
  0x1d, 0x2a, 0x1d, 0x1d, 0x2a, 0x1d, 0x1d, 0x2a, 0x1d, 0x1d, 0x2a, 0x1d,
  0x1d, 0x2a, 0x1d, 0x1d, 0x2a, 0x1d, 0x1d, 0x2a, 0x1d, 0x1d, 0x2a, 0x1d,
  0x1d, 0x2a, 0x1d, 0x1d, 0x2a, 0x1d, 0x1d, 0x2a, 0x1d, 0x1d, 0x2a, 0x1d,
  0x1d, 0x2a, 0x1d, 0x1d, 0x2a, 0x1d, 0x1d, 0x2a, 0x1d, 0x1d, 0x2a, 0x47,
  0x1d, 0x2a, 0x1d, 0x1d, 0x2a, 0x1d, 0x1d, 0x2a, 0x1d, 0x1d, 0x2a, 0x1d,
  0x1d, 0x2a, 0x1d, 0x1d, 0x2a, 0x1d, 0x1d, 0x2a, 0x1d, 0x1d, 0x2a, 0x1d,
  0x1d, 0x2a, 0x1d, 0x1d, 0x2a, 0x1d, 0x1d, 0x2a, 0x1d, 0x1d, 0x2a, 0x1d,
  0x1d, 0x2a, 0x1d, 0x1d, 0x2a, 0x1d, 0x1d, 0x2a, 0x1d, 0x1d, 0x2a, 0x1d,
  0x1d, 0x2a, 0x1d, 0x1d, 0x2a, 0x1d, 0x1d, 0x2a, 0x1d, 0x1d, 0x2a, 0x02,
  0x3b, 0x1d, 0x2a, 0x1d, 0x1d, 0x2a, 0x1d, 0x1d, 0x2a, 0x1d, 0x1d, 0x2a,
  0x1d, 0x1d, 0x2a, 0x1d, 0x1d, 0x2a, 0x1d, 0x1d, 0x2a, 0x1d, 0x1d, 0x2a,
  0xfe, 0xb7, 0x1d, 0x2a, 0x1d, 0x1d, 0x2a, 0x1d, 0x1d, 0x2a, 0x1d, 0x1d,
  0x2a, 0x01, 0x0f, 0x1d, 0x2a, 0x1d, 0x1d, 0x2a, 0x1d, 0x1d, 0x2a, 0x1d,
  0x1d, 0x2a, 0x1d, 0x1d, 0x2a, 0x1d, 0x1d, 0x2a, 0x1d, 0x1d, 0x2a, 0x1d,
  0x1d, 0x2a, 0x47, 0x1d, 0x2a, 0x1d, 0x1d, 0x2a, 0x1d, 0x1d, 0x2a, 0x1d,
  0x1d, 0x2a, 0x1d, 0x1d, 0x2a, 0x1d, 0x1d, 0x2a, 0x1d, 0x1d, 0x2a, 0x1d,
  0x1d, 0x2a, 0xfe, 0xb7, 0x1d, 0x2a, 0x1d, 0x1d, 0x2a, 0x1d, 0x1d, 0x2a,
  0x1d, 0x1d, 0x2a, 0x47, 0x1d, 0x2a, 0x1d, 0x1d, 0x2a, 0x47, 0x1d, 0x2a,
  0x1d, 0x1d, 0x2a, 0x47, 0x1d, 0x2a, 0x1d, 0x1d, 0x2a, 0x1d, 0x1d, 0x2a,
  0x1d, 0x1d, 0x2a, 0x81, 0x1d, 0x2a, 0x1d, 0x1d, 0x2a, 0x81, 0x1d, 0x2a,
  0x1d, 0x1d, 0x2a, 0xab, 0x1d, 0x2a, 0x1d, 0x1d, 0x2a, 0x1d, 0x1d, 0x2a,
  0x1d, 0x1d, 0x2a, 0x1d, 0x1d, 0x2a, 0x1d, 0x1d, 0x2a, 0x1d, 0x1d, 0x2a,
  0x1d, 0x1d, 0x2a, 0xfc, 0xc3, 0x1d, 0x2a, 0x1d, 0x1d, 0x2a, 0x47, 0x1d,
  0x2a, 0x1d, 0x1d, 0x2a, 0x02, 0x3b, 0x1d, 0x2a, 0x1d, 0x1d, 0x2a, 0x47,
  0x1d, 0x2a, 0x1d, 0x1d, 0x2a, 0xfc, 0xc3, 0x1d, 0x2a, 0x1d, 0x1d, 0x2a,
  0x47, 0x1d, 0x2a, 0x1d, 0x1d, 0x2a, 0x02, 0x3b, 0x1d, 0x2a, 0x1d, 0x1d,
  0x2a, 0x47, 0x1d, 0x2a, 0x1d, 0x1d, 0x2a, 0xfc, 0xc3, 0x1d, 0x2a, 0x1d,
  0x1d, 0x2a, 0x47, 0x1d, 0x2a, 0x1d, 0x1d, 0x2a, 0x02, 0x3b, 0x1d, 0x2a,
  0x1d, 0x1d, 0x2a, 0x47, 0x1d, 0x2a, 0x1d, 0x1d, 0x2a, 0xfd, 0x8b, 0x1d,
  0x2a, 0x1d, 0x1d, 0x2a, 0x47, 0x1d, 0x2a, 0x1d, 0x1d, 0x2a, 0x1d, 0x1d,
  0x2a, 0x1d, 0x1d, 0x2a, 0x81, 0x1d, 0x2a, 0x1d, 0x1d, 0x2a, 0x03, 0xa1,
  0x2a, 0x1d, 0x1d, 0x2a, 0x1d, 0x47, 0x2a, 0x1d, 0x1d, 0x2a, 0x1d, 0x47,
  0x2a, 0x1d, 0x1d, 0x2a, 0x1d, 0x47, 0x2a, 0x1d, 0x1d, 0x2a, 0x1d, 0x47,
  0x2a, 0x1d, 0x1d, 0x2a, 0x1d, 0x47, 0x2a, 0x1d, 0x1d, 0x2a, 0x1d, 0x47,
  0x2a, 0x1d, 0x1d, 0x2a, 0x1d, 0x47, 0x2a, 0x1d, 0x1d, 0x2a, 0x1d, 0x47,
  0x2a, 0x1d, 0x1d, 0x2a, 0x1d, 0x47, 0x2a, 0x1d, 0x1d, 0x2a, 0x1d, 0x1d,
  0x2a, 0x1d, 0x1d, 0x2a, 0x1d, 0x81, 0x2a, 0x1d, 0x1d, 0x2a, 0x1d, 0x81,
  0x2a, 0x1d, 0x1d, 0x2a, 0x1d, 0x81, 0x2a, 0x1d, 0x1d, 0x2a, 0x1d, 0x81,
  0x2a, 0x1d, 0x1d, 0x2a, 0x1d, 0x81, 0x2a, 0x1d, 0x1d, 0x2a, 0x1d, 0x81,
  0x2a, 0x1d, 0x1d, 0x2a, 0x1d, 0x81, 0x2a, 0x1d, 0x1d, 0x2a, 0x1d, 0x81,
  0x2a, 0x1d, 0x1d, 0x2a, 0x1d, 0x81, 0x2a, 0x1d, 0x1d, 0x2a, 0x1d, 0x1d,
  0x2a, 0x1d, 0x1d, 0x2a, 0x1d, 0x47, 0x2a, 0x1d, 0x1d, 0x2a, 0x1d, 0x47,
  0x2a, 0x1d, 0x1d, 0x2a, 0x1d, 0x47, 0x2a, 0x1d, 0x1d, 0x2a, 0x1d, 0x81,
  0x2a, 0x1d, 0x1d, 0x2a, 0x1d, 0x47, 0x2a, 0x1d, 0x1d, 0x2a, 0x1d, 0xfe,
  0xf1, 0x2a, 0x1d, 0x1d, 0x2a, 0x1d, 0x47, 0x2a, 0x1d, 0x1d, 0x2a, 0x1d,
  0x47, 0x2a, 0x1d, 0x1d, 0x2a, 0x1d, 0x47, 0x2a, 0x1d, 0x1d, 0x2a, 0x1d,
  0x1d, 0x2a, 0x1d, 0x1d, 0x2a, 0x1d, 0x81, 0x2a, 0x1d, 0x1d, 0x2a, 0x1d,
  0x81, 0x2a, 0x1d, 0x1d, 0x2a, 0x1d, 0x81, 0x2a, 0x1d, 0x1d, 0x2a, 0x1d,
  0x01, 0x49, 0x2a, 0x1d, 0x1d, 0x2a, 0x1d, 0x81, 0x2a, 0x1d, 0x1d, 0x2a,
  0x1d, 0x1d, 0x2a, 0x1d, 0x1d, 0x2a, 0x1d, 0xab, 0x2a, 0x1d, 0x1d, 0x2a,
  0x1d, 0x1d, 0x2a, 0x1d, 0x1d, 0x2a, 0x1d, 0x47, 0x2a, 0x1d, 0x1d, 0x2a,
  0x1d, 0x1d, 0x2a, 0x1d, 0x1d, 0x2a, 0x1d, 0xe5, 0x2a, 0x1d, 0x1d, 0x2a,
  0x1d, 0x1d, 0x2a, 0x1d, 0x1d, 0x2a, 0x1d, 0x81, 0x2a, 0x1d, 0x1d, 0x2a,
  0x1d, 0x81, 0x2a, 0x1d, 0x1d, 0x2a, 0x1d, 0x81, 0x2a, 0x1d, 0x1d, 0x2a,
  0x1d, 0x81, 0x2a, 0x1d, 0x1d, 0x2a, 0x1d, 0x1d, 0x2a, 0x1d, 0x1d, 0x2a,
  0x1d, 0x1d, 0x2a, 0x1d, 0x1d, 0x2a, 0x1d, 0x1d, 0x2a, 0x1d, 0x1d, 0x2a,
  0x1d, 0x81, 0x2a, 0x1d, 0x1d, 0x2a, 0x1d, 0x1d, 0x2a, 0x1d, 0x1d, 0x2a,
  0x1d, 0x1d, 0x2a, 0x1d, 0x1d, 0x2a, 0x1d, 0x1d, 0x2a, 0x1d, 0x1d, 0x2a,
  0x1d, 0x81, 0x2a, 0x1d, 0x1d, 0x2a, 0x1d, 0x1d, 0x2a, 0x1d, 0x1d, 0x2a,
  0x1d, 0x1d, 0x2a, 0x1d, 0x1d, 0x2a, 0x1d, 0x1d, 0x2a, 0x1d, 0x1d, 0x2a,
  0x1d, 0xfd, 0xc5, 0x2a, 0x1d, 0x1d, 0x2a, 0x1d, 0x1d, 0x2a, 0x1d, 0x1d,
  0x2a, 0x1d, 0x81, 0x2a, 0x1d, 0x1d, 0x2a, 0x1d, 0x1d, 0x2a, 0x1d, 0x1d,
  0x2a, 0x1d, 0x00, 0x00, 0x00, 0x1a, 0x00, 0x00, 0x00, 0x00, 0x00, 0xc8,
  0x05, 0x14, 0x00, 0x07, 0x00, 0x0f, 0x00, 0x17, 0x00, 0x1f, 0x00, 0x27,
  0x00, 0x2f, 0x00, 0x37, 0x00, 0x3f, 0x00, 0x47, 0x00, 0x4f, 0x00, 0x57,
  0x00, 0x5f, 0x00, 0x67, 0x00, 0x6f, 0x00, 0x77, 0x00, 0x7f, 0x00, 0x87,
  0x00, 0x8f, 0x00, 0x97, 0x00, 0x9f, 0x00, 0xa7, 0x00, 0xaf, 0x00, 0xb7,
  0x00, 0xbf, 0x00, 0xc7, 0x00, 0xcf, 0x00, 0x00, 0x10, 0x34, 0x36, 0x32,
  0x16, 0x14, 0x06, 0x22, 0x06, 0x34, 0x36, 0x32, 0x16, 0x14, 0x06, 0x22,
  0x06, 0x34, 0x36, 0x32, 0x16, 0x14, 0x06, 0x22, 0x06, 0x34, 0x36, 0x32,
  0x16, 0x14, 0x06, 0x22, 0x06, 0x34, 0x36, 0x32, 0x16, 0x14, 0x06, 0x22,
  0x06, 0x34, 0x36, 0x32, 0x16, 0x14, 0x06, 0x22, 0x06, 0x34, 0x36, 0x32,
  0x16, 0x14, 0x06, 0x22, 0x06, 0x34, 0x36, 0x32, 0x16, 0x14, 0x06, 0x22,
  0x06, 0x34, 0x36, 0x32, 0x16, 0x14, 0x06, 0x22, 0x06, 0x34, 0x36, 0x32,
  0x16, 0x14, 0x06, 0x22, 0x36, 0x34, 0x36, 0x32, 0x16, 0x14, 0x06, 0x22,
  0x26, 0x34, 0x36, 0x32, 0x16, 0x14, 0x06, 0x22, 0x26, 0x34, 0x36, 0x32,
  0x16, 0x14, 0x06, 0x22, 0x26, 0x34, 0x36, 0x32, 0x16, 0x14, 0x06, 0x22,
  0x26, 0x34, 0x36, 0x32, 0x16, 0x14, 0x06, 0x22, 0x26, 0x34, 0x36, 0x32,
  0x16, 0x14, 0x06, 0x22, 0x26, 0x34, 0x36, 0x32, 0x16, 0x14, 0x06, 0x22,
  0x26, 0x34, 0x36, 0x32, 0x16, 0x14, 0x06, 0x22, 0x26, 0x34, 0x36, 0x32,
  0x16, 0x14, 0x06, 0x22, 0x26, 0x34, 0x36, 0x32, 0x16, 0x14, 0x06, 0x22,
  0x26, 0x34, 0x36, 0x32, 0x16, 0x14, 0x06, 0x22, 0x36, 0x34, 0x36, 0x32,
  0x16, 0x14, 0x06, 0x22, 0x26, 0x34, 0x36, 0x32, 0x16, 0x14, 0x06, 0x22,
  0x36, 0x34, 0x36, 0x32, 0x16, 0x14, 0x06, 0x22, 0x26, 0x34, 0x36, 0x32,
  0x16, 0x14, 0x06, 0x22, 0x36, 0x34, 0x36, 0x32, 0x16, 0x14, 0x06, 0x22,
  0x1d, 0x2a, 0x1d, 0x1d, 0x2a, 0x1d, 0x1d, 0x2a, 0x1d, 0x1d, 0x2a, 0x1d,
  0x1d, 0x2a, 0x1d, 0x1d, 0x2a, 0x1d, 0x1d, 0x2a, 0x1d, 0x1d, 0x2a, 0x1d,
  0x1d, 0x2a, 0x1d, 0x1d, 0x2a, 0x1d, 0x1d, 0x2a, 0x1d, 0x1d, 0x2a, 0x1d,
  0x1d, 0x2a, 0x1d, 0x1d, 0x2a, 0x1d, 0x1d, 0x2a, 0x1d, 0x1d, 0x2a, 0x1d,
  0x1d, 0x2a, 0x1d, 0x1d, 0x2a, 0x1d, 0x1d, 0x2a, 0x1d, 0x1d, 0x2a, 0x47,
  0x1d, 0x2a, 0x1d, 0x1d, 0x2a, 0x1d, 0x1d, 0x2a, 0x1d, 0x1d, 0x2a, 0x1d,
  0x1d, 0x2a, 0x1d, 0x1d, 0x2a, 0x1d, 0x1d, 0x2a, 0x1d, 0x1d, 0x2a, 0x1d,
  0x1d, 0x2a, 0x1d, 0x1d, 0x2a, 0x1d, 0x1d, 0x2a, 0x1d, 0x1d, 0x2a, 0x1d,
  0x1d, 0x2a, 0x1d, 0x1d, 0x2a, 0x1d, 0x1d, 0x2a, 0x1d, 0x1d, 0x2a, 0x1d,
  0x1d, 0x2a, 0x1d, 0x1d, 0x2a, 0x1d, 0x1d, 0x2a, 0x1d, 0x1d, 0x2a, 0x81,
  0x1d, 0x2a, 0x1d, 0x1d, 0x2a, 0x47, 0x1d, 0x2a, 0x1d, 0x1d, 0x2a, 0x81,
  0x1d, 0x2a, 0x1d, 0x1d, 0x2a, 0x47, 0x1d, 0x2a, 0x1d, 0x1d, 0x2a, 0x81,
  0x1d, 0x2a, 0x1d, 0x1d, 0x2a, 0x47, 0x1d, 0x2a, 0x1d, 0x1d, 0x2a, 0x03,
  0xa1, 0x2a, 0x1d, 0x1d, 0x2a, 0x1d, 0x47, 0x2a, 0x1d, 0x1d, 0x2a, 0x1d,
  0x47, 0x2a, 0x1d, 0x1d, 0x2a, 0x1d, 0x47, 0x2a, 0x1d, 0x1d, 0x2a, 0x1d,
  0x47, 0x2a, 0x1d, 0x1d, 0x2a, 0x1d, 0x47, 0x2a, 0x1d, 0x1d, 0x2a, 0x1d,
  0x47, 0x2a, 0x1d, 0x1d, 0x2a, 0x1d, 0x47, 0x2a, 0x1d, 0x1d, 0x2a, 0x1d,
  0x47, 0x2a, 0x1d, 0x1d, 0x2a, 0x1d, 0x47, 0x2a, 0x1d, 0x1d, 0x2a, 0x1d,
  0x1d, 0x2a, 0x1d, 0x1d, 0x2a, 0x1d, 0x81, 0x2a, 0x1d, 0x1d, 0x2a, 0x1d,
  0x81, 0x2a, 0x1d, 0x1d, 0x2a, 0x1d, 0x81, 0x2a, 0x1d, 0x1d, 0x2a, 0x1d,
  0x81, 0x2a, 0x1d, 0x1d, 0x2a, 0x1d, 0x81, 0x2a, 0x1d, 0x1d, 0x2a, 0x1d,
  0x81, 0x2a, 0x1d, 0x1d, 0x2a, 0x1d, 0x81, 0x2a, 0x1d, 0x1d, 0x2a, 0x1d,
  0x81, 0x2a, 0x1d, 0x1d, 0x2a, 0x1d, 0x81, 0x2a, 0x1d, 0x1d, 0x2a, 0x1d,
  0x81, 0x2a, 0x1d, 0x1d, 0x2a, 0x1d, 0x1d, 0x2a, 0x1d, 0x1d, 0x2a, 0x1d,
  0x81, 0x2a, 0x1d, 0x1d, 0x2a, 0x1d, 0x1d, 0x2a, 0x1d, 0x1d, 0x2a, 0x1d,
  0x81, 0x2a, 0x1d, 0x1d, 0x2a, 0x1d, 0x1d, 0x2a, 0x1d, 0x1d, 0x2a, 0x1d,
  0x00, 0x1d, 0x00, 0x00, 0x00, 0x00, 0x01, 0x90, 0x05, 0x14, 0x00, 0x07,
  0x00, 0x0f, 0x00, 0x17, 0x00, 0x1f, 0x00, 0x27, 0x00, 0x2f, 0x00, 0x37,
  0x00, 0x3f, 0x00, 0x47, 0x00, 0x4f, 0x00, 0x57, 0x00, 0x5f, 0x00, 0x67,
  0x00, 0x6f, 0x00, 0x77, 0x00, 0x7f, 0x00, 0x87, 0x00, 0x8f, 0x00, 0x97,
  0x00, 0x9f, 0x00, 0xa7, 0x00, 0xaf, 0x00, 0xb7, 0x00, 0xbf, 0x00, 0xc7,
  0x00, 0xcf, 0x00, 0xd7, 0x00, 0xdf, 0x00, 0xe7, 0x00, 0x00, 0x36, 0x34,
  0x36, 0x32, 0x16, 0x14, 0x06, 0x22, 0x26, 0x34, 0x36, 0x32, 0x16, 0x14,
  0x06, 0x22, 0x26, 0x34, 0x36, 0x32, 0x16, 0x14, 0x06, 0x22, 0x26, 0x34,
  0x36, 0x32, 0x16, 0x14, 0x06, 0x22, 0x06, 0x34, 0x36, 0x32, 0x16, 0x14,
  0x06, 0x22, 0x36, 0x34, 0x36, 0x32, 0x16, 0x14, 0x06, 0x22, 0x36, 0x34,
  0x36, 0x32, 0x16, 0x14, 0x06, 0x22, 0x26, 0x34, 0x36, 0x32, 0x16, 0x14,
  0x06, 0x22, 0x36, 0x34, 0x36, 0x32, 0x16, 0x14, 0x06, 0x22, 0x26, 0x34,
  0x36, 0x32, 0x16, 0x14, 0x06, 0x22, 0x36, 0x34, 0x36, 0x32, 0x16, 0x14,
  0x06, 0x22, 0x26, 0x34, 0x36, 0x32, 0x16, 0x14, 0x06, 0x22, 0x36, 0x34,
  0x36, 0x32, 0x16, 0x14, 0x06, 0x22, 0x26, 0x34, 0x36, 0x32, 0x16, 0x14,
  0x06, 0x22, 0x36, 0x34, 0x36, 0x32, 0x16, 0x14, 0x06, 0x22, 0x26, 0x34,
  0x36, 0x32, 0x16, 0x14, 0x06, 0x22, 0x36, 0x34, 0x36, 0x32, 0x16, 0x14,
  0x06, 0x22, 0x26, 0x34, 0x36, 0x32, 0x16, 0x14, 0x06, 0x22, 0x36, 0x34,
  0x36, 0x32, 0x16, 0x14, 0x06, 0x22, 0x26, 0x34, 0x36, 0x32, 0x16, 0x14,
  0x06, 0x22, 0x36, 0x34, 0x36, 0x32, 0x16, 0x14, 0x06, 0x22, 0x26, 0x34,
  0x36, 0x32, 0x16, 0x14, 0x06, 0x22, 0x36, 0x34, 0x36, 0x32, 0x16, 0x14,
  0x06, 0x22, 0x26, 0x34, 0x36, 0x32, 0x16, 0x14, 0x06, 0x22, 0x36, 0x34,
  0x36, 0x32, 0x16, 0x14, 0x06, 0x22, 0x26, 0x34, 0x36, 0x32, 0x16, 0x14,
  0x06, 0x22, 0x26, 0x34, 0x36, 0x32, 0x16, 0x14, 0x06, 0x22, 0x36, 0x34,
  0x36, 0x32, 0x16, 0x14, 0x06, 0x22, 0x06, 0x34, 0x36, 0x32, 0x16, 0x14,
  0x06, 0x22, 0xc8, 0x1d, 0x2a, 0x1d, 0x1d, 0x2a, 0x81, 0x1d, 0x2a, 0x1d,
  0x1d, 0x2a, 0x1d, 0x1d, 0x2a, 0x1d, 0x1d, 0x2a, 0x81, 0x1d, 0x2a, 0x1d,
  0x1d, 0x2a, 0x1d, 0x1d, 0x2a, 0x1d, 0x1d, 0x2a, 0xab, 0x1d, 0x2a, 0x1d,
  0x1d, 0x2a, 0x47, 0x1d, 0x2a, 0x1d, 0x1d, 0x2a, 0x81, 0x1d, 0x2a, 0x1d,
  0x1d, 0x2a, 0x47, 0x1d, 0x2a, 0x1d, 0x1d, 0x2a, 0x81, 0x1d, 0x2a, 0x1d,
  0x1d, 0x2a, 0x47, 0x1d, 0x2a, 0x1d, 0x1d, 0x2a, 0x81, 0x1d, 0x2a, 0x1d,
  0x1d, 0x2a, 0x47, 0x1d, 0x2a, 0x1d, 0x1d, 0x2a, 0x81, 0x1d, 0x2a, 0x1d,
  0x1d, 0x2a, 0x47, 0x1d, 0x2a, 0x1d, 0x1d, 0x2a, 0x81, 0x1d, 0x2a, 0x1d,
  0x1d, 0x2a, 0x47, 0x1d, 0x2a, 0x1d, 0x1d, 0x2a, 0x81, 0x1d, 0x2a, 0x1d,
  0x1d, 0x2a, 0x47, 0x1d, 0x2a, 0x1d, 0x1d, 0x2a, 0x81, 0x1d, 0x2a, 0x1d,
  0x1d, 0x2a, 0x47, 0x1d, 0x2a, 0x1d, 0x1d, 0x2a, 0x81, 0x1d, 0x2a, 0x1d,
  0x1d, 0x2a, 0x47, 0x1d, 0x2a, 0x1d, 0x1d, 0x2a, 0x81, 0x1d, 0x2a, 0x1d,
  0x1d, 0x2a, 0x47, 0x1d, 0x2a, 0x1d, 0x1d, 0x2a, 0x81, 0x1d, 0x2a, 0x1d,
  0x1d, 0x2a, 0x1d, 0x1d, 0x2a, 0x1d, 0x1d, 0x2a, 0x47, 0x1d, 0x2a, 0x1d,
  0x1d, 0x2a, 0x1d, 0x1d, 0x2a, 0x1d, 0x1d, 0x2a, 0x1d, 0x2a, 0x1d, 0x1d,
  0x2a, 0x1d, 0x1d, 0x2a, 0x1d, 0x1d, 0x2a, 0x1d, 0x81, 0x2a, 0x1d, 0x1d,
  0x2a, 0x1d, 0x1d, 0x2a, 0x1d, 0x1d, 0x2a, 0x1d, 0x47, 0x2a, 0x1d, 0x1d,
  0x2a, 0x1d, 0x81, 0x2a, 0x1d, 0x1d, 0x2a, 0x1d, 0x1d, 0x2a, 0x1d, 0x1d,
  0x2a, 0x1d, 0x81, 0x2a, 0x1d, 0x1d, 0x2a, 0x1d, 0x1d, 0x2a, 0x1d, 0x1d,
  0x2a, 0x1d, 0x81, 0x2a, 0x1d, 0x1d, 0x2a, 0x1d, 0x1d, 0x2a, 0x1d, 0x1d,
  0x2a, 0x1d, 0x81, 0x2a, 0x1d, 0x1d, 0x2a, 0x1d, 0x1d, 0x2a, 0x1d, 0x1d,
  0x2a, 0x1d, 0x81, 0x2a, 0x1d, 0x1d, 0x2a, 0x1d, 0x1d, 0x2a, 0x1d, 0x1d,
  0x2a, 0x1d, 0x81, 0x2a, 0x1d, 0x1d, 0x2a, 0x1d, 0x1d, 0x2a, 0x1d, 0x1d,
  0x2a, 0x1d, 0x81, 0x2a, 0x1d, 0x1d, 0x2a, 0x1d, 0x1d, 0x2a, 0x1d, 0x1d,
  0x2a, 0x1d, 0x81, 0x2a, 0x1d, 0x1d, 0x2a, 0x1d, 0x1d, 0x2a, 0x1d, 0x1d,
  0x2a, 0x1d, 0x81, 0x2a, 0x1d, 0x1d, 0x2a, 0x1d, 0x1d, 0x2a, 0x1d, 0x1d,
  0x2a, 0x1d, 0x81, 0x2a, 0x1d, 0x1d, 0x2a, 0x1d, 0x1d, 0x2a, 0x1d, 0x1d,
  0x2a, 0x1d, 0x81, 0x2a, 0x1d, 0x1d, 0x2a, 0x1d, 0x81, 0x2a, 0x1d, 0x1d,
  0x2a, 0x1d, 0x1d, 0x2a, 0x1d, 0x1d, 0x2a, 0x1d, 0x47, 0x2a, 0x1d, 0x1d,
  0x2a, 0x1d, 0x00, 0x00, 0x00, 0x41, 0x00, 0x00, 0x00, 0x00, 0x04, 0x4c,
  0x05, 0x14, 0x00, 0x07, 0x00, 0x0f, 0x00, 0x17, 0x00, 0x1f, 0x00, 0x27,
  0x00, 0x2f, 0x00, 0x37, 0x00, 0x3f, 0x00, 0x47, 0x00, 0x4f, 0x00, 0x57,
  0x00, 0x5f, 0x00, 0x67, 0x00, 0x6f, 0x00, 0x77, 0x00, 0x7f, 0x00, 0x87,
  0x00, 0x8f, 0x00, 0x97, 0x00, 0x9f, 0x00, 0xa7, 0x00, 0xaf, 0x00, 0xb7,
  0x00, 0xbf, 0x00, 0xc7, 0x00, 0xcf, 0x00, 0xd7, 0x00, 0xdf, 0x00, 0xe7,
  0x00, 0xef, 0x00, 0xf7, 0x00, 0xff, 0x01, 0x07, 0x01, 0x0f, 0x01, 0x17,
  0x01, 0x1f, 0x01, 0x27, 0x01, 0x2f, 0x01, 0x37, 0x01, 0x3f, 0x01, 0x47,
  0x01, 0x4f, 0x01, 0x57, 0x01, 0x5f, 0x01, 0x67, 0x01, 0x6f, 0x01, 0x77,
  0x01, 0x7f, 0x01, 0x87, 0x01, 0x8f, 0x01, 0x97, 0x01, 0x9f, 0x01, 0xa7,
  0x01, 0xaf, 0x01, 0xb7, 0x01, 0xbf, 0x01, 0xc7, 0x01, 0xcf, 0x01, 0xd7,
  0x01, 0xdf, 0x01, 0xe7, 0x01, 0xef, 0x01, 0xf7, 0x01, 0xff, 0x02, 0x07,
  0x00, 0x00, 0x10, 0x34, 0x36, 0x32, 0x16, 0x14, 0x06, 0x22, 0x06, 0x34,
  0x36, 0x32, 0x16, 0x14, 0x06, 0x22, 0x06, 0x34, 0x36, 0x32, 0x16, 0x14,
  0x06, 0x22, 0x06, 0x34, 0x36, 0x32, 0x16, 0x14, 0x06, 0x22, 0x06, 0x34,
  0x36, 0x32, 0x16, 0x14, 0x06, 0x22, 0x06, 0x34, 0x36, 0x32, 0x16, 0x14,
  0x06, 0x22, 0x06, 0x34, 0x36, 0x32, 0x16, 0x14, 0x06, 0x22, 0x06, 0x34,
  0x36, 0x32, 0x16, 0x14, 0x06, 0x22, 0x06, 0x34, 0x36, 0x32, 0x16, 0x14,
  0x06, 0x22, 0x06, 0x34, 0x36, 0x32, 0x16, 0x14, 0x06, 0x22, 0x36, 0x34,
  0x36, 0x32, 0x16, 0x14, 0x06, 0x22, 0x26, 0x34, 0x36, 0x32, 0x16, 0x14,
  0x06, 0x22, 0x26, 0x34, 0x36, 0x32, 0x16, 0x14, 0x06, 0x22, 0x26, 0x34,
  0x36, 0x32, 0x16, 0x14, 0x06, 0x22, 0x26, 0x34, 0x36, 0x32, 0x16, 0x14,
  0x06, 0x22, 0x26, 0x34, 0x36, 0x32, 0x16, 0x14, 0x06, 0x22, 0x26, 0x34,
  0x36, 0x32, 0x16, 0x14, 0x06, 0x22, 0x36, 0x34, 0x36, 0x32, 0x16, 0x14,
  0x06, 0x22, 0x26, 0x34, 0x36, 0x32, 0x16, 0x14, 0x06, 0x22, 0x36, 0x34,
  0x36, 0x32, 0x16, 0x14, 0x06, 0x22, 0x36, 0x34, 0x36, 0x32, 0x16, 0x14,
  0x06, 0x22, 0x26, 0x34, 0x36, 0x32, 0x16, 0x14, 0x06, 0x22, 0x36, 0x34,
  0x36, 0x32, 0x16, 0x14, 0x06, 0x22, 0x36, 0x34, 0x36, 0x32, 0x16, 0x14,
  0x06, 0x22, 0x26, 0x34, 0x36, 0x32, 0x16, 0x14, 0x06, 0x22, 0x36, 0x34,
  0x36, 0x32, 0x16, 0x14, 0x06, 0x22, 0x36, 0x34, 0x36, 0x32, 0x16, 0x14,
  0x06, 0x22, 0x26, 0x34, 0x36, 0x32, 0x16, 0x14, 0x06, 0x22, 0x36, 0x34,
  0x36, 0x32, 0x16, 0x14, 0x06, 0x22, 0x36, 0x34, 0x36, 0x32, 0x16, 0x14,
  0x06, 0x22, 0x26, 0x34, 0x36, 0x32, 0x16, 0x14, 0x06, 0x22, 0x36, 0x34,
  0x36, 0x32, 0x16, 0x14, 0x06, 0x22, 0x36, 0x34, 0x36, 0x32, 0x16, 0x14,
  0x06, 0x22, 0x26, 0x34, 0x36, 0x32, 0x16, 0x14, 0x06, 0x22, 0x36, 0x34,
  0x36, 0x32, 0x16, 0x14, 0x06, 0x22, 0x36, 0x34, 0x36, 0x32, 0x16, 0x14,
  0x06, 0x22, 0x00, 0x34, 0x36, 0x32, 0x16, 0x14, 0x06, 0x22, 0x36, 0x34,
  0x36, 0x32, 0x16, 0x14, 0x06, 0x22, 0x06, 0x34, 0x36, 0x32, 0x16, 0x14,
  0x06, 0x22, 0x36, 0x34, 0x36, 0x32, 0x16, 0x14, 0x06, 0x22, 0x36, 0x34,
  0x36, 0x32, 0x16, 0x14, 0x06, 0x22, 0x06, 0x34, 0x36, 0x32, 0x16, 0x14,
  0x06, 0x22, 0x36, 0x34, 0x36, 0x32, 0x16, 0x14, 0x06, 0x22, 0x36, 0x34,
  0x36, 0x32, 0x16, 0x14, 0x06, 0x22, 0x06, 0x34, 0x36, 0x32, 0x16, 0x14,
  0x06, 0x22, 0x36, 0x34, 0x36, 0x32, 0x16, 0x14, 0x06, 0x22, 0x36, 0x34,
  0x36, 0x32, 0x16, 0x14, 0x06, 0x22, 0x06, 0x34, 0x36, 0x32, 0x16, 0x14,
  0x06, 0x22, 0x36, 0x34, 0x36, 0x32, 0x16, 0x14, 0x06, 0x22, 0x36, 0x34,
  0x36, 0x32, 0x16, 0x14, 0x06, 0x22, 0x06, 0x34, 0x36, 0x32, 0x16, 0x14,
  0x06, 0x22, 0x36, 0x34, 0x36, 0x32, 0x16, 0x14, 0x06, 0x22, 0x36, 0x34,
  0x36, 0x32, 0x16, 0x14, 0x06, 0x22, 0x06, 0x34, 0x36, 0x32, 0x16, 0x14,
  0x06, 0x22, 0x36, 0x34, 0x36, 0x32, 0x16, 0x14, 0x06, 0x22, 0x36, 0x34,
  0x36, 0x32, 0x16, 0x14, 0x06, 0x22, 0x00, 0x34, 0x36, 0x32, 0x16, 0x14,
  0x06, 0x22, 0x26, 0x34, 0x36, 0x32, 0x16, 0x14, 0x06, 0x22, 0x26, 0x34,
  0x36, 0x32, 0x16, 0x14, 0x06, 0x22, 0x26, 0x34, 0x36, 0x32, 0x16, 0x14,
  0x06, 0x22, 0x36, 0x34, 0x36, 0x32, 0x16, 0x14, 0x06, 0x22, 0x26, 0x34,
  0x36, 0x32, 0x16, 0x14, 0x06, 0x22, 0x36, 0x34, 0x36, 0x32, 0x16, 0x14,
  0x06, 0x22, 0x26, 0x34, 0x36, 0x32, 0x16, 0x14, 0x06, 0x22, 0x36, 0x34,
  0x36, 0x32, 0x16, 0x14, 0x06, 0x22, 0x1d, 0x2a, 0x1d, 0x1d, 0x2a, 0x1d,
  0x1d, 0x2a, 0x1d, 0x1d, 0x2a, 0x1d, 0x1d, 0x2a, 0x1d, 0x1d, 0x2a, 0x1d,
  0x1d, 0x2a, 0x1d, 0x1d, 0x2a, 0x1d, 0x1d, 0x2a, 0x1d, 0x1d, 0x2a, 0x1d,
  0x1d, 0x2a, 0x1d, 0x1d, 0x2a, 0x1d, 0x1d, 0x2a, 0x1d, 0x1d, 0x2a, 0x1d,
  0x1d, 0x2a, 0x1d, 0x1d, 0x2a, 0x1d, 0x1d, 0x2a, 0x1d, 0x1d, 0x2a, 0x1d,
  0x1d, 0x2a, 0x1d, 0x1d, 0x2a, 0x47, 0x1d, 0x2a, 0x1d, 0x1d, 0x2a, 0x1d,
  0x1d, 0x2a, 0x1d, 0x1d, 0x2a, 0x1d, 0x1d, 0x2a, 0x1d, 0x1d, 0x2a, 0x1d,
  0x1d, 0x2a, 0x1d, 0x1d, 0x2a, 0x1d, 0x1d, 0x2a, 0x1d, 0x1d, 0x2a, 0x1d,
  0x1d, 0x2a, 0x1d, 0x1d, 0x2a, 0x1d, 0x1d, 0x2a, 0x1d, 0x1d, 0x2a, 0x47,
  0x1d, 0x2a, 0x1d, 0x1d, 0x2a, 0x1d, 0x1d, 0x2a, 0x1d, 0x1d, 0x2a, 0x47,
  0x1d, 0x2a, 0x1d, 0x1d, 0x2a, 0x47, 0x1d, 0x2a, 0x1d, 0x1d, 0x2a, 0x81,
  0x1d, 0x2a, 0x1d, 0x1d, 0x2a, 0x47, 0x1d, 0x2a, 0x1d, 0x1d, 0x2a, 0x47,
  0x1d, 0x2a, 0x1d, 0x1d, 0x2a, 0x81, 0x1d, 0x2a, 0x1d, 0x1d, 0x2a, 0x47,
  0x1d, 0x2a, 0x1d, 0x1d, 0x2a, 0x47, 0x1d, 0x2a, 0x1d, 0x1d, 0x2a, 0x81,
  0x1d, 0x2a, 0x1d, 0x1d, 0x2a, 0x47, 0x1d, 0x2a, 0x1d, 0x1d, 0x2a, 0x47,
  0x1d, 0x2a, 0x1d, 0x1d, 0x2a, 0x81, 0x1d, 0x2a, 0x1d, 0x1d, 0x2a, 0x47,
  0x1d, 0x2a, 0x1d, 0x1d, 0x2a, 0x47, 0x1d, 0x2a, 0x1d, 0x1d, 0x2a, 0x81,
  0x1d, 0x2a, 0x1d, 0x1d, 0x2a, 0x47, 0x1d, 0x2a, 0x1d, 0x1d, 0x2a, 0x47,
  0x1d, 0x2a, 0x1d, 0x1d, 0x2a, 0xfd, 0x8b, 0x1d, 0x2a, 0x1d, 0x1d, 0x2a,
  0x47, 0x1d, 0x2a, 0x1d, 0x1d, 0x2a, 0x81, 0x1d, 0x2a, 0x1d, 0x1d, 0x2a,
  0x47, 0x1d, 0x2a, 0x1d, 0x1d, 0x2a, 0x47, 0x1d, 0x2a, 0x1d, 0x1d, 0x2a,
  0x81, 0x1d, 0x2a, 0x1d, 0x1d, 0x2a, 0x47, 0x1d, 0x2a, 0x1d, 0x1d, 0x2a,
  0x47, 0x1d, 0x2a, 0x1d, 0x1d, 0x2a, 0x81, 0x1d, 0x2a, 0x1d, 0x1d, 0x2a,
  0x47, 0x1d, 0x2a, 0x1d, 0x1d, 0x2a, 0x47, 0x1d, 0x2a, 0x1d, 0x1d, 0x2a,
  0x81, 0x1d, 0x2a, 0x1d, 0x1d, 0x2a, 0x47, 0x1d, 0x2a, 0x1d, 0x1d, 0x2a,
  0x47, 0x1d, 0x2a, 0x1d, 0x1d, 0x2a, 0x81, 0x1d, 0x2a, 0x1d, 0x1d, 0x2a,
  0x47, 0x1d, 0x2a, 0x1d, 0x1d, 0x2a, 0x47, 0x1d, 0x2a, 0x1d, 0x1d, 0x2a,
  0x81, 0x1d, 0x2a, 0x1d, 0x1d, 0x2a, 0x47, 0x1d, 0x2a, 0x1d, 0x1d, 0x2a,
  0x47, 0x1d, 0x2a, 0x1d, 0x1d, 0x2a, 0xfc, 0x5f, 0x1d, 0x2a, 0x1d, 0x1d,
  0x2a, 0x1d, 0x1d, 0x2a, 0x1d, 0x1d, 0x2a, 0x1d, 0x1d, 0x2a, 0x1d, 0x1d,
  0x2a, 0x81, 0x1d, 0x2a, 0x1d, 0x1d, 0x2a, 0x47, 0x1d, 0x2a, 0x1d, 0x1d,
  0x2a, 0x81, 0x1d, 0x2a, 0x1d, 0x1d, 0x2a, 0x47, 0x1d, 0x2a, 0x1d, 0x1d,
  0x2a, 0x81, 0x1d, 0x2a, 0x1d, 0x1d, 0x2a, 0x47, 0x1d, 0x2a, 0x1d, 0x1d,
  0x2a, 0x03, 0xa1, 0x2a, 0x1d, 0x1d, 0x2a, 0x1d, 0x47, 0x2a, 0x1d, 0x1d,
  0x2a, 0x1d, 0x47, 0x2a, 0x1d, 0x1d, 0x2a, 0x1d, 0x47, 0x2a, 0x1d, 0x1d,
  0x2a, 0x1d, 0x47, 0x2a, 0x1d, 0x1d, 0x2a, 0x1d, 0x47, 0x2a, 0x1d, 0x1d,
  0x2a, 0x1d, 0x47, 0x2a, 0x1d, 0x1d, 0x2a, 0x1d, 0x47, 0x2a, 0x1d, 0x1d,
  0x2a, 0x1d, 0x47, 0x2a, 0x1d, 0x1d, 0x2a, 0x1d, 0x47, 0x2a, 0x1d, 0x1d,
  0x2a, 0x1d, 0x1d, 0x2a, 0x1d, 0x1d, 0x2a, 0x1d, 0x81, 0x2a, 0x1d, 0x1d,
  0x2a, 0x1d, 0x81, 0x2a, 0x1d, 0x1d, 0x2a, 0x1d, 0x81, 0x2a, 0x1d, 0x1d,
  0x2a, 0x1d, 0x81, 0x2a, 0x1d, 0x1d, 0x2a, 0x1d, 0x81, 0x2a, 0x1d, 0x1d,
  0x2a, 0x1d, 0x81, 0x2a, 0x1d, 0x1d, 0x2a, 0x1d, 0x1d, 0x2a, 0x1d, 0x1d,
  0x2a, 0x1d, 0x81, 0x2a, 0x1d, 0x1d, 0x2a, 0x1d, 0x1d, 0x2a, 0x1d, 0x1d,
  0x2a, 0x1d, 0x1d, 0x2a, 0x1d, 0x1d, 0x2a, 0x1d, 0x81, 0x2a, 0x1d, 0x1d,
  0x2a, 0x1d, 0x1d, 0x2a, 0x1d, 0x1d, 0x2a, 0x1d, 0x1d, 0x2a, 0x1d, 0x1d,
  0x2a, 0x1d, 0x81, 0x2a, 0x1d, 0x1d, 0x2a, 0x1d, 0x1d, 0x2a, 0x1d, 0x1d,
  0x2a, 0x1d, 0x1d, 0x2a, 0x1d, 0x1d, 0x2a, 0x1d, 0x81, 0x2a, 0x1d, 0x1d,
  0x2a, 0x1d, 0x1d, 0x2a, 0x1d, 0x1d, 0x2a, 0x1d, 0x1d, 0x2a, 0x1d, 0x1d,
  0x2a, 0x1d, 0x81, 0x2a, 0x1d, 0x1d, 0x2a, 0x1d, 0x1d, 0x2a, 0x1d, 0x1d,
  0x2a, 0x1d, 0x1d, 0x2a, 0x1d, 0x1d, 0x2a, 0x1d, 0x81, 0x2a, 0x1d, 0x1d,
  0x2a, 0x1d, 0x1d, 0x2a, 0x1d, 0x1d, 0x2a, 0x1d, 0x1d, 0x2a, 0x1d, 0x1d,
  0x2a, 0x1d, 0xfd, 0xc5, 0x2a, 0x1d, 0x1d, 0x2a, 0x1d, 0x1d, 0x2a, 0x1d,
  0x1d, 0x2a, 0x1d, 0x47, 0x2a, 0x1d, 0x1d, 0x2a, 0x1d, 0x1d, 0x2a, 0x1d,
  0x1d, 0x2a, 0x1d, 0x1d, 0x2a, 0x1d, 0x1d, 0x2a, 0x1d, 0x47, 0x2a, 0x1d,
  0x1d, 0x2a, 0x1d, 0x1d, 0x2a, 0x1d, 0x1d, 0x2a, 0x1d, 0x1d, 0x2a, 0x1d,
  0x1d, 0x2a, 0x1d, 0x47, 0x2a, 0x1d, 0x1d, 0x2a, 0x1d, 0x1d, 0x2a, 0x1d,
  0x1d, 0x2a, 0x1d, 0x1d, 0x2a, 0x1d, 0x1d, 0x2a, 0x1d, 0x47, 0x2a, 0x1d,
  0x1d, 0x2a, 0x1d, 0x1d, 0x2a, 0x1d, 0x1d, 0x2a, 0x1d, 0x1d, 0x2a, 0x1d,
  0x1d, 0x2a, 0x1d, 0x47, 0x2a, 0x1d, 0x1d, 0x2a, 0x1d, 0x1d, 0x2a, 0x1d,
  0x1d, 0x2a, 0x1d, 0x1d, 0x2a, 0x1d, 0x1d, 0x2a, 0x1d, 0x47, 0x2a, 0x1d,
  0x1d, 0x2a, 0x1d, 0x1d, 0x2a, 0x1d, 0x1d, 0x2a, 0x1d, 0x1d, 0x2a, 0x1d,
  0x1d, 0x2a, 0x1d, 0x02, 0xd9, 0x2a, 0x1d, 0x1d, 0x2a, 0x1d, 0x81, 0x2a,
  0x1d, 0x1d, 0x2a, 0x1d, 0x81, 0x2a, 0x1d, 0x1d, 0x2a, 0x1d, 0x81, 0x2a,
  0x1d, 0x1d, 0x2a, 0x1d, 0x1d, 0x2a, 0x1d, 0x1d, 0x2a, 0x1d, 0x81, 0x2a,
  0x1d, 0x1d, 0x2a, 0x1d, 0x1d, 0x2a, 0x1d, 0x1d, 0x2a, 0x1d, 0x81, 0x2a,
  0x1d, 0x1d, 0x2a, 0x1d, 0x1d, 0x2a, 0x1d, 0x1d, 0x2a, 0x1d, 0x00, 0x00,
  0x00, 0x24, 0x00, 0x00, 0x00, 0x00, 0x02, 0xbc, 0x05, 0x14, 0x00, 0x07,
  0x00, 0x0f, 0x00, 0x17, 0x00, 0x1f, 0x00, 0x27, 0x00, 0x2f, 0x00, 0x37,
  0x00, 0x3f, 0x00, 0x47, 0x00, 0x4f, 0x00, 0x57, 0x00, 0x5f, 0x00, 0x67,
  0x00, 0x6f, 0x00, 0x77, 0x00, 0x7f, 0x00, 0x87, 0x00, 0x8f, 0x00, 0x97,
  0x00, 0x9f, 0x00, 0xa7, 0x00, 0xaf, 0x00, 0xb7, 0x00, 0xbf, 0x00, 0xc7,
  0x00, 0xcf, 0x00, 0xd7, 0x00, 0xdf, 0x00, 0xe7, 0x00, 0xef, 0x00, 0xf7,
  0x00, 0xff, 0x01, 0x07, 0x01, 0x0f, 0x01, 0x17, 0x01, 0x1f, 0x00, 0x00,
  0x10, 0x34, 0x36, 0x32, 0x16, 0x14, 0x06, 0x22, 0x06, 0x34, 0x36, 0x32,
  0x16, 0x14, 0x06, 0x22, 0x06, 0x34, 0x36, 0x32, 0x16, 0x14, 0x06, 0x22,
  0x06, 0x34, 0x36, 0x32, 0x16, 0x14, 0x06, 0x22, 0x06, 0x34, 0x36, 0x32,
  0x16, 0x14, 0x06, 0x22, 0x06, 0x34, 0x36, 0x32, 0x16, 0x14, 0x06, 0x22,
  0x06, 0x34, 0x36, 0x32, 0x16, 0x14, 0x06, 0x22, 0x06, 0x34, 0x36, 0x32,
  0x16, 0x14, 0x06, 0x22, 0x06, 0x34, 0x36, 0x32, 0x16, 0x14, 0x06, 0x22,
  0x06, 0x34, 0x36, 0x32, 0x16, 0x14, 0x06, 0x22, 0x36, 0x34, 0x36, 0x32,
  0x16, 0x14, 0x06, 0x22, 0x36, 0x34, 0x36, 0x32, 0x16, 0x14, 0x06, 0x22,
  0x36, 0x34, 0x36, 0x32, 0x16, 0x14, 0x06, 0x22, 0x36, 0x34, 0x36, 0x32,
  0x16, 0x14, 0x06, 0x22, 0x36, 0x34, 0x36, 0x32, 0x16, 0x14, 0x06, 0x22,
  0x26, 0x34, 0x36, 0x32, 0x16, 0x14, 0x06, 0x22, 0x16, 0x34, 0x36, 0x32,
  0x16, 0x14, 0x06, 0x22, 0x26, 0x34, 0x36, 0x32, 0x16, 0x14, 0x06, 0x22,
  0x26, 0x34, 0x36, 0x32, 0x16, 0x14, 0x06, 0x22, 0x26, 0x34, 0x36, 0x32,
  0x16, 0x14, 0x06, 0x22, 0x26, 0x34, 0x36, 0x32, 0x16, 0x14, 0x06, 0x22,
  0x26, 0x34, 0x36, 0x32, 0x16, 0x14, 0x06, 0x22, 0x26, 0x34, 0x36, 0x32,
  0x16, 0x14, 0x06, 0x22, 0x26, 0x34, 0x36, 0x32, 0x16, 0x14, 0x06, 0x22,
  0x26, 0x34, 0x36, 0x32, 0x16, 0x14, 0x06, 0x22, 0x26, 0x34, 0x36, 0x32,
  0x16, 0x14, 0x06, 0x22, 0x26, 0x34, 0x36, 0x32, 0x16, 0x14, 0x06, 0x22,
  0x26, 0x34, 0x36, 0x32, 0x16, 0x14, 0x06, 0x22, 0x26, 0x34, 0x36, 0x32,
  0x16, 0x14, 0x06, 0x22, 0x26, 0x34, 0x36, 0x32, 0x16, 0x14, 0x06, 0x22,
  0x26, 0x34, 0x36, 0x32, 0x16, 0x14, 0x06, 0x22, 0x36, 0x34, 0x36, 0x32,
  0x16, 0x14, 0x06, 0x22, 0x26, 0x34, 0x36, 0x32, 0x16, 0x14, 0x06, 0x22,
  0x36, 0x34, 0x36, 0x32, 0x16, 0x14, 0x06, 0x22, 0x26, 0x34, 0x36, 0x32,
  0x16, 0x14, 0x06, 0x22, 0x36, 0x34, 0x36, 0x32, 0x16, 0x14, 0x06, 0x22,
  0x1d, 0x2a, 0x1d, 0x1d, 0x2a, 0x1d, 0x1d, 0x2a, 0x1d, 0x1d, 0x2a, 0x1d,
  0x1d, 0x2a, 0x1d, 0x1d, 0x2a, 0x1d, 0x1d, 0x2a, 0x1d, 0x1d, 0x2a, 0x1d,
  0x1d, 0x2a, 0x1d, 0x1d, 0x2a, 0x1d, 0x1d, 0x2a, 0x1d, 0x1d, 0x2a, 0x1d,
  0x1d, 0x2a, 0x1d, 0x1d, 0x2a, 0x1d, 0x1d, 0x2a, 0x1d, 0x1d, 0x2a, 0x1d,
  0x1d, 0x2a, 0x1d, 0x1d, 0x2a, 0x1d, 0x1d, 0x2a, 0x1d, 0x1d, 0x2a, 0x47,
  0x1d, 0x2a, 0x1d, 0x1d, 0x2a, 0x47, 0x1d, 0x2a, 0x1d, 0x1d, 0x2a, 0x47,
  0x1d, 0x2a, 0x1d, 0x1d, 0x2a, 0x47, 0x1d, 0x2a, 0x1d, 0x1d, 0x2a, 0x47,
  0x1d, 0x2a, 0x1d, 0x1d, 0x2a, 0x1d, 0x1d, 0x2a, 0x1d, 0x1d, 0x2a, 0x47,
  0x1d, 0x2a, 0x1d, 0x1d, 0x2a, 0x1d, 0x1d, 0x2a, 0x1d, 0x1d, 0x2a, 0xe5,
  0x1d, 0x2a, 0x1d, 0x1d, 0x2a, 0x81, 0x1d, 0x2a, 0x1d, 0x1d, 0x2a, 0x81,
  0x1d, 0x2a, 0x1d, 0x1d, 0x2a, 0x81, 0x1d, 0x2a, 0x1d, 0x1d, 0x2a, 0x1d,
  0x1d, 0x2a, 0x1d, 0x1d, 0x2a, 0x1d, 0x1d, 0x2a, 0x1d, 0x1d, 0x2a, 0x1d,
  0x1d, 0x2a, 0x1d, 0x1d, 0x2a, 0x1d, 0x1d, 0x2a, 0x1d, 0x1d, 0x2a, 0x1d,
  0x1d, 0x2a, 0x1d, 0x1d, 0x2a, 0x1d, 0x1d, 0x2a, 0x1d, 0x1d, 0x2a, 0x1d,
  0x1d, 0x2a, 0x1d, 0x1d, 0x2a, 0x1d, 0x1d, 0x2a, 0x1d, 0x1d, 0x2a, 0x81,
  0x1d, 0x2a, 0x1d, 0x1d, 0x2a, 0x47, 0x1d, 0x2a, 0x1d, 0x1d, 0x2a, 0x81,
  0x1d, 0x2a, 0x1d, 0x1d, 0x2a, 0x47, 0x1d, 0x2a, 0x1d, 0x1d, 0x2a, 0x81,
  0x1d, 0x2a, 0x1d, 0x1d, 0x2a, 0x47, 0x1d, 0x2a, 0x1d, 0x1d, 0x2a, 0x03,
  0xa1, 0x2a, 0x1d, 0x1d, 0x2a, 0x1d, 0x47, 0x2a, 0x1d, 0x1d, 0x2a, 0x1d,
  0x47, 0x2a, 0x1d, 0x1d, 0x2a, 0x1d, 0x47, 0x2a, 0x1d, 0x1d, 0x2a, 0x1d,
  0x47, 0x2a, 0x1d, 0x1d, 0x2a, 0x1d, 0x47, 0x2a, 0x1d, 0x1d, 0x2a, 0x1d,
  0x47, 0x2a, 0x1d, 0x1d, 0x2a, 0x1d, 0x47, 0x2a, 0x1d, 0x1d, 0x2a, 0x1d,
  0x47, 0x2a, 0x1d, 0x1d, 0x2a, 0x1d, 0x47, 0x2a, 0x1d, 0x1d, 0x2a, 0x1d,
  0x1d, 0x2a, 0x1d, 0x1d, 0x2a, 0x1d, 0x1d, 0x2a, 0x1d, 0x1d, 0x2a, 0x1d,
  0x1d, 0x2a, 0x1d, 0x1d, 0x2a, 0x1d, 0x1d, 0x2a, 0x1d, 0x1d, 0x2a, 0x1d,
  0x1d, 0x2a, 0x1d, 0x1d, 0x2a, 0x1d, 0x81, 0x2a, 0x1d, 0x1d, 0x2a, 0x1d,
  0x47, 0x2a, 0x1d, 0x1d, 0x2a, 0x1d, 0x81, 0x2a, 0x1d, 0x1d, 0x2a, 0x1d,
  0x1d, 0x2a, 0x1d, 0x1d, 0x2a, 0x1d, 0x1d, 0x2a, 0x1d, 0x1d, 0x2a, 0x1d,
  0x1d, 0x2a, 0x1d, 0x1d, 0x2a, 0x1d, 0x1d, 0x2a, 0x1d, 0x1d, 0x2a, 0x1d,
  0x81, 0x2a, 0x1d, 0x1d, 0x2a, 0x1d, 0x81, 0x2a, 0x1d, 0x1d, 0x2a, 0x1d,
  0x81, 0x2a, 0x1d, 0x1d, 0x2a, 0x1d, 0x81, 0x2a, 0x1d, 0x1d, 0x2a, 0x1d,
  0x81, 0x2a, 0x1d, 0x1d, 0x2a, 0x1d, 0x81, 0x2a, 0x1d, 0x1d, 0x2a, 0x1d,
  0x81, 0x2a, 0x1d, 0x1d, 0x2a, 0x1d, 0x81, 0x2a, 0x1d, 0x1d, 0x2a, 0x1d,
  0x81, 0x2a, 0x1d, 0x1d, 0x2a, 0x1d, 0x1d, 0x2a, 0x1d, 0x1d, 0x2a, 0x1d,
  0x81, 0x2a, 0x1d, 0x1d, 0x2a, 0x1d, 0x1d, 0x2a, 0x1d, 0x1d, 0x2a, 0x1d,
  0x81, 0x2a, 0x1d, 0x1d, 0x2a, 0x1d, 0x1d, 0x2a, 0x1d, 0x1d, 0x2a, 0x1d,
  0x00, 0x47, 0x00, 0x00, 0x00, 0x00, 0x04, 0x4c, 0x05, 0x14, 0x00, 0x07,
  0x00, 0x0f, 0x00, 0x17, 0x00, 0x1f, 0x00, 0x27, 0x00, 0x2f, 0x00, 0x37,
  0x00, 0x3f, 0x00, 0x47, 0x00, 0x4f, 0x00, 0x57, 0x00, 0x5f, 0x00, 0x67,
  0x00, 0x6f, 0x00, 0x77, 0x00, 0x7f, 0x00, 0x87, 0x00, 0x8f, 0x00, 0x97,
  0x00, 0x9f, 0x00, 0xa7, 0x00, 0xaf, 0x00, 0xb7, 0x00, 0xbf, 0x00, 0xc7,
  0x00, 0xcf, 0x00, 0xd7, 0x00, 0xdf, 0x00, 0xe7, 0x00, 0xef, 0x00, 0xf7,
  0x00, 0xff, 0x01, 0x07, 0x01, 0x0f, 0x01, 0x17, 0x01, 0x1f, 0x01, 0x27,
  0x01, 0x2f, 0x01, 0x37, 0x01, 0x3f, 0x01, 0x47, 0x01, 0x4f, 0x01, 0x57,
  0x01, 0x5f, 0x01, 0x67, 0x01, 0x6f, 0x01, 0x77, 0x01, 0x7f, 0x01, 0x87,
  0x01, 0x8f, 0x01, 0x97, 0x01, 0x9f, 0x01, 0xa7, 0x01, 0xaf, 0x01, 0xb7,
  0x01, 0xbf, 0x01, 0xc7, 0x01, 0xcf, 0x01, 0xd7, 0x01, 0xdf, 0x01, 0xe7,
  0x01, 0xef, 0x01, 0xf7, 0x01, 0xff, 0x02, 0x07, 0x02, 0x0f, 0x02, 0x17,
  0x02, 0x1f, 0x02, 0x27, 0x02, 0x2f, 0x02, 0x37, 0x00, 0x00, 0x3c, 0x01,
  0x36, 0x32, 0x16, 0x14, 0x06, 0x22, 0x26, 0x34, 0x36, 0x32, 0x16, 0x14,
  0x06, 0x22, 0x26, 0x34, 0x36, 0x32, 0x16, 0x14, 0x06, 0x22, 0x26, 0x34,
  0x36, 0x32, 0x16, 0x14, 0x06, 0x22, 0x26, 0x34, 0x36, 0x32, 0x16, 0x14,
  0x06, 0x22, 0x26, 0x34, 0x36, 0x32, 0x16, 0x14, 0x06, 0x22, 0x26, 0x34,
  0x36, 0x32, 0x16, 0x14, 0x06, 0x22, 0x26, 0x34, 0x36, 0x32, 0x16, 0x14,
  0x06, 0x22, 0x26, 0x34, 0x36, 0x32, 0x16, 0x14, 0x06, 0x22, 0x26, 0x34,
  0x36, 0x32, 0x16, 0x14, 0x06, 0x22, 0x36, 0x34, 0x36, 0x32, 0x16, 0x14,
  0x06, 0x22, 0x26, 0x34, 0x36, 0x32, 0x16, 0x14, 0x06, 0x22, 0x36, 0x34,
  0x36, 0x32, 0x16, 0x14, 0x06, 0x22, 0x26, 0x34, 0x36, 0x32, 0x16, 0x14,
  0x06, 0x22, 0x36, 0x34, 0x36, 0x32, 0x16, 0x14, 0x06, 0x22, 0x16, 0x34,
  0x36, 0x32, 0x16, 0x14, 0x06, 0x22, 0x16, 0x34, 0x36, 0x32, 0x16, 0x14,
  0x06, 0x22, 0x16, 0x34, 0x36, 0x32, 0x16, 0x14, 0x06, 0x22, 0x16, 0x34,
  0x36, 0x32, 0x16, 0x14, 0x06, 0x22, 0x00, 0x34, 0x36, 0x32, 0x16, 0x14,
  0x06, 0x22, 0x02, 0x34, 0x36, 0x32, 0x16, 0x14, 0x06, 0x22, 0x06, 0x34,
  0x36, 0x32, 0x16, 0x14, 0x06, 0x22, 0x26, 0x34, 0x36, 0x32, 0x16, 0x14,
  0x06, 0x22, 0x16, 0x34, 0x36, 0x32, 0x16, 0x14, 0x06, 0x22, 0x06, 0x34,
  0x36, 0x32, 0x16, 0x14, 0x06, 0x22, 0x06, 0x34, 0x36, 0x32, 0x16, 0x14,
  0x06, 0x22, 0x06, 0x34, 0x36, 0x32, 0x16, 0x14, 0x06, 0x22, 0x00, 0x34,
  0x36, 0x32, 0x16, 0x14, 0x06, 0x22, 0x06, 0x34, 0x36, 0x32, 0x16, 0x14,
  0x06, 0x22, 0x36, 0x34, 0x36, 0x32, 0x16, 0x14, 0x06, 0x22, 0x06, 0x34,
  0x36, 0x32, 0x16, 0x14, 0x06, 0x22, 0x16, 0x34, 0x36, 0x32, 0x16, 0x14,
  0x06, 0x22, 0x16, 0x34, 0x36, 0x32, 0x16, 0x14, 0x06, 0x22, 0x00, 0x34,
  0x36, 0x32, 0x16, 0x14, 0x06, 0x22, 0x06, 0x34, 0x36, 0x32, 0x16, 0x14,
  0x06, 0x22, 0x00, 0x34, 0x36, 0x32, 0x16, 0x14, 0x06, 0x22, 0x16, 0x34,
  0x36, 0x32, 0x16, 0x14, 0x06, 0x22, 0x36, 0x34, 0x36, 0x32, 0x16, 0x14,
  0x06, 0x22, 0x06, 0x34, 0x36, 0x32, 0x16, 0x14, 0x06, 0x22, 0x26, 0x34,
  0x36, 0x32, 0x16, 0x14, 0x06, 0x22, 0x36, 0x34, 0x36, 0x32, 0x16, 0x14,
  0x06, 0x22, 0x06, 0x34, 0x36, 0x32, 0x16, 0x14, 0x06, 0x22, 0x26, 0x34,
  0x36, 0x32, 0x16, 0x14, 0x06, 0x22, 0x36, 0x34, 0x36, 0x32, 0x16, 0x14,
  0x06, 0x22, 0x06, 0x34, 0x36, 0x32, 0x16, 0x14, 0x06, 0x22, 0x26, 0x34,
  0x36, 0x32, 0x16, 0x14, 0x06, 0x22, 0x36, 0x34, 0x36, 0x32, 0x16, 0x14,
  0x06, 0x22, 0x06, 0x34, 0x36, 0x32, 0x16, 0x14, 0x06, 0x22, 0x26, 0x34,
  0x36, 0x32, 0x16, 0x14, 0x06, 0x22, 0x36, 0x34, 0x36, 0x32, 0x16, 0x14,
  0x06, 0x22, 0x06, 0x34, 0x36, 0x32, 0x16, 0x14, 0x06, 0x22, 0x26, 0x34,
  0x36, 0x32, 0x16, 0x14, 0x06, 0x22, 0x02, 0x34, 0x36, 0x32, 0x16, 0x14,
  0x06, 0x22, 0x26, 0x34, 0x36, 0x32, 0x16, 0x14, 0x06, 0x22, 0x26, 0x34,
  0x36, 0x32, 0x16, 0x14, 0x06, 0x22, 0x26, 0x34, 0x36, 0x32, 0x16, 0x14,
  0x06, 0x22, 0x26, 0x34, 0x36, 0x32, 0x16, 0x14, 0x06, 0x22, 0x26, 0x34,
  0x36, 0x32, 0x16, 0x14, 0x06, 0x22, 0x26, 0x34, 0x36, 0x32, 0x16, 0x14,
  0x06, 0x22, 0x02, 0x34, 0x36, 0x32, 0x16, 0x14, 0x06, 0x22, 0x26, 0x34,
  0x36, 0x32, 0x16, 0x14, 0x06, 0x22, 0x00, 0x34, 0x36, 0x32, 0x16, 0x14,
  0x06, 0x22, 0x12, 0x34, 0x36, 0x32, 0x16, 0x14, 0x06, 0x22, 0x06, 0x34,
  0x36, 0x32, 0x16, 0x14, 0x06, 0x22, 0x06, 0x34, 0x36, 0x32, 0x16, 0x14,
  0x06, 0x22, 0x06, 0x34, 0x36, 0x32, 0x16, 0x14, 0x06, 0x22, 0x06, 0x34,
  0x36, 0x32, 0x16, 0x14, 0x06, 0x22, 0x06, 0x34, 0x36, 0x32, 0x16, 0x14,
  0x06, 0x22, 0x06, 0x34, 0x36, 0x32, 0x16, 0x14, 0x06, 0x22, 0x06, 0x34,
  0x36, 0x32, 0x16, 0x14, 0x06, 0x22, 0x06, 0x34, 0x36, 0x32, 0x16, 0x14,
  0x06, 0x22, 0x1d, 0x2a, 0x1d, 0x1d, 0x2a, 0x1d, 0x1d, 0x2a, 0x1d, 0x1d,
  0x2a, 0x1d, 0x1d, 0x2a, 0x1d, 0x1d, 0x2a, 0x1d, 0x1d, 0x2a, 0x1d, 0x1d,
  0x2a, 0x1d, 0x1d, 0x2a, 0x1d, 0x1d, 0x2a, 0x1d, 0x1d, 0x2a, 0x1d, 0x1d,
  0x2a, 0x1d, 0x1d, 0x2a, 0x1d, 0x1d, 0x2a, 0x1d, 0x1d, 0x2a, 0x1d, 0x1d,
  0x2a, 0x1d, 0x1d, 0x2a, 0x1d, 0x1d, 0x2a, 0x1d, 0x1d, 0x2a, 0x1d, 0x1d,
  0x2a, 0x47, 0x1d, 0x2a, 0x1d, 0x1d, 0x2a, 0x81, 0x1d, 0x2a, 0x1d, 0x1d,
  0x2a, 0x47, 0x1d, 0x2a, 0x1d, 0x1d, 0x2a, 0x81, 0x1d, 0x2a, 0x1d, 0x1d,
  0x2a, 0x47, 0x1d, 0x2a, 0x1d, 0x1d, 0x2a, 0x47, 0x1d, 0x2a, 0x1d, 0x1d,
  0x2a, 0x47, 0x1d, 0x2a, 0x1d, 0x1d, 0x2a, 0x47, 0x1d, 0x2a, 0x1d, 0x1d,
  0x2a, 0x47, 0x1d, 0x2a, 0x1d, 0x1d, 0x2a, 0x01, 0xd7, 0x1d, 0x2a, 0x1d,
  0x1d, 0x2a, 0x1d, 0x1d, 0x2a, 0x1d, 0x1d, 0x2a, 0x1d, 0x1d, 0x2a, 0x1d,
  0x1d, 0x2a, 0x81, 0x1d, 0x2a, 0x1d, 0x1d, 0x2a, 0x47, 0x1d, 0x2a, 0x1d,
  0x1d, 0x2a, 0x1d, 0x1d, 0x2a, 0x1d, 0x1d, 0x2a, 0x1d, 0x1d, 0x2a, 0x1d,
  0x1d, 0x2a, 0x1d, 0x1d, 0x2a, 0x1d, 0x1d, 0x2a, 0xfc, 0xc3, 0x1d, 0x2a,
  0x1d, 0x1d, 0x2a, 0x1d, 0x1d, 0x2a, 0x1d, 0x1d, 0x2a, 0x47, 0x1d, 0x2a,
  0x1d, 0x1d, 0x2a, 0x1d, 0x1d, 0x2a, 0x1d, 0x1d, 0x2a, 0x47, 0x1d, 0x2a,
  0x1d, 0x1d, 0x2a, 0x47, 0x1d, 0x2a, 0x1d, 0x1d, 0x2a, 0x01, 0xd7, 0x1d,
  0x2a, 0x1d, 0x1d, 0x2a, 0x1d, 0x1d, 0x2a, 0x1d, 0x1d, 0x2a, 0xfd, 0x8b,
  0x1d, 0x2a, 0x1d, 0x1d, 0x2a, 0x47, 0x1d, 0x2a, 0x1d, 0x1d, 0x2a, 0x47,
  0x1d, 0x2a, 0x1d, 0x1d, 0x2a, 0x1d, 0x1d, 0x2a, 0x1d, 0x1d, 0x2a, 0x1d,
  0x1d, 0x2a, 0x1d, 0x1d, 0x2a, 0x47, 0x1d, 0x2a, 0x1d, 0x1d, 0x2a, 0x1d,
  0x1d, 0x2a, 0x1d, 0x1d, 0x2a, 0x1d, 0x1d, 0x2a, 0x1d, 0x1d, 0x2a, 0x47,
  0x1d, 0x2a, 0x1d, 0x1d, 0x2a, 0x1d, 0x1d, 0x2a, 0x1d, 0x1d, 0x2a, 0x1d,
  0x1d, 0x2a, 0x1d, 0x1d, 0x2a, 0x47, 0x1d, 0x2a, 0x1d, 0x1d, 0x2a, 0x1d,
  0x1d, 0x2a, 0x1d, 0x1d, 0x2a, 0x1d, 0x1d, 0x2a, 0x1d, 0x1d, 0x2a, 0x47,
  0x1d, 0x2a, 0x1d, 0x1d, 0x2a, 0x1d, 0x1d, 0x2a, 0x1d, 0x1d, 0x2a, 0x1d,
  0x1d, 0x2a, 0x1d, 0x1d, 0x2a, 0x1d, 0x1d, 0x2a, 0x1d, 0x1d, 0x2a, 0x81,
  0x1d, 0x2a, 0x1d, 0x1d, 0x2a, 0x1d, 0x1d, 0x2a, 0x1d, 0x1d, 0x2a, 0x1d,
  0x1d, 0x2a, 0x1d, 0x1d, 0x2a, 0x1d, 0x1d, 0x2a, 0x1d, 0x1d, 0x2a, 0x1d,
  0x1d, 0x2a, 0x1d, 0x1d, 0x2a, 0x1d, 0x1d, 0x2a, 0x1d, 0x1d, 0x2a, 0x1d,
  0x1d, 0x2a, 0x1d, 0x1d, 0x2a, 0x1d, 0x1d, 0x2a, 0x1d, 0x1d, 0x2a, 0xfc,
  0x5f, 0x1d, 0x2a, 0x1d, 0x1d, 0x2a, 0x47, 0x1d, 0x2a, 0x1d, 0x1d, 0x2a,
  0x1d, 0x1d, 0x2a, 0x1d, 0x1d, 0x2a, 0x1d, 0x1d, 0x2a, 0x1d, 0x1d, 0x2a,
  0x1d, 0x1d, 0x2a, 0x1d, 0x1d, 0x2a, 0x1d, 0x1d, 0x2a, 0x1d, 0x1d, 0x2a,
  0x1d, 0x1d, 0x2a, 0x1d, 0x1d, 0x2a, 0x1d, 0x1d, 0x2a, 0x1d, 0x1d, 0x2a,
  0x1d, 0x1d, 0x2a, 0x1d, 0x1d, 0x2a, 0x1d, 0x1d, 0x2a, 0x1d, 0x1d, 0x2a,
  0x1d, 0x2a, 0x1d, 0x1d, 0x2a, 0x1d, 0x81, 0x2a, 0x1d, 0x1d, 0x2a, 0x1d,
  0x81, 0x2a, 0x1d, 0x1d, 0x2a, 0x1d, 0x81, 0x2a, 0x1d, 0x1d, 0x2a, 0x1d,
  0x81, 0x2a, 0x1d, 0x1d, 0x2a, 0x1d, 0x81, 0x2a, 0x1d, 0x1d, 0x2a, 0x1d,
  0x81, 0x2a, 0x1d, 0x1d, 0x2a, 0x1d, 0x81, 0x2a, 0x1d, 0x1d, 0x2a, 0x1d,
  0x81, 0x2a, 0x1d, 0x1d, 0x2a, 0x1d, 0x81, 0x2a, 0x1d, 0x1d, 0x2a, 0x1d,
  0x1d, 0x2a, 0x1d, 0x1d, 0x2a, 0x1d, 0x81, 0x2a, 0x1d, 0x1d, 0x2a, 0x1d,
  0x1d, 0x2a, 0x1d, 0x1d, 0x2a, 0x1d, 0x81, 0x2a, 0x1d, 0x1d, 0x2a, 0x1d,
  0x1d, 0x2a, 0x1d, 0x1d, 0x2a, 0x1d, 0x47, 0x2a, 0x1d, 0x1d, 0x2a, 0x1d,
  0x47, 0x2a, 0x1d, 0x1d, 0x2a, 0x1d, 0x47, 0x2a, 0x1d, 0x1d, 0x2a, 0x1d,
  0x47, 0x2a, 0x1d, 0x1d, 0x2a, 0x1d, 0xfe, 0x8d, 0x2a, 0x1d, 0x1d, 0x2a,
  0x1d, 0x02, 0x75, 0x2a, 0x1d, 0x1d, 0x2a, 0x1d, 0x47, 0x2a, 0x1d, 0x1d,
  0x2a, 0x1d, 0x1d, 0x2a, 0x1d, 0x1d, 0x2a, 0x1d, 0x47, 0x2a, 0x1d, 0x1d,
  0x2a, 0x1d, 0x47, 0x2a, 0x1d, 0x1d, 0x2a, 0x1d, 0x47, 0x2a, 0x1d, 0x1d,
  0x2a, 0x1d, 0x47, 0x2a, 0x1d, 0x1d, 0x2a, 0x1d, 0x02, 0x11, 0x2a, 0x1d,
  0x1d, 0x2a, 0x1d, 0x47, 0x2a, 0x1d, 0x1d, 0x2a, 0x1d, 0x1d, 0x2a, 0x1d,
  0x1d, 0x2a, 0x1d, 0x47, 0x2a, 0x1d, 0x1d, 0x2a, 0x1d, 0x47, 0x2a, 0x1d,
  0x1d, 0x2a, 0x1d, 0x47, 0x2a, 0x1d, 0x1d, 0x2a, 0x1d, 0xfe, 0x8d, 0x2a,
  0x1d, 0x1d, 0x2a, 0x1d, 0x47, 0x2a, 0x1d, 0x1d, 0x2a, 0x1d, 0x02, 0xd9,
  0x2a, 0x1d, 0x1d, 0x2a, 0x1d, 0x47, 0x2a, 0x1d, 0x1d, 0x2a, 0x1d, 0xe5,
  0x2a, 0x1d, 0x1d, 0x2a, 0x1d, 0xab, 0x2a, 0x1d, 0x1d, 0x2a, 0x1d, 0x81,
  0x2a, 0x1d, 0x1d, 0x2a, 0x1d, 0xe5, 0x2a, 0x1d, 0x1d, 0x2a, 0x1d, 0xab,
  0x2a, 0x1d, 0x1d, 0x2a, 0x1d, 0x81, 0x2a, 0x1d, 0x1d, 0x2a, 0x1d, 0xe5,
  0x2a, 0x1d, 0x1d, 0x2a, 0x1d, 0xab, 0x2a, 0x1d, 0x1d, 0x2a, 0x1d, 0x81,
  0x2a, 0x1d, 0x1d, 0x2a, 0x1d, 0xe5, 0x2a, 0x1d, 0x1d, 0x2a, 0x1d, 0xab,
  0x2a, 0x1d, 0x1d, 0x2a, 0x1d, 0x81, 0x2a, 0x1d, 0x1d, 0x2a, 0x1d, 0xe5,
  0x2a, 0x1d, 0x1d, 0x2a, 0x1d, 0xab, 0x2a, 0x1d, 0x1d, 0x2a, 0x1d, 0x81,
  0x2a, 0x1d, 0x1d, 0x2a, 0x1d, 0xfc, 0x99, 0x2a, 0x1d, 0x1d, 0x2a, 0x1d,
  0x1d, 0x2a, 0x1d, 0x1d, 0x2a, 0x1d, 0x81, 0x2a, 0x1d, 0x1d, 0x2a, 0x1d,
  0x81, 0x2a, 0x1d, 0x1d, 0x2a, 0x1d, 0x81, 0x2a, 0x1d, 0x1d, 0x2a, 0x1d,
  0x81, 0x2a, 0x1d, 0x1d, 0x2a, 0x1d, 0x81, 0x2a, 0x1d, 0x1d, 0x2a, 0x1d,
  0xfd, 0x61, 0x2a, 0x1d, 0x1d, 0x2a, 0x1d, 0x81, 0x2a, 0x1d, 0x1d, 0x2a,
  0x1d, 0x04, 0x69, 0x2a, 0x1d, 0x1d, 0x2a, 0x1d, 0xfe, 0x8d, 0x2a, 0x1d,
  0x1d, 0x2a, 0x1d, 0x47, 0x2a, 0x1d, 0x1d, 0x2a, 0x1d, 0x47, 0x2a, 0x1d,
  0x1d, 0x2a, 0x1d, 0x47, 0x2a, 0x1d, 0x1d, 0x2a, 0x1d, 0x47, 0x2a, 0x1d,
  0x1d, 0x2a, 0x1d, 0x47, 0x2a, 0x1d, 0x1d, 0x2a, 0x1d, 0x47, 0x2a, 0x1d,
  0x1d, 0x2a, 0x1d, 0x47, 0x2a, 0x1d, 0x1d, 0x2a, 0x1d, 0x47, 0x2a, 0x1d,
  0x1d, 0x2a, 0x1d, 0x00, 0x00, 0x47, 0x00, 0x00, 0x00, 0x00, 0x04, 0x4c,
  0x05, 0x14, 0x00, 0x07, 0x00, 0x0f, 0x00, 0x17, 0x00, 0x1f, 0x00, 0x27,
  0x00, 0x2f, 0x00, 0x37, 0x00, 0x3f, 0x00, 0x47, 0x00, 0x4f, 0x00, 0x57,
  0x00, 0x5f, 0x00, 0x67, 0x00, 0x6f, 0x00, 0x77, 0x00, 0x7f, 0x00, 0x87,
  0x00, 0x8f, 0x00, 0x97, 0x00, 0x9f, 0x00, 0xa7, 0x00, 0xaf, 0x00, 0xb7,
  0x00, 0xbf, 0x00, 0xc7, 0x00, 0xcf, 0x00, 0xd7, 0x00, 0xdf, 0x00, 0xe7,
  0x00, 0xef, 0x00, 0xf7, 0x00, 0xff, 0x01, 0x07, 0x01, 0x0f, 0x01, 0x17,
  0x01, 0x1f, 0x01, 0x27, 0x01, 0x2f, 0x01, 0x37, 0x01, 0x3f, 0x01, 0x47,
  0x01, 0x4f, 0x01, 0x57, 0x01, 0x5f, 0x01, 0x67, 0x01, 0x6f, 0x01, 0x77,
  0x01, 0x7f, 0x01, 0x87, 0x01, 0x8f, 0x01, 0x97, 0x01, 0x9f, 0x01, 0xa7,
  0x01, 0xaf, 0x01, 0xb7, 0x01, 0xbf, 0x01, 0xc7, 0x01, 0xcf, 0x01, 0xd7,
  0x01, 0xdf, 0x01, 0xe7, 0x01, 0xef, 0x01, 0xf7, 0x01, 0xff, 0x02, 0x07,
  0x02, 0x0f, 0x02, 0x17, 0x02, 0x1f, 0x02, 0x27, 0x02, 0x2f, 0x02, 0x37,
  0x00, 0x00, 0x3c, 0x01, 0x36, 0x32, 0x16, 0x14, 0x06, 0x22, 0x26, 0x34,
  0x36, 0x32, 0x16, 0x14, 0x06, 0x22, 0x26, 0x34, 0x36, 0x32, 0x16, 0x14,
  0x06, 0x22, 0x26, 0x34, 0x36, 0x32, 0x16, 0x14, 0x06, 0x22, 0x26, 0x34,
  0x36, 0x32, 0x16, 0x14, 0x06, 0x22, 0x26, 0x34, 0x36, 0x32, 0x16, 0x14,
  0x06, 0x22, 0x26, 0x34, 0x36, 0x32, 0x16, 0x14, 0x06, 0x22, 0x26, 0x34,
  0x36, 0x32, 0x16, 0x14, 0x06, 0x22, 0x26, 0x34, 0x36, 0x32, 0x16, 0x14,
  0x06, 0x22, 0x26, 0x34, 0x36, 0x32, 0x16, 0x14, 0x06, 0x22, 0x36, 0x34,
  0x36, 0x32, 0x16, 0x14, 0x06, 0x22, 0x26, 0x34, 0x36, 0x32, 0x16, 0x14,
  0x06, 0x22, 0x36, 0x34, 0x36, 0x32, 0x16, 0x14, 0x06, 0x22, 0x26, 0x34,
  0x36, 0x32, 0x16, 0x14, 0x06, 0x22, 0x36, 0x34, 0x36, 0x32, 0x16, 0x14,
  0x06, 0x22, 0x16, 0x34, 0x36, 0x32, 0x16, 0x14, 0x06, 0x22, 0x16, 0x34,
  0x36, 0x32, 0x16, 0x14, 0x06, 0x22, 0x16, 0x34, 0x36, 0x32, 0x16, 0x14,
  0x06, 0x22, 0x16, 0x34, 0x36, 0x32, 0x16, 0x14, 0x06, 0x22, 0x16, 0x34,
  0x36, 0x32, 0x16, 0x14, 0x06, 0x22, 0x16, 0x34, 0x36, 0x32, 0x16, 0x14,
  0x06, 0x22, 0x16, 0x34, 0x36, 0x32, 0x16, 0x14, 0x06, 0x22, 0x16, 0x34,
  0x36, 0x32, 0x16, 0x14, 0x06, 0x22, 0x16, 0x34, 0x36, 0x32, 0x16, 0x14,
  0x06, 0x22, 0x26, 0x34, 0x36, 0x32, 0x16, 0x14, 0x06, 0x22, 0x26, 0x34,
  0x36, 0x32, 0x16, 0x14, 0x06, 0x22, 0x26, 0x34, 0x36, 0x32, 0x16, 0x14,
  0x06, 0x22, 0x26, 0x34, 0x36, 0x32, 0x16, 0x14, 0x06, 0x22, 0x26, 0x34,
  0x36, 0x32, 0x16, 0x14, 0x06, 0x22, 0x26, 0x34, 0x36, 0x32, 0x16, 0x14,
  0x06, 0x22, 0x26, 0x34, 0x36, 0x32, 0x16, 0x14, 0x06, 0x22, 0x26, 0x34,
  0x36, 0x32, 0x16, 0x14, 0x06, 0x22, 0x26, 0x34, 0x36, 0x32, 0x16, 0x14,
  0x06, 0x22, 0x26, 0x34, 0x36, 0x32, 0x16, 0x14, 0x06, 0x22, 0x26, 0x34,
  0x36, 0x32, 0x16, 0x14, 0x06, 0x22, 0x06, 0x34, 0x36, 0x32, 0x16, 0x14,
  0x06, 0x22, 0x06, 0x34, 0x36, 0x32, 0x16, 0x14, 0x06, 0x22, 0x06, 0x34,
  0x36, 0x32, 0x16, 0x14, 0x06, 0x22, 0x06, 0x34, 0x36, 0x32, 0x16, 0x14,
  0x06, 0x22, 0x06, 0x34, 0x36, 0x32, 0x16, 0x14, 0x06, 0x22, 0x06, 0x34,
  0x36, 0x32, 0x16, 0x14, 0x06, 0x22, 0x06, 0x34, 0x36, 0x32, 0x16, 0x14,
  0x06, 0x22, 0x06, 0x34, 0x36, 0x32, 0x16, 0x14, 0x06, 0x22, 0x00, 0x34,
  0x36, 0x32, 0x16, 0x14, 0x06, 0x22, 0x06, 0x34, 0x36, 0x32, 0x16, 0x14,
  0x06, 0x22, 0x36, 0x34, 0x36, 0x32, 0x16, 0x14, 0x06, 0x22, 0x06, 0x34,
  0x36, 0x32, 0x16, 0x14, 0x06, 0x22, 0x16, 0x34, 0x36, 0x32, 0x16, 0x14,
  0x06, 0x22, 0x16, 0x34, 0x36, 0x32, 0x16, 0x14, 0x06, 0x22, 0x16, 0x34,
  0x36, 0x32, 0x16, 0x14, 0x06, 0x22, 0x16, 0x34, 0x36, 0x32, 0x16, 0x14,
  0x06, 0x22, 0x16, 0x34, 0x36, 0x32, 0x16, 0x14, 0x06, 0x22, 0x16, 0x34,
  0x36, 0x32, 0x16, 0x14, 0x06, 0x22, 0x16, 0x34, 0x36, 0x32, 0x16, 0x14,
  0x06, 0x22, 0x00, 0x34, 0x36, 0x32, 0x16, 0x14, 0x06, 0x22, 0x16, 0x34,
  0x36, 0x32, 0x16, 0x14, 0x06, 0x22, 0x16, 0x34, 0x36, 0x32, 0x16, 0x14,
  0x06, 0x22, 0x16, 0x34, 0x36, 0x32, 0x16, 0x14, 0x06, 0x22, 0x16, 0x34,
  0x36, 0x32, 0x16, 0x14, 0x06, 0x22, 0x16, 0x34, 0x36, 0x32, 0x16, 0x14,
  0x06, 0x22, 0x16, 0x34, 0x36, 0x32, 0x16, 0x14, 0x06, 0x22, 0x00, 0x34,
  0x36, 0x32, 0x16, 0x14, 0x06, 0x22, 0x12, 0x34, 0x36, 0x32, 0x16, 0x14,
  0x06, 0x22, 0x06, 0x34, 0x36, 0x32, 0x16, 0x14, 0x06, 0x22, 0x06, 0x34,
  0x36, 0x32, 0x16, 0x14, 0x06, 0x22, 0x06, 0x34, 0x36, 0x32, 0x16, 0x14,
  0x06, 0x22, 0x06, 0x34, 0x36, 0x32, 0x16, 0x14, 0x06, 0x22, 0x06, 0x34,
  0x36, 0x32, 0x16, 0x14, 0x06, 0x22, 0x06, 0x34, 0x36, 0x32, 0x16, 0x14,
  0x06, 0x22, 0x06, 0x34, 0x36, 0x32, 0x16, 0x14, 0x06, 0x22, 0x06, 0x34,
  0x36, 0x32, 0x16, 0x14, 0x06, 0x22, 0x1d, 0x2a, 0x1d, 0x1d, 0x2a, 0x1d,
  0x1d, 0x2a, 0x1d, 0x1d, 0x2a, 0x1d, 0x1d, 0x2a, 0x1d, 0x1d, 0x2a, 0x1d,
  0x1d, 0x2a, 0x1d, 0x1d, 0x2a, 0x1d, 0x1d, 0x2a, 0x1d, 0x1d, 0x2a, 0x1d,
  0x1d, 0x2a, 0x1d, 0x1d, 0x2a, 0x1d, 0x1d, 0x2a, 0x1d, 0x1d, 0x2a, 0x1d,
  0x1d, 0x2a, 0x1d, 0x1d, 0x2a, 0x1d, 0x1d, 0x2a, 0x1d, 0x1d, 0x2a, 0x1d,
  0x1d, 0x2a, 0x1d, 0x1d, 0x2a, 0x47, 0x1d, 0x2a, 0x1d, 0x1d, 0x2a, 0x81,
  0x1d, 0x2a, 0x1d, 0x1d, 0x2a, 0x47, 0x1d, 0x2a, 0x1d, 0x1d, 0x2a, 0x81,
  0x1d, 0x2a, 0x1d, 0x1d, 0x2a, 0x47, 0x1d, 0x2a, 0x1d, 0x1d, 0x2a, 0x47,
  0x1d, 0x2a, 0x1d, 0x1d, 0x2a, 0x47, 0x1d, 0x2a, 0x1d, 0x1d, 0x2a, 0x47,
  0x1d, 0x2a, 0x1d, 0x1d, 0x2a, 0x47, 0x1d, 0x2a, 0x1d, 0x1d, 0x2a, 0x47,
  0x1d, 0x2a, 0x1d, 0x1d, 0x2a, 0x47, 0x1d, 0x2a, 0x1d, 0x1d, 0x2a, 0x47,
  0x1d, 0x2a, 0x1d, 0x1d, 0x2a, 0x47, 0x1d, 0x2a, 0x1d, 0x1d, 0x2a, 0x47,
  0x1d, 0x2a, 0x1d, 0x1d, 0x2a, 0x1d, 0x1d, 0x2a, 0x1d, 0x1d, 0x2a, 0x1d,
  0x1d, 0x2a, 0x1d, 0x1d, 0x2a, 0x1d, 0x1d, 0x2a, 0x1d, 0x1d, 0x2a, 0x1d,
  0x1d, 0x2a, 0x1d, 0x1d, 0x2a, 0x1d, 0x1d, 0x2a, 0x1d, 0x1d, 0x2a, 0x1d,
  0x1d, 0x2a, 0x1d, 0x1d, 0x2a, 0x1d, 0x1d, 0x2a, 0x1d, 0x1d, 0x2a, 0x1d,
  0x1d, 0x2a, 0x1d, 0x1d, 0x2a, 0x1d, 0x1d, 0x2a, 0x1d, 0x1d, 0x2a, 0x1d,
  0x1d, 0x2a, 0x1d, 0x1d, 0x2a, 0x81, 0x1d, 0x2a, 0x1d, 0x1d, 0x2a, 0x1d,
  0x1d, 0x2a, 0x1d, 0x1d, 0x2a, 0x1d, 0x1d, 0x2a, 0x1d, 0x1d, 0x2a, 0x1d,
  0x1d, 0x2a, 0x1d, 0x1d, 0x2a, 0x1d, 0x1d, 0x2a, 0x1d, 0x1d, 0x2a, 0x1d,
  0x1d, 0x2a, 0x1d, 0x1d, 0x2a, 0x1d, 0x1d, 0x2a, 0x1d, 0x1d, 0x2a, 0x1d,
  0x1d, 0x2a, 0x1d, 0x1d, 0x2a, 0x1d, 0x1d, 0x2a, 0x1d, 0x1d, 0x2a, 0xfd,
  0x27, 0x1d, 0x2a, 0x1d, 0x1d, 0x2a, 0x1d, 0x1d, 0x2a, 0x1d, 0x1d, 0x2a,
  0x47, 0x1d, 0x2a, 0x1d, 0x1d, 0x2a, 0x1d, 0x1d, 0x2a, 0x1d, 0x1d, 0x2a,
  0x47, 0x1d, 0x2a, 0x1d, 0x1d, 0x2a, 0x47, 0x1d, 0x2a, 0x1d, 0x1d, 0x2a,
  0x47, 0x1d, 0x2a, 0x1d, 0x1d, 0x2a, 0x47, 0x1d, 0x2a, 0x1d, 0x1d, 0x2a,
  0x47, 0x1d, 0x2a, 0x1d, 0x1d, 0x2a, 0x47, 0x1d, 0x2a, 0x1d, 0x1d, 0x2a,
  0x47, 0x1d, 0x2a, 0x1d, 0x1d, 0x2a, 0xfd, 0x8b, 0x1d, 0x2a, 0x1d, 0x1d,
  0x2a, 0x47, 0x1d, 0x2a, 0x1d, 0x1d, 0x2a, 0x47, 0x1d, 0x2a, 0x1d, 0x1d,
  0x2a, 0x47, 0x1d, 0x2a, 0x1d, 0x1d, 0x2a, 0x47, 0x1d, 0x2a, 0x1d, 0x1d,
  0x2a, 0x47, 0x1d, 0x2a, 0x1d, 0x1d, 0x2a, 0x47, 0x1d, 0x2a, 0x1d, 0x1d,
  0x2a, 0xfb, 0xfb, 0x1d, 0x2a, 0x1d, 0x1d, 0x2a, 0x47, 0x1d, 0x2a, 0x1d,
  0x1d, 0x2a, 0x1d, 0x1d, 0x2a, 0x1d, 0x1d, 0x2a, 0x1d, 0x1d, 0x2a, 0x1d,
  0x1d, 0x2a, 0x1d, 0x1d, 0x2a, 0x1d, 0x1d, 0x2a, 0x1d, 0x1d, 0x2a, 0x1d,
  0x1d, 0x2a, 0x1d, 0x1d, 0x2a, 0x1d, 0x1d, 0x2a, 0x1d, 0x1d, 0x2a, 0x1d,
  0x1d, 0x2a, 0x1d, 0x1d, 0x2a, 0x1d, 0x1d, 0x2a, 0x1d, 0x1d, 0x2a, 0x1d,
  0x1d, 0x2a, 0x1d, 0x2a, 0x1d, 0x1d, 0x2a, 0x1d, 0x81, 0x2a, 0x1d, 0x1d,
  0x2a, 0x1d, 0x81, 0x2a, 0x1d, 0x1d, 0x2a, 0x1d, 0x81, 0x2a, 0x1d, 0x1d,
  0x2a, 0x1d, 0x81, 0x2a, 0x1d, 0x1d, 0x2a, 0x1d, 0x81, 0x2a, 0x1d, 0x1d,
  0x2a, 0x1d, 0x81, 0x2a, 0x1d, 0x1d, 0x2a, 0x1d, 0x81, 0x2a, 0x1d, 0x1d,
  0x2a, 0x1d, 0x81, 0x2a, 0x1d, 0x1d, 0x2a, 0x1d, 0x81, 0x2a, 0x1d, 0x1d,
  0x2a, 0x1d, 0x1d, 0x2a, 0x1d, 0x1d, 0x2a, 0x1d, 0x81, 0x2a, 0x1d, 0x1d,
  0x2a, 0x1d, 0x1d, 0x2a, 0x1d, 0x1d, 0x2a, 0x1d, 0x81, 0x2a, 0x1d, 0x1d,
  0x2a, 0x1d, 0x1d, 0x2a, 0x1d, 0x1d, 0x2a, 0x1d, 0x47, 0x2a, 0x1d, 0x1d,
  0x2a, 0x1d, 0x47, 0x2a, 0x1d, 0x1d, 0x2a, 0x1d, 0x47, 0x2a, 0x1d, 0x1d,
  0x2a, 0x1d, 0x47, 0x2a, 0x1d, 0x1d, 0x2a, 0x1d, 0x47, 0x2a, 0x1d, 0x1d,
  0x2a, 0x1d, 0x47, 0x2a, 0x1d, 0x1d, 0x2a, 0x1d, 0x47, 0x2a, 0x1d, 0x1d,
  0x2a, 0x1d, 0x47, 0x2a, 0x1d, 0x1d, 0x2a, 0x1d, 0x47, 0x2a, 0x1d, 0x1d,
  0x2a, 0x1d, 0x81, 0x2a, 0x1d, 0x1d, 0x2a, 0x1d, 0x81, 0x2a, 0x1d, 0x1d,
  0x2a, 0x1d, 0x81, 0x2a, 0x1d, 0x1d, 0x2a, 0x1d, 0x81, 0x2a, 0x1d, 0x1d,
  0x2a, 0x1d, 0x81, 0x2a, 0x1d, 0x1d, 0x2a, 0x1d, 0x81, 0x2a, 0x1d, 0x1d,
  0x2a, 0x1d, 0x81, 0x2a, 0x1d, 0x1d, 0x2a, 0x1d, 0x81, 0x2a, 0x1d, 0x1d,
  0x2a, 0x1d, 0x81, 0x2a, 0x1d, 0x1d, 0x2a, 0x1d, 0x81, 0x2a, 0x1d, 0x1d,
  0x2a, 0x1d, 0x1d, 0x2a, 0x1d, 0x1d, 0x2a, 0x1d, 0x47, 0x2a, 0x1d, 0x1d,
  0x2a, 0x1d, 0x47, 0x2a, 0x1d, 0x1d, 0x2a, 0x1d, 0x47, 0x2a, 0x1d, 0x1d,
  0x2a, 0x1d, 0x47, 0x2a, 0x1d, 0x1d, 0x2a, 0x1d, 0x47, 0x2a, 0x1d, 0x1d,
  0x2a, 0x1d, 0x47, 0x2a, 0x1d, 0x1d, 0x2a, 0x1d, 0x47, 0x2a, 0x1d, 0x1d,
  0x2a, 0x1d, 0x47, 0x2a, 0x1d, 0x1d, 0x2a, 0x1d, 0x02, 0x11, 0x2a, 0x1d,
  0x1d, 0x2a, 0x1d, 0x47, 0x2a, 0x1d, 0x1d, 0x2a, 0x1d, 0x1d, 0x2a, 0x1d,
  0x1d, 0x2a, 0x1d, 0x47, 0x2a, 0x1d, 0x1d, 0x2a, 0x1d, 0x47, 0x2a, 0x1d,
  0x1d, 0x2a, 0x1d, 0x47, 0x2a, 0x1d, 0x1d, 0x2a, 0x1d, 0x47, 0x2a, 0x1d,
  0x1d, 0x2a, 0x1d, 0x47, 0x2a, 0x1d, 0x1d, 0x2a, 0x1d, 0x47, 0x2a, 0x1d,
  0x1d, 0x2a, 0x1d, 0x47, 0x2a, 0x1d, 0x1d, 0x2a, 0x1d, 0x47, 0x2a, 0x1d,
  0x1d, 0x2a, 0x1d, 0x02, 0xd9, 0x2a, 0x1d, 0x1d, 0x2a, 0x1d, 0x47, 0x2a,
  0x1d, 0x1d, 0x2a, 0x1d, 0x47, 0x2a, 0x1d, 0x1d, 0x2a, 0x1d, 0x47, 0x2a,
  0x1d, 0x1d, 0x2a, 0x1d, 0x47, 0x2a, 0x1d, 0x1d, 0x2a, 0x1d, 0x47, 0x2a,
  0x1d, 0x1d, 0x2a, 0x1d, 0x47, 0x2a, 0x1d, 0x1d, 0x2a, 0x1d, 0x04, 0x69,
  0x2a, 0x1d, 0x1d, 0x2a, 0x1d, 0xfe, 0x8d, 0x2a, 0x1d, 0x1d, 0x2a, 0x1d,
  0x47, 0x2a, 0x1d, 0x1d, 0x2a, 0x1d, 0x47, 0x2a, 0x1d, 0x1d, 0x2a, 0x1d,
  0x47, 0x2a, 0x1d, 0x1d, 0x2a, 0x1d, 0x47, 0x2a, 0x1d, 0x1d, 0x2a, 0x1d,
  0x47, 0x2a, 0x1d, 0x1d, 0x2a, 0x1d, 0x47, 0x2a, 0x1d, 0x1d, 0x2a, 0x1d,
  0x47, 0x2a, 0x1d, 0x1d, 0x2a, 0x1d, 0x47, 0x2a, 0x1d, 0x1d, 0x2a, 0x1d,
  0x00, 0x46, 0x00, 0x00, 0x00, 0x00, 0x04, 0xb0, 0x05, 0x14, 0x00, 0x07,
  0x00, 0x0f, 0x00, 0x17, 0x00, 0x1f, 0x00, 0x27, 0x00, 0x2f, 0x00, 0x37,
  0x00, 0x3f, 0x00, 0x47, 0x00, 0x4f, 0x00, 0x57, 0x00, 0x5f, 0x00, 0x67,
  0x00, 0x6f, 0x00, 0x77, 0x00, 0x7f, 0x00, 0x87, 0x00, 0x8f, 0x00, 0x97,
  0x00, 0x9f, 0x00, 0xa7, 0x00, 0xaf, 0x00, 0xb7, 0x00, 0xbf, 0x00, 0xc7,
  0x00, 0xcf, 0x00, 0xd7, 0x00, 0xdf, 0x00, 0xe7, 0x00, 0xef, 0x00, 0xf7,
  0x00, 0xff, 0x01, 0x07, 0x01, 0x0f, 0x01, 0x17, 0x01, 0x1f, 0x01, 0x27,
  0x01, 0x2f, 0x01, 0x37, 0x01, 0x3f, 0x01, 0x47, 0x01, 0x4f, 0x01, 0x57,
  0x01, 0x5f, 0x01, 0x67, 0x01, 0x6f, 0x01, 0x77, 0x01, 0x7f, 0x01, 0x87,
  0x01, 0x8f, 0x01, 0x97, 0x01, 0x9f, 0x01, 0xa7, 0x01, 0xaf, 0x01, 0xb7,
  0x01, 0xbf, 0x01, 0xc7, 0x01, 0xcf, 0x01, 0xd7, 0x01, 0xdf, 0x01, 0xe7,
  0x01, 0xef, 0x01, 0xf7, 0x01, 0xff, 0x02, 0x07, 0x02, 0x0f, 0x02, 0x17,
  0x02, 0x1f, 0x02, 0x27, 0x02, 0x2f, 0x00, 0x00, 0x10, 0x34, 0x36, 0x32,
  0x16, 0x14, 0x06, 0x22, 0x06, 0x34, 0x36, 0x32, 0x16, 0x14, 0x06, 0x22,
  0x06, 0x34, 0x36, 0x32, 0x16, 0x14, 0x06, 0x22, 0x06, 0x34, 0x36, 0x32,
  0x16, 0x14, 0x06, 0x22, 0x06, 0x34, 0x36, 0x32, 0x16, 0x14, 0x06, 0x22,
  0x36, 0x34, 0x36, 0x32, 0x16, 0x14, 0x06, 0x22, 0x06, 0x34, 0x36, 0x32,
  0x16, 0x14, 0x06, 0x22, 0x06, 0x34, 0x36, 0x32, 0x16, 0x14, 0x06, 0x22,
  0x36, 0x34, 0x36, 0x32, 0x16, 0x14, 0x06, 0x22, 0x06, 0x34, 0x36, 0x32,
  0x16, 0x14, 0x06, 0x22, 0x06, 0x34, 0x36, 0x32, 0x16, 0x14, 0x06, 0x22,
  0x36, 0x34, 0x36, 0x32, 0x16, 0x14, 0x06, 0x22, 0x26, 0x34, 0x36, 0x32,
  0x16, 0x14, 0x06, 0x22, 0x06, 0x34, 0x36, 0x32, 0x16, 0x14, 0x06, 0x22,
  0x36, 0x34, 0x36, 0x32, 0x16, 0x14, 0x06, 0x22, 0x36, 0x34, 0x36, 0x32,
  0x16, 0x14, 0x06, 0x22, 0x36, 0x34, 0x36, 0x32, 0x16, 0x14, 0x06, 0x22,
  0x36, 0x34, 0x36, 0x32, 0x16, 0x14, 0x06, 0x22, 0x26, 0x34, 0x36, 0x32,
  0x16, 0x14, 0x06, 0x22, 0x26, 0x34, 0x36, 0x32, 0x16, 0x14, 0x06, 0x22,
  0x26, 0x34, 0x36, 0x32, 0x16, 0x14, 0x06, 0x22, 0x26, 0x34, 0x36, 0x32,
  0x16, 0x14, 0x06, 0x22, 0x00, 0x34, 0x36, 0x32, 0x16, 0x14, 0x06, 0x22,
  0x36, 0x34, 0x36, 0x32, 0x16, 0x14, 0x06, 0x22, 0x26, 0x34, 0x36, 0x32,
  0x16, 0x14, 0x06, 0x22, 0x26, 0x34, 0x36, 0x32, 0x16, 0x14, 0x06, 0x22,
  0x16, 0x34, 0x36, 0x32, 0x16, 0x14, 0x06, 0x22, 0x26, 0x34, 0x36, 0x32,
  0x16, 0x14, 0x06, 0x22, 0x26, 0x34, 0x36, 0x32, 0x16, 0x14, 0x06, 0x22,
  0x36, 0x34, 0x36, 0x32, 0x16, 0x14, 0x06, 0x22, 0x36, 0x34, 0x36, 0x32,
  0x16, 0x14, 0x06, 0x22, 0x36, 0x34, 0x36, 0x32, 0x16, 0x14, 0x06, 0x22,
  0x36, 0x34, 0x36, 0x32, 0x16, 0x14, 0x06, 0x22, 0x04, 0x34, 0x36, 0x32,
  0x16, 0x14, 0x06, 0x22, 0x36, 0x34, 0x36, 0x32, 0x16, 0x14, 0x06, 0x22,
  0x36, 0x34, 0x36, 0x32, 0x16, 0x14, 0x06, 0x22, 0x36, 0x34, 0x36, 0x32,
  0x16, 0x14, 0x06, 0x22, 0x36, 0x34, 0x36, 0x32, 0x16, 0x14, 0x06, 0x22,
  0x26, 0x34, 0x36, 0x32, 0x16, 0x14, 0x06, 0x22, 0x02, 0x34, 0x36, 0x32,
  0x16, 0x14, 0x06, 0x22, 0x26, 0x34, 0x36, 0x32, 0x16, 0x14, 0x06, 0x22,
  0x02, 0x34, 0x36, 0x32, 0x16, 0x14, 0x06, 0x22, 0x36, 0x34, 0x36, 0x32,
  0x16, 0x14, 0x06, 0x22, 0x06, 0x34, 0x36, 0x32, 0x16, 0x14, 0x06, 0x22,
  0x16, 0x34, 0x36, 0x32, 0x16, 0x14, 0x06, 0x22, 0x26, 0x34, 0x36, 0x32,
  0x16, 0x14, 0x06, 0x22, 0x06, 0x34, 0x36, 0x32, 0x16, 0x14, 0x06, 0x22,
  0x02, 0x34, 0x36, 0x32, 0x16, 0x14, 0x06, 0x22, 0x16, 0x34, 0x36, 0x32,
  0x16, 0x14, 0x06, 0x22, 0x26, 0x34, 0x36, 0x32, 0x16, 0x14, 0x06, 0x22,
  0x26, 0x34, 0x36, 0x32, 0x16, 0x14, 0x06, 0x22, 0x16, 0x34, 0x36, 0x32,
  0x16, 0x14, 0x06, 0x22, 0x26, 0x34, 0x36, 0x32, 0x16, 0x14, 0x06, 0x22,
  0x00, 0x34, 0x36, 0x32, 0x16, 0x14, 0x06, 0x22, 0x02, 0x34, 0x36, 0x32,
  0x16, 0x14, 0x06, 0x22, 0x26, 0x34, 0x36, 0x32, 0x16, 0x14, 0x06, 0x22,
  0x26, 0x34, 0x36, 0x32, 0x16, 0x14, 0x06, 0x22, 0x26, 0x34, 0x36, 0x32,
  0x16, 0x14, 0x06, 0x22, 0x26, 0x34, 0x36, 0x32, 0x16, 0x14, 0x06, 0x22,
  0x24, 0x34, 0x36, 0x32, 0x16, 0x14, 0x06, 0x22, 0x06, 0x34, 0x36, 0x32,
  0x16, 0x14, 0x06, 0x22, 0x06, 0x34, 0x36, 0x32, 0x16, 0x14, 0x06, 0x22,
  0x06, 0x34, 0x36, 0x32, 0x16, 0x14, 0x06, 0x22, 0x06, 0x34, 0x36, 0x32,
  0x16, 0x14, 0x06, 0x22, 0x36, 0x34, 0x36, 0x32, 0x16, 0x14, 0x06, 0x22,
  0x26, 0x34, 0x36, 0x32, 0x16, 0x14, 0x06, 0x22, 0x26, 0x34, 0x36, 0x32,
  0x16, 0x14, 0x06, 0x22, 0x26, 0x34, 0x36, 0x32, 0x16, 0x14, 0x06, 0x22,
  0x26, 0x34, 0x36, 0x32, 0x16, 0x14, 0x06, 0x22, 0x26, 0x34, 0x36, 0x32,
  0x16, 0x14, 0x06, 0x22, 0x1d, 0x2a, 0x1d, 0x1d, 0x2a, 0x1d, 0x1d, 0x2a,
  0x1d, 0x1d, 0x2a, 0x1d, 0x1d, 0x2a, 0x1d, 0x1d, 0x2a, 0x1d, 0x1d, 0x2a,
  0x1d, 0x1d, 0x2a, 0x1d, 0x1d, 0x2a, 0x1d, 0x1d, 0x2a, 0x47, 0x1d, 0x2a,
  0x1d, 0x1d, 0x2a, 0x1d, 0x1d, 0x2a, 0x1d, 0x1d, 0x2a, 0x1d, 0x1d, 0x2a,
  0x1d, 0x1d, 0x2a, 0x47, 0x1d, 0x2a, 0x1d, 0x1d, 0x2a, 0x1d, 0x1d, 0x2a,
  0x1d, 0x1d, 0x2a, 0x1d, 0x1d, 0x2a, 0x1d, 0x1d, 0x2a, 0x47, 0x1d, 0x2a,
  0x1d, 0x1d, 0x2a, 0x1d, 0x1d, 0x2a, 0x1d, 0x1d, 0x2a, 0x1d, 0x1d, 0x2a,
  0x1d, 0x1d, 0x2a, 0x47, 0x1d, 0x2a, 0x1d, 0x1d, 0x2a, 0x47, 0x1d, 0x2a,
  0x1d, 0x1d, 0x2a, 0x47, 0x1d, 0x2a, 0x1d, 0x1d, 0x2a, 0x47, 0x1d, 0x2a,
  0x1d, 0x1d, 0x2a, 0x1d, 0x1d, 0x2a, 0x1d, 0x1d, 0x2a, 0x81, 0x1d, 0x2a,
  0x1d, 0x1d, 0x2a, 0x81, 0x1d, 0x2a, 0x1d, 0x1d, 0x2a, 0x81, 0x1d, 0x2a,
  0x1d, 0x1d, 0x2a, 0xfe, 0xb7, 0x1d, 0x2a, 0x1d, 0x1d, 0x2a, 0x47, 0x1d,
  0x2a, 0x1d, 0x1d, 0x2a, 0x1d, 0x1d, 0x2a, 0x1d, 0x1d, 0x2a, 0x1d, 0x1d,
  0x2a, 0x1d, 0x1d, 0x2a, 0x47, 0x1d, 0x2a, 0x1d, 0x1d, 0x2a, 0x1d, 0x1d,
  0x2a, 0x1d, 0x1d, 0x2a, 0x1d, 0x1d, 0x2a, 0x1d, 0x1d, 0x2a, 0x47, 0x1d,
  0x2a, 0x1d, 0x1d, 0x2a, 0x47, 0x1d, 0x2a, 0x1d, 0x1d, 0x2a, 0x47, 0x1d,
  0x2a, 0x1d, 0x1d, 0x2a, 0x47, 0x1d, 0x2a, 0x1d, 0x1d, 0x2a, 0xfe, 0xb7,
  0x1d, 0x2a, 0x1d, 0x1d, 0x2a, 0x47, 0x1d, 0x2a, 0x1d, 0x1d, 0x2a, 0x47,
  0x1d, 0x2a, 0x1d, 0x1d, 0x2a, 0x47, 0x1d, 0x2a, 0x1d, 0x1d, 0x2a, 0x47,
  0x1d, 0x2a, 0x1d, 0x1d, 0x2a, 0x1d, 0x1d, 0x2a, 0x1d, 0x1d, 0x2a, 0x1d,
  0x1d, 0x2a, 0x1d, 0x1d, 0x2a, 0x1d, 0x1d, 0x2a, 0x1d, 0x1d, 0x2a, 0x1d,
  0x1d, 0x2a, 0x1d, 0x1d, 0x2a, 0x47, 0x1d, 0x2a, 0x1d, 0x1d, 0x2a, 0x1d,
  0x1d, 0x2a, 0x1d, 0x1d, 0x2a, 0x47, 0x1d, 0x2a, 0x1d, 0x1d, 0x2a, 0x1d,
  0x1d, 0x2a, 0x1d, 0x1d, 0x2a, 0x81, 0x1d, 0x2a, 0x1d, 0x1d, 0x2a, 0x81,
  0x1d, 0x2a, 0x1d, 0x1d, 0x2a, 0x47, 0x1d, 0x2a, 0x1d, 0x1d, 0x2a, 0x1d,
  0x1d, 0x2a, 0x1d, 0x1d, 0x2a, 0x1d, 0x1d, 0x2a, 0x1d, 0x1d, 0x2a, 0x47,
  0x1d, 0x2a, 0x1d, 0x1d, 0x2a, 0x1d, 0x1d, 0x2a, 0x1d, 0x1d, 0x2a, 0xfc,
  0x5f, 0x1d, 0x2a, 0x1d, 0x1d, 0x2a, 0x1d, 0x1d, 0x2a, 0x1d, 0x1d, 0x2a,
  0x1d, 0x1d, 0x2a, 0x1d, 0x1d, 0x2a, 0x1d, 0x1d, 0x2a, 0x1d, 0x1d, 0x2a,
  0x1d, 0x1d, 0x2a, 0x1d, 0x1d, 0x2a, 0x1d, 0x1d, 0x2a, 0x1d, 0x1d, 0x2a,
  0x03, 0x67, 0x1d, 0x2a, 0x1d, 0x1d, 0x2a, 0x1d, 0x1d, 0x2a, 0x1d, 0x1d,
  0x2a, 0x1d, 0x1d, 0x2a, 0x1d, 0x1d, 0x2a, 0x1d, 0x1d, 0x2a, 0x1d, 0x1d,
  0x2a, 0x1d, 0x1d, 0x2a, 0x1d, 0x1d, 0x2a, 0x47, 0x1d, 0x2a, 0x1d, 0x1d,
  0x2a, 0x1d, 0x1d, 0x2a, 0x1d, 0x1d, 0x2a, 0x1d, 0x1d, 0x2a, 0x1d, 0x1d,
  0x2a, 0x1d, 0x1d, 0x2a, 0x1d, 0x1d, 0x2a, 0x1d, 0x1d, 0x2a, 0x1d, 0x1d,
  0x2a, 0x1d, 0x1d, 0x2a, 0x1d, 0x1d, 0x2a, 0x03, 0x3d, 0x2a, 0x1d, 0x1d,
  0x2a, 0x1d, 0x47, 0x2a, 0x1d, 0x1d, 0x2a, 0x1d, 0x47, 0x2a, 0x1d, 0x1d,
  0x2a, 0x1d, 0x47, 0x2a, 0x1d, 0x1d, 0x2a, 0x1d, 0x47, 0x2a, 0x1d, 0x1d,
  0x2a, 0x1d, 0x1d, 0x2a, 0x1d, 0x1d, 0x2a, 0x1d, 0x47, 0x2a, 0x1d, 0x1d,
  0x2a, 0x1d, 0x47, 0x2a, 0x1d, 0x1d, 0x2a, 0x1d, 0x81, 0x2a, 0x1d, 0x1d,
  0x2a, 0x1d, 0x47, 0x2a, 0x1d, 0x1d, 0x2a, 0x1d, 0x47, 0x2a, 0x1d, 0x1d,
  0x2a, 0x1d, 0x1d, 0x2a, 0x1d, 0x1d, 0x2a, 0x1d, 0x81, 0x2a, 0x1d, 0x1d,
  0x2a, 0x1d, 0xab, 0x2a, 0x1d, 0x1d, 0x2a, 0x1d, 0x1d, 0x2a, 0x1d, 0x1d,
  0x2a, 0x1d, 0x1d, 0x2a, 0x1d, 0x1d, 0x2a, 0x1d, 0x1d, 0x2a, 0x1d, 0x1d,
  0x2a, 0x1d, 0x1d, 0x2a, 0x1d, 0x1d, 0x2a, 0x1d, 0x81, 0x2a, 0x1d, 0x1d,
  0x2a, 0x1d, 0x1d, 0x2a, 0x1d, 0x1d, 0x2a, 0x1d, 0x1d, 0x2a, 0x1d, 0x1d,
  0x2a, 0x1d, 0x1d, 0x2a, 0x1d, 0x1d, 0x2a, 0x1d, 0x03, 0x3d, 0x2a, 0x1d,
  0x1d, 0x2a, 0x1d, 0x1d, 0x2a, 0x1d, 0x1d, 0x2a, 0x1d, 0x81, 0x2a, 0x1d,
  0x1d, 0x2a, 0x1d, 0x81, 0x2a, 0x1d, 0x1d, 0x2a, 0x1d, 0x47, 0x2a, 0x1d,
  0x1d, 0x2a, 0x1d, 0x81, 0x2a, 0x1d, 0x1d, 0x2a, 0x1d, 0x81, 0x2a, 0x1d,
  0x1d, 0x2a, 0x1d, 0x1d, 0x2a, 0x1d, 0x1d, 0x2a, 0x1d, 0x1d, 0x2a, 0x1d,
  0x1d, 0x2a, 0x1d, 0x1d, 0x2a, 0x1d, 0x1d, 0x2a, 0x1d, 0x1d, 0x2a, 0x1d,
  0x1d, 0x2a, 0x1d, 0x47, 0x2a, 0x1d, 0x1d, 0x2a, 0x1d, 0x1d, 0x2a, 0x1d,
  0x1d, 0x2a, 0x1d, 0x1d, 0x2a, 0x1d, 0x1d, 0x2a, 0x1d, 0x1d, 0x2a, 0x1d,
  0x1d, 0x2a, 0x1d, 0x1d, 0x2a, 0x1d, 0x1d, 0x2a, 0x1d, 0x81, 0x2a, 0x1d,
  0x1d, 0x2a, 0x1d, 0xfb, 0x6d, 0x2a, 0x1d, 0x1d, 0x2a, 0x1d, 0x81, 0x2a,
  0x1d, 0x1d, 0x2a, 0x1d, 0x03, 0xa1, 0x2a, 0x1d, 0x1d, 0x2a, 0x1d, 0x81,
  0x2a, 0x1d, 0x1d, 0x2a, 0x1d, 0x47, 0x2a, 0x1d, 0x1d, 0x2a, 0x1d, 0x47,
  0x2a, 0x1d, 0x1d, 0x2a, 0x1d, 0x81, 0x2a, 0x1d, 0x1d, 0x2a, 0x1d, 0x47,
  0x2a, 0x1d, 0x1d, 0x2a, 0x1d, 0xfd, 0x61, 0x2a, 0x1d, 0x1d, 0x2a, 0x1d,
  0x47, 0x2a, 0x1d, 0x1d, 0x2a, 0x1d, 0x81, 0x2a, 0x1d, 0x1d, 0x2a, 0x1d,
  0x81, 0x2a, 0x1d, 0x1d, 0x2a, 0x1d, 0x47, 0x2a, 0x1d, 0x1d, 0x2a, 0x1d,
  0x81, 0x2a, 0x1d, 0x1d, 0x2a, 0x1d, 0x02, 0xd9, 0x2a, 0x1d, 0x1d, 0x2a,
  0x1d, 0xfe, 0x29, 0x2a, 0x1d, 0x1d, 0x2a, 0x1d, 0x81, 0x2a, 0x1d, 0x1d,
  0x2a, 0x1d, 0x81, 0x2a, 0x1d, 0x1d, 0x2a, 0x1d, 0x81, 0x2a, 0x1d, 0x1d,
  0x2a, 0x1d, 0x1d, 0x2a, 0x1d, 0x1d, 0x2a, 0x1d, 0x1d, 0x2a, 0x1d, 0x1d,
  0x2a, 0x1d, 0x47, 0x2a, 0x1d, 0x1d, 0x2a, 0x1d, 0x47, 0x2a, 0x1d, 0x1d,
  0x2a, 0x1d, 0x47, 0x2a, 0x1d, 0x1d, 0x2a, 0x1d, 0x47, 0x2a, 0x1d, 0x1d,
  0x2a, 0x1d, 0x1d, 0x2a, 0x1d, 0x1d, 0x2a, 0x1d, 0x81, 0x2a, 0x1d, 0x1d,
  0x2a, 0x1d, 0x81, 0x2a, 0x1d, 0x1d, 0x2a, 0x1d, 0x81, 0x2a, 0x1d, 0x1d,
  0x2a, 0x1d, 0x81, 0x2a, 0x1d, 0x1d, 0x2a, 0x1d, 0x1d, 0x2a, 0x1d, 0x1d,
  0x2a, 0x1d, 0x00, 0x00, 0x00, 0x3a, 0x00, 0x00, 0x00, 0x00, 0x03, 0x84,
  0x05, 0x14, 0x00, 0x07, 0x00, 0x0f, 0x00, 0x17, 0x00, 0x1f, 0x00, 0x27,
  0x00, 0x2f, 0x00, 0x37, 0x00, 0x3f, 0x00, 0x47, 0x00, 0x4f, 0x00, 0x57,
  0x00, 0x5f, 0x00, 0x67, 0x00, 0x6f, 0x00, 0x77, 0x00, 0x7f, 0x00, 0x87,
  0x00, 0x8f, 0x00, 0x97, 0x00, 0x9f, 0x00, 0xa7, 0x00, 0xaf, 0x00, 0xb7,
  0x00, 0xbf, 0x00, 0xc7, 0x00, 0xcf, 0x00, 0xd7, 0x00, 0xdf, 0x00, 0xe7,
  0x00, 0xef, 0x00, 0xf7, 0x00, 0xff, 0x01, 0x07, 0x01, 0x0f, 0x01, 0x17,
  0x01, 0x1f, 0x01, 0x27, 0x01, 0x2f, 0x01, 0x37, 0x01, 0x3f, 0x01, 0x47,
  0x01, 0x4f, 0x01, 0x57, 0x01, 0x5f, 0x01, 0x67, 0x01, 0x6f, 0x01, 0x77,
  0x01, 0x7f, 0x01, 0x87, 0x01, 0x8f, 0x01, 0x97, 0x01, 0x9f, 0x01, 0xa7,
  0x01, 0xaf, 0x01, 0xb7, 0x01, 0xbf, 0x01, 0xc7, 0x01, 0xcf, 0x00, 0x00,
  0x3c, 0x01, 0x36, 0x32, 0x16, 0x14, 0x06, 0x22, 0x26, 0x34, 0x36, 0x32,
  0x16, 0x14, 0x06, 0x22, 0x26, 0x34, 0x36, 0x32, 0x16, 0x14, 0x06, 0x22,
  0x26, 0x34, 0x36, 0x32, 0x16, 0x14, 0x06, 0x22, 0x26, 0x34, 0x36, 0x32,
  0x16, 0x14, 0x06, 0x22, 0x26, 0x34, 0x36, 0x32, 0x16, 0x14, 0x06, 0x22,
  0x26, 0x34, 0x36, 0x32, 0x16, 0x14, 0x06, 0x22, 0x26, 0x34, 0x36, 0x32,
  0x16, 0x14, 0x06, 0x22, 0x26, 0x34, 0x36, 0x32, 0x16, 0x14, 0x06, 0x22,
  0x26, 0x34, 0x36, 0x32, 0x16, 0x14, 0x06, 0x22, 0x36, 0x34, 0x36, 0x32,
  0x16, 0x14, 0x06, 0x22, 0x26, 0x34, 0x36, 0x32, 0x16, 0x14, 0x06, 0x22,
  0x36, 0x34, 0x36, 0x32, 0x16, 0x14, 0x06, 0x22, 0x26, 0x34, 0x36, 0x32,
  0x16, 0x14, 0x06, 0x22, 0x36, 0x34, 0x36, 0x32, 0x16, 0x14, 0x06, 0x22,
  0x26, 0x34, 0x36, 0x32, 0x16, 0x14, 0x06, 0x22, 0x36, 0x34, 0x36, 0x32,
  0x16, 0x14, 0x06, 0x22, 0x36, 0x34, 0x36, 0x32, 0x16, 0x14, 0x06, 0x22,
  0x36, 0x34, 0x36, 0x32, 0x16, 0x14, 0x06, 0x22, 0x36, 0x34, 0x36, 0x32,
  0x16, 0x14, 0x06, 0x22, 0x36, 0x34, 0x36, 0x32, 0x16, 0x14, 0x06, 0x22,
  0x36, 0x34, 0x36, 0x32, 0x16, 0x14, 0x06, 0x22, 0x04, 0x34, 0x36, 0x32,
  0x16, 0x14, 0x06, 0x22, 0x36, 0x34, 0x36, 0x32, 0x16, 0x14, 0x06, 0x22,
  0x36, 0x34, 0x36, 0x32, 0x16, 0x14, 0x06, 0x22, 0x36, 0x34, 0x36, 0x32,
  0x16, 0x14, 0x06, 0x22, 0x36, 0x34, 0x36, 0x32, 0x16, 0x14, 0x06, 0x22,
  0x36, 0x34, 0x36, 0x32, 0x16, 0x14, 0x06, 0x22, 0x06, 0x34, 0x36, 0x32,
  0x16, 0x14, 0x06, 0x22, 0x36, 0x34, 0x36, 0x32, 0x16, 0x14, 0x06, 0x22,
  0x26, 0x34, 0x36, 0x32, 0x16, 0x14, 0x06, 0x22, 0x16, 0x34, 0x36, 0x32,
  0x16, 0x14, 0x06, 0x22, 0x36, 0x34, 0x36, 0x32, 0x16, 0x14, 0x06, 0x22,
  0x06, 0x34, 0x36, 0x32, 0x16, 0x14, 0x06, 0x22, 0x36, 0x34, 0x36, 0x32,
  0x16, 0x14, 0x06, 0x22, 0x06, 0x34, 0x36, 0x32, 0x16, 0x14, 0x06, 0x22,
  0x06, 0x34, 0x36, 0x32, 0x16, 0x14, 0x06, 0x22, 0x26, 0x34, 0x36, 0x32,
  0x16, 0x14, 0x06, 0x22, 0x26, 0x34, 0x36, 0x32, 0x16, 0x14, 0x06, 0x22,
  0x26, 0x34, 0x36, 0x32, 0x16, 0x14, 0x06, 0x22, 0x26, 0x34, 0x36, 0x32,
  0x16, 0x14, 0x06, 0x22, 0x26, 0x34, 0x36, 0x32, 0x16, 0x14, 0x06, 0x22,
  0x06, 0x34, 0x36, 0x32, 0x16, 0x14, 0x06, 0x22, 0x36, 0x34, 0x36, 0x32,
  0x16, 0x14, 0x06, 0x22, 0x36, 0x34, 0x36, 0x32, 0x16, 0x14, 0x06, 0x22,
  0x36, 0x34, 0x36, 0x32, 0x16, 0x14, 0x06, 0x22, 0x36, 0x34, 0x36, 0x32,
  0x16, 0x14, 0x06, 0x22, 0x26, 0x34, 0x36, 0x32, 0x16, 0x14, 0x06, 0x22,
  0x36, 0x34, 0x36, 0x32, 0x16, 0x14, 0x06, 0x22, 0x24, 0x34, 0x36, 0x32,
  0x16, 0x14, 0x06, 0x22, 0x06, 0x34, 0x36, 0x32, 0x16, 0x14, 0x06, 0x22,
  0x06, 0x34, 0x36, 0x32, 0x16, 0x14, 0x06, 0x22, 0x06, 0x34, 0x36, 0x32,
  0x16, 0x14, 0x06, 0x22, 0x06, 0x34, 0x36, 0x32, 0x16, 0x14, 0x06, 0x22,
  0x06, 0x34, 0x36, 0x32, 0x16, 0x14, 0x06, 0x22, 0x06, 0x34, 0x36, 0x32,
  0x16, 0x14, 0x06, 0x22, 0x06, 0x34, 0x36, 0x32, 0x16, 0x14, 0x06, 0x22,
  0x06, 0x34, 0x36, 0x32, 0x16, 0x14, 0x06, 0x22, 0x1d, 0x2a, 0x1d, 0x1d,
  0x2a, 0x1d, 0x1d, 0x2a, 0x1d, 0x1d, 0x2a, 0x1d, 0x1d, 0x2a, 0x1d, 0x1d,
  0x2a, 0x1d, 0x1d, 0x2a, 0x1d, 0x1d, 0x2a, 0x1d, 0x1d, 0x2a, 0x1d, 0x1d,
  0x2a, 0x1d, 0x1d, 0x2a, 0x1d, 0x1d, 0x2a, 0x1d, 0x1d, 0x2a, 0x1d, 0x1d,
  0x2a, 0x1d, 0x1d, 0x2a, 0x1d, 0x1d, 0x2a, 0x1d, 0x1d, 0x2a, 0x1d, 0x1d,
  0x2a, 0x1d, 0x1d, 0x2a, 0x1d, 0x1d, 0x2a, 0x47, 0x1d, 0x2a, 0x1d, 0x1d,
  0x2a, 0x81, 0x1d, 0x2a, 0x1d, 0x1d, 0x2a, 0x47, 0x1d, 0x2a, 0x1d, 0x1d,
  0x2a, 0x81, 0x1d, 0x2a, 0x1d, 0x1d, 0x2a, 0x47, 0x1d, 0x2a, 0x1d, 0x1d,
  0x2a, 0x81, 0x1d, 0x2a, 0x1d, 0x1d, 0x2a, 0x47, 0x1d, 0x2a, 0x1d, 0x1d,
  0x2a, 0x47, 0x1d, 0x2a, 0x1d, 0x1d, 0x2a, 0x47, 0x1d, 0x2a, 0x1d, 0x1d,
  0x2a, 0x47, 0x1d, 0x2a, 0x1d, 0x1d, 0x2a, 0x47, 0x1d, 0x2a, 0x1d, 0x1d,
  0x2a, 0x47, 0x1d, 0x2a, 0x1d, 0x1d, 0x2a, 0xfe, 0x53, 0x1d, 0x2a, 0x1d,
  0x1d, 0x2a, 0x47, 0x1d, 0x2a, 0x1d, 0x1d, 0x2a, 0x47, 0x1d, 0x2a, 0x1d,
  0x1d, 0x2a, 0x47, 0x1d, 0x2a, 0x1d, 0x1d, 0x2a, 0x47, 0x1d, 0x2a, 0x1d,
  0x1d, 0x2a, 0x47, 0x1d, 0x2a, 0x1d, 0x1d, 0x2a, 0x1d, 0x1d, 0x2a, 0x1d,
  0x1d, 0x2a, 0x47, 0x1d, 0x2a, 0x1d, 0x1d, 0x2a, 0xe5, 0x1d, 0x2a, 0x1d,
  0x1d, 0x2a, 0x47, 0x1d, 0x2a, 0x1d, 0x1d, 0x2a, 0x47, 0x1d, 0x2a, 0x1d,
  0x1d, 0x2a, 0x81, 0x1d, 0x2a, 0x1d, 0x1d, 0x2a, 0x47, 0x1d, 0x2a, 0x1d,
  0x1d, 0x2a, 0x81, 0x1d, 0x2a, 0x1d, 0x1d, 0x2a, 0x1d, 0x1d, 0x2a, 0x1d,
  0x1d, 0x2a, 0x81, 0x1d, 0x2a, 0x1d, 0x1d, 0x2a, 0x81, 0x1d, 0x2a, 0x1d,
  0x1d, 0x2a, 0x81, 0x1d, 0x2a, 0x1d, 0x1d, 0x2a, 0x81, 0x1d, 0x2a, 0x1d,
  0x1d, 0x2a, 0x81, 0x1d, 0x2a, 0x1d, 0x1d, 0x2a, 0x1d, 0x1d, 0x2a, 0x1d,
  0x1d, 0x2a, 0x47, 0x1d, 0x2a, 0x1d, 0x1d, 0x2a, 0x47, 0x1d, 0x2a, 0x1d,
  0x1d, 0x2a, 0x47, 0x1d, 0x2a, 0x1d, 0x1d, 0x2a, 0x47, 0x1d, 0x2a, 0x1d,
  0x1d, 0x2a, 0x1d, 0x1d, 0x2a, 0x1d, 0x1d, 0x2a, 0xab, 0x1d, 0x2a, 0x1d,
  0x1d, 0x2a, 0xfd, 0x27, 0x1d, 0x2a, 0x1d, 0x1d, 0x2a, 0x1d, 0x1d, 0x2a,
  0x1d, 0x1d, 0x2a, 0x1d, 0x1d, 0x2a, 0x1d, 0x1d, 0x2a, 0x1d, 0x1d, 0x2a,
  0x1d, 0x1d, 0x2a, 0x1d, 0x1d, 0x2a, 0x1d, 0x1d, 0x2a, 0x1d, 0x1d, 0x2a,
  0x1d, 0x1d, 0x2a, 0x1d, 0x1d, 0x2a, 0x1d, 0x1d, 0x2a, 0x1d, 0x1d, 0x2a,
  0x1d, 0x1d, 0x2a, 0x1d, 0x1d, 0x2a, 0x1d, 0x1d, 0x2a, 0x1d, 0x2a, 0x1d,
  0x1d, 0x2a, 0x1d, 0x81, 0x2a, 0x1d, 0x1d, 0x2a, 0x1d, 0x81, 0x2a, 0x1d,
  0x1d, 0x2a, 0x1d, 0x81, 0x2a, 0x1d, 0x1d, 0x2a, 0x1d, 0x81, 0x2a, 0x1d,
  0x1d, 0x2a, 0x1d, 0x81, 0x2a, 0x1d, 0x1d, 0x2a, 0x1d, 0x81, 0x2a, 0x1d,
  0x1d, 0x2a, 0x1d, 0x81, 0x2a, 0x1d, 0x1d, 0x2a, 0x1d, 0x81, 0x2a, 0x1d,
  0x1d, 0x2a, 0x1d, 0x81, 0x2a, 0x1d, 0x1d, 0x2a, 0x1d, 0x1d, 0x2a, 0x1d,
  0x1d, 0x2a, 0x1d, 0x81, 0x2a, 0x1d, 0x1d, 0x2a, 0x1d, 0x1d, 0x2a, 0x1d,
  0x1d, 0x2a, 0x1d, 0x81, 0x2a, 0x1d, 0x1d, 0x2a, 0x1d, 0x1d, 0x2a, 0x1d,
  0x1d, 0x2a, 0x1d, 0x81, 0x2a, 0x1d, 0x1d, 0x2a, 0x1d, 0x1d, 0x2a, 0x1d,
  0x1d, 0x2a, 0x1d, 0x1d, 0x2a, 0x1d, 0x1d, 0x2a, 0x1d, 0x1d, 0x2a, 0x1d,
  0x1d, 0x2a, 0x1d, 0x1d, 0x2a, 0x1d, 0x1d, 0x2a, 0x1d, 0x1d, 0x2a, 0x1d,
  0x1d, 0x2a, 0x1d, 0x1d, 0x2a, 0x1d, 0x1d, 0x2a, 0x1d, 0x47, 0x2a, 0x1d,
  0x1d, 0x2a, 0x1d, 0x1d, 0x2a, 0x1d, 0x1d, 0x2a, 0x1d, 0x1d, 0x2a, 0x1d,
  0x1d, 0x2a, 0x1d, 0x1d, 0x2a, 0x1d, 0x1d, 0x2a, 0x1d, 0x1d, 0x2a, 0x1d,
  0x1d, 0x2a, 0x1d, 0x1d, 0x2a, 0x1d, 0x1d, 0x2a, 0x1d, 0x47, 0x2a, 0x1d,
  0x1d, 0x2a, 0x1d, 0x1d, 0x2a, 0x1d, 0x1d, 0x2a, 0x1d, 0x1d, 0x2a, 0x1d,
  0x1d, 0x2a, 0x1d, 0x47, 0x2a, 0x1d, 0x1d, 0x2a, 0x1d, 0x1d, 0x2a, 0x1d,
  0x1d, 0x2a, 0x1d, 0x47, 0x2a, 0x1d, 0x1d, 0x2a, 0x1d, 0x1d, 0x2a, 0x1d,
  0x1d, 0x2a, 0x1d, 0x47, 0x2a, 0x1d, 0x1d, 0x2a, 0x1d, 0x47, 0x2a, 0x1d,
  0x1d, 0x2a, 0x1d, 0x1d, 0x2a, 0x1d, 0x1d, 0x2a, 0x1d, 0x1d, 0x2a, 0x1d,
  0x1d, 0x2a, 0x1d, 0x1d, 0x2a, 0x1d, 0x1d, 0x2a, 0x1d, 0x1d, 0x2a, 0x1d,
  0x1d, 0x2a, 0x1d, 0x1d, 0x2a, 0x1d, 0x1d, 0x2a, 0x1d, 0x47, 0x2a, 0x1d,
  0x1d, 0x2a, 0x1d, 0x1d, 0x2a, 0x1d, 0x1d, 0x2a, 0x1d, 0x1d, 0x2a, 0x1d,
  0x1d, 0x2a, 0x1d, 0x1d, 0x2a, 0x1d, 0x1d, 0x2a, 0x1d, 0x1d, 0x2a, 0x1d,
  0x1d, 0x2a, 0x1d, 0xe5, 0x2a, 0x1d, 0x1d, 0x2a, 0x1d, 0x1d, 0x2a, 0x1d,
  0x1d, 0x2a, 0x1d, 0x81, 0x2a, 0x1d, 0x1d, 0x2a, 0x1d, 0x47, 0x2a, 0x1d,
  0x1d, 0x2a, 0x1d, 0x47, 0x2a, 0x1d, 0x1d, 0x2a, 0x1d, 0x47, 0x2a, 0x1d,
  0x1d, 0x2a, 0x1d, 0x47, 0x2a, 0x1d, 0x1d, 0x2a, 0x1d, 0x47, 0x2a, 0x1d,
  0x1d, 0x2a, 0x1d, 0x47, 0x2a, 0x1d, 0x1d, 0x2a, 0x1d, 0x47, 0x2a, 0x1d,
  0x1d, 0x2a, 0x1d, 0x47, 0x2a, 0x1d, 0x1d, 0x2a, 0x1d, 0x00, 0x00, 0x00,
  0x00, 0x4d, 0x00, 0x00, 0xff, 0x9c, 0x05, 0x14, 0x05, 0x14, 0x00, 0x07,
  0x00, 0x0f, 0x00, 0x17, 0x00, 0x1f, 0x00, 0x27, 0x00, 0x2f, 0x00, 0x37,
  0x00, 0x3f, 0x00, 0x47, 0x00, 0x4f, 0x00, 0x57, 0x00, 0x5f, 0x00, 0x67,
  0x00, 0x6f, 0x00, 0x77, 0x00, 0x7f, 0x00, 0x87, 0x00, 0x8f, 0x00, 0x97,
  0x00, 0x9f, 0x00, 0xa7, 0x00, 0xaf, 0x00, 0xb7, 0x00, 0xbf, 0x00, 0xc7,
  0x00, 0xcf, 0x00, 0xd7, 0x00, 0xdf, 0x00, 0xe7, 0x00, 0xef, 0x00, 0xf7,
  0x00, 0xff, 0x01, 0x07, 0x01, 0x0f, 0x01, 0x17, 0x01, 0x1f, 0x01, 0x27,
  0x01, 0x2f, 0x01, 0x37, 0x01, 0x3f, 0x01, 0x47, 0x01, 0x4f, 0x01, 0x57,
  0x01, 0x5f, 0x01, 0x67, 0x01, 0x6f, 0x01, 0x77, 0x01, 0x7f, 0x01, 0x87,
  0x01, 0x8f, 0x01, 0x97, 0x01, 0x9f, 0x01, 0xa7, 0x01, 0xaf, 0x01, 0xb7,
  0x01, 0xbf, 0x01, 0xc7, 0x01, 0xcf, 0x01, 0xd7, 0x01, 0xdf, 0x01, 0xe7,
  0x01, 0xef, 0x01, 0xf7, 0x01, 0xff, 0x02, 0x07, 0x02, 0x0f, 0x02, 0x17,
  0x02, 0x1f, 0x02, 0x27, 0x02, 0x2f, 0x02, 0x37, 0x02, 0x3f, 0x02, 0x47,
  0x02, 0x4f, 0x02, 0x57, 0x02, 0x5f, 0x02, 0x67, 0x00, 0x00, 0x10, 0x34,
  0x36, 0x32, 0x16, 0x14, 0x06, 0x22, 0x06, 0x34, 0x36, 0x32, 0x16, 0x14,
  0x06, 0x22, 0x06, 0x34, 0x36, 0x32, 0x16, 0x14, 0x06, 0x22, 0x06, 0x34,
  0x36, 0x32, 0x16, 0x14, 0x06, 0x22, 0x06, 0x34, 0x36, 0x32, 0x16, 0x14,
  0x06, 0x22, 0x36, 0x34, 0x36, 0x32, 0x16, 0x14, 0x06, 0x22, 0x06, 0x34,
  0x36, 0x32, 0x16, 0x14, 0x06, 0x22, 0x06, 0x34, 0x36, 0x32, 0x16, 0x14,
  0x06, 0x22, 0x36, 0x34, 0x36, 0x32, 0x16, 0x14, 0x06, 0x22, 0x06, 0x34,
  0x36, 0x32, 0x16, 0x14, 0x06, 0x22, 0x06, 0x34, 0x36, 0x32, 0x16, 0x14,
  0x06, 0x22, 0x36, 0x34, 0x36, 0x32, 0x16, 0x14, 0x06, 0x22, 0x26, 0x34,
  0x36, 0x32, 0x16, 0x14, 0x06, 0x22, 0x06, 0x34, 0x36, 0x32, 0x16, 0x14,
  0x06, 0x22, 0x36, 0x34, 0x36, 0x32, 0x16, 0x14, 0x06, 0x22, 0x36, 0x34,
  0x36, 0x32, 0x16, 0x14, 0x06, 0x22, 0x36, 0x34, 0x36, 0x32, 0x16, 0x14,
  0x06, 0x22, 0x36, 0x34, 0x36, 0x32, 0x16, 0x14, 0x06, 0x22, 0x26, 0x34,
  0x36, 0x32, 0x16, 0x14, 0x06, 0x22, 0x26, 0x34, 0x36, 0x32, 0x16, 0x14,
  0x06, 0x22, 0x26, 0x34, 0x36, 0x32, 0x16, 0x14, 0x06, 0x22, 0x26, 0x34,
  0x36, 0x32, 0x16, 0x14, 0x06, 0x22, 0x00, 0x34, 0x36, 0x32, 0x16, 0x14,
  0x06, 0x22, 0x36, 0x34, 0x36, 0x32, 0x16, 0x14, 0x06, 0x22, 0x26, 0x34,
  0x36, 0x32, 0x16, 0x14, 0x06, 0x22, 0x26, 0x34, 0x36, 0x32, 0x16, 0x14,
  0x06, 0x22, 0x16, 0x34, 0x36, 0x32, 0x16, 0x14, 0x06, 0x22, 0x26, 0x34,
  0x36, 0x32, 0x16, 0x14, 0x06, 0x22, 0x26, 0x34, 0x36, 0x32, 0x16, 0x14,
  0x06, 0x22, 0x36, 0x34, 0x36, 0x32, 0x16, 0x14, 0x06, 0x22, 0x36, 0x34,
  0x36, 0x32, 0x16, 0x14, 0x06, 0x22, 0x36, 0x34, 0x36, 0x32, 0x16, 0x14,
  0x06, 0x22, 0x36, 0x34, 0x36, 0x32, 0x16, 0x14, 0x06, 0x22, 0x04, 0x34,
  0x36, 0x32, 0x16, 0x14, 0x06, 0x22, 0x36, 0x34, 0x36, 0x32, 0x16, 0x14,
  0x06, 0x22, 0x36, 0x34, 0x36, 0x32, 0x16, 0x14, 0x06, 0x22, 0x36, 0x34,
  0x36, 0x32, 0x16, 0x14, 0x06, 0x22, 0x36, 0x34, 0x36, 0x32, 0x16, 0x14,
  0x06, 0x22, 0x26, 0x34, 0x36, 0x32, 0x16, 0x14, 0x06, 0x22, 0x02, 0x34,
  0x36, 0x32, 0x16, 0x14, 0x06, 0x22, 0x26, 0x34, 0x36, 0x32, 0x16, 0x14,
  0x06, 0x22, 0x02, 0x34, 0x36, 0x32, 0x16, 0x14, 0x06, 0x22, 0x36, 0x34,
  0x36, 0x32, 0x16, 0x14, 0x06, 0x22, 0x06, 0x34, 0x36, 0x32, 0x16, 0x14,
  0x06, 0x22, 0x16, 0x34, 0x36, 0x32, 0x16, 0x14, 0x06, 0x22, 0x26, 0x34,
  0x36, 0x32, 0x16, 0x14, 0x06, 0x22, 0x06, 0x34, 0x36, 0x32, 0x16, 0x14,
  0x06, 0x22, 0x02, 0x34, 0x36, 0x32, 0x16, 0x14, 0x06, 0x22, 0x36, 0x34,
  0x36, 0x32, 0x16, 0x14, 0x06, 0x22, 0x06, 0x34, 0x36, 0x32, 0x16, 0x14,
  0x06, 0x22, 0x16, 0x34, 0x36, 0x32, 0x16, 0x14, 0x06, 0x22, 0x26, 0x34,
  0x36, 0x32, 0x16, 0x14, 0x06, 0x22, 0x36, 0x34, 0x36, 0x32, 0x16, 0x14,
  0x06, 0x22, 0x26, 0x34, 0x36, 0x32, 0x16, 0x14, 0x06, 0x22, 0x26, 0x34,
  0x36, 0x32, 0x16, 0x14, 0x06, 0x22, 0x26, 0x34, 0x36, 0x32, 0x16, 0x14,
  0x06, 0x22, 0x26, 0x34, 0x36, 0x32, 0x16, 0x14, 0x06, 0x22, 0x36, 0x34,
  0x36, 0x32, 0x16, 0x14, 0x06, 0x22, 0x26, 0x34, 0x36, 0x32, 0x16, 0x14,
  0x06, 0x22, 0x00, 0x34, 0x36, 0x32, 0x16, 0x14, 0x06, 0x22, 0x02, 0x34,
  0x36, 0x32, 0x16, 0x14, 0x06, 0x22, 0x26, 0x34, 0x36, 0x32, 0x16, 0x14,
  0x06, 0x22, 0x26, 0x34, 0x36, 0x32, 0x16, 0x14, 0x06, 0x22, 0x26, 0x34,
  0x36, 0x32, 0x16, 0x14, 0x06, 0x22, 0x26, 0x34, 0x36, 0x32, 0x16, 0x14,
  0x06, 0x22, 0x24, 0x34, 0x36, 0x32, 0x16, 0x14, 0x06, 0x22, 0x06, 0x34,
  0x36, 0x32, 0x16, 0x14, 0x06, 0x22, 0x06, 0x34, 0x36, 0x32, 0x16, 0x14,
  0x06, 0x22, 0x06, 0x34, 0x36, 0x32, 0x16, 0x14, 0x06, 0x22, 0x06, 0x34,
  0x36, 0x32, 0x16, 0x14, 0x06, 0x22, 0x36, 0x34, 0x36, 0x32, 0x16, 0x14,
  0x06, 0x22, 0x06, 0x34, 0x36, 0x32, 0x16, 0x14, 0x06, 0x22, 0x26, 0x34,
  0x36, 0x32, 0x16, 0x14, 0x06, 0x22, 0x26, 0x34, 0x36, 0x32, 0x16, 0x14,
  0x06, 0x22, 0x26, 0x34, 0x36, 0x32, 0x16, 0x14, 0x06, 0x22, 0x26, 0x34,
  0x36, 0x32, 0x16, 0x14, 0x06, 0x22, 0x26, 0x34, 0x36, 0x32, 0x16, 0x14,
  0x06, 0x22, 0x1d, 0x2a, 0x1d, 0x1d, 0x2a, 0x1d, 0x1d, 0x2a, 0x1d, 0x1d,
  0x2a, 0x1d, 0x1d, 0x2a, 0x1d, 0x1d, 0x2a, 0x1d, 0x1d, 0x2a, 0x1d, 0x1d,
  0x2a, 0x1d, 0x1d, 0x2a, 0x1d, 0x1d, 0x2a, 0x47, 0x1d, 0x2a, 0x1d, 0x1d,
  0x2a, 0x1d, 0x1d, 0x2a, 0x1d, 0x1d, 0x2a, 0x1d, 0x1d, 0x2a, 0x1d, 0x1d,
  0x2a, 0x47, 0x1d, 0x2a, 0x1d, 0x1d, 0x2a, 0x1d, 0x1d, 0x2a, 0x1d, 0x1d,
  0x2a, 0x1d, 0x1d, 0x2a, 0x1d, 0x1d, 0x2a, 0x47, 0x1d, 0x2a, 0x1d, 0x1d,
  0x2a, 0x1d, 0x1d, 0x2a, 0x1d, 0x1d, 0x2a, 0x1d, 0x1d, 0x2a, 0x1d, 0x1d,
  0x2a, 0x47, 0x1d, 0x2a, 0x1d, 0x1d, 0x2a, 0x47, 0x1d, 0x2a, 0x1d, 0x1d,
  0x2a, 0x47, 0x1d, 0x2a, 0x1d, 0x1d, 0x2a, 0x47, 0x1d, 0x2a, 0x1d, 0x1d,
  0x2a, 0x1d, 0x1d, 0x2a, 0x1d, 0x1d, 0x2a, 0x81, 0x1d, 0x2a, 0x1d, 0x1d,
  0x2a, 0x81, 0x1d, 0x2a, 0x1d, 0x1d, 0x2a, 0x81, 0x1d, 0x2a, 0x1d, 0x1d,
  0x2a, 0xfe, 0xb7, 0x1d, 0x2a, 0x1d, 0x1d, 0x2a, 0x47, 0x1d, 0x2a, 0x1d,
  0x1d, 0x2a, 0x1d, 0x1d, 0x2a, 0x1d, 0x1d, 0x2a, 0x1d, 0x1d, 0x2a, 0x1d,
  0x1d, 0x2a, 0x47, 0x1d, 0x2a, 0x1d, 0x1d, 0x2a, 0x1d, 0x1d, 0x2a, 0x1d,
  0x1d, 0x2a, 0x1d, 0x1d, 0x2a, 0x1d, 0x1d, 0x2a, 0x47, 0x1d, 0x2a, 0x1d,
  0x1d, 0x2a, 0x47, 0x1d, 0x2a, 0x1d, 0x1d, 0x2a, 0x47, 0x1d, 0x2a, 0x1d,
  0x1d, 0x2a, 0x47, 0x1d, 0x2a, 0x1d, 0x1d, 0x2a, 0xfe, 0xb7, 0x1d, 0x2a,
  0x1d, 0x1d, 0x2a, 0x47, 0x1d, 0x2a, 0x1d, 0x1d, 0x2a, 0x47, 0x1d, 0x2a,
  0x1d, 0x1d, 0x2a, 0x47, 0x1d, 0x2a, 0x1d, 0x1d, 0x2a, 0x47, 0x1d, 0x2a,
  0x1d, 0x1d, 0x2a, 0x1d, 0x1d, 0x2a, 0x1d, 0x1d, 0x2a, 0x1d, 0x1d, 0x2a,
  0x1d, 0x1d, 0x2a, 0x1d, 0x1d, 0x2a, 0x1d, 0x1d, 0x2a, 0x1d, 0x1d, 0x2a,
  0x1d, 0x1d, 0x2a, 0x47, 0x1d, 0x2a, 0x1d, 0x1d, 0x2a, 0x1d, 0x1d, 0x2a,
  0x1d, 0x1d, 0x2a, 0x47, 0x1d, 0x2a, 0x1d, 0x1d, 0x2a, 0x1d, 0x1d, 0x2a,
  0x1d, 0x1d, 0x2a, 0x81, 0x1d, 0x2a, 0x1d, 0x1d, 0x2a, 0x1d, 0x1d, 0x2a,
  0x1d, 0x1d, 0x2a, 0x47, 0x1d, 0x2a, 0x1d, 0x1d, 0x2a, 0x1d, 0x1d, 0x2a,
  0x1d, 0x1d, 0x2a, 0x47, 0x1d, 0x2a, 0x1d, 0x1d, 0x2a, 0x1d, 0x1d, 0x2a,
  0x1d, 0x1d, 0x2a, 0x47, 0x1d, 0x2a, 0x1d, 0x1d, 0x2a, 0x81, 0x1d, 0x2a,
  0x1d, 0x1d, 0x2a, 0x81, 0x1d, 0x2a, 0x1d, 0x1d, 0x2a, 0x81, 0x1d, 0x2a,
  0x1d, 0x1d, 0x2a, 0x81, 0x1d, 0x2a, 0x1d, 0x1d, 0x2a, 0xab, 0x1d, 0x2a,
  0x1d, 0x1d, 0x2a, 0x81, 0x1d, 0x2a, 0x1d, 0x1d, 0x2a, 0xfc, 0xc3, 0x1d,
  0x2a, 0x1d, 0x1d, 0x2a, 0x1d, 0x1d, 0x2a, 0x1d, 0x1d, 0x2a, 0x1d, 0x1d,
  0x2a, 0x1d, 0x1d, 0x2a, 0x1d, 0x1d, 0x2a, 0x1d, 0x1d, 0x2a, 0x1d, 0x1d,
  0x2a, 0x1d, 0x1d, 0x2a, 0x1d, 0x1d, 0x2a, 0x1d, 0x1d, 0x2a, 0x03, 0x67,
  0x1d, 0x2a, 0x1d, 0x1d, 0x2a, 0x1d, 0x1d, 0x2a, 0x1d, 0x1d, 0x2a, 0x1d,
  0x1d, 0x2a, 0x1d, 0x1d, 0x2a, 0x1d, 0x1d, 0x2a, 0x1d, 0x1d, 0x2a, 0x1d,
  0x1d, 0x2a, 0x1d, 0x1d, 0x2a, 0x47, 0x1d, 0x2a, 0x1d, 0x1d, 0x2a, 0x1d,
  0x1d, 0x2a, 0x1d, 0x1d, 0x2a, 0x1d, 0x1d, 0x2a, 0x1d, 0x1d, 0x2a, 0x1d,
  0x1d, 0x2a, 0x1d, 0x1d, 0x2a, 0x1d, 0x1d, 0x2a, 0x1d, 0x1d, 0x2a, 0x1d,
  0x1d, 0x2a, 0x1d, 0x1d, 0x2a, 0x1d, 0x1d, 0x2a, 0x1d, 0x1d, 0x2a, 0x03,
  0x3d, 0x2a, 0x1d, 0x1d, 0x2a, 0x1d, 0x47, 0x2a, 0x1d, 0x1d, 0x2a, 0x1d,
  0x47, 0x2a, 0x1d, 0x1d, 0x2a, 0x1d, 0x47, 0x2a, 0x1d, 0x1d, 0x2a, 0x1d,
  0x47, 0x2a, 0x1d, 0x1d, 0x2a, 0x1d, 0x1d, 0x2a, 0x1d, 0x1d, 0x2a, 0x1d,
  0x47, 0x2a, 0x1d, 0x1d, 0x2a, 0x1d, 0x47, 0x2a, 0x1d, 0x1d, 0x2a, 0x1d,
  0x81, 0x2a, 0x1d, 0x1d, 0x2a, 0x1d, 0x47, 0x2a, 0x1d, 0x1d, 0x2a, 0x1d,
  0x47, 0x2a, 0x1d, 0x1d, 0x2a, 0x1d, 0x1d, 0x2a, 0x1d, 0x1d, 0x2a, 0x1d,
  0x81, 0x2a, 0x1d, 0x1d, 0x2a, 0x1d, 0xab, 0x2a, 0x1d, 0x1d, 0x2a, 0x1d,
  0x1d, 0x2a, 0x1d, 0x1d, 0x2a, 0x1d, 0x1d, 0x2a, 0x1d, 0x1d, 0x2a, 0x1d,
  0x1d, 0x2a, 0x1d, 0x1d, 0x2a, 0x1d, 0x1d, 0x2a, 0x1d, 0x1d, 0x2a, 0x1d,
  0x81, 0x2a, 0x1d, 0x1d, 0x2a, 0x1d, 0x1d, 0x2a, 0x1d, 0x1d, 0x2a, 0x1d,
  0x1d, 0x2a, 0x1d, 0x1d, 0x2a, 0x1d, 0x1d, 0x2a, 0x1d, 0x1d, 0x2a, 0x1d,
  0x03, 0x3d, 0x2a, 0x1d, 0x1d, 0x2a, 0x1d, 0x1d, 0x2a, 0x1d, 0x1d, 0x2a,
  0x1d, 0x81, 0x2a, 0x1d, 0x1d, 0x2a, 0x1d, 0x81, 0x2a, 0x1d, 0x1d, 0x2a,
  0x1d, 0x47, 0x2a, 0x1d, 0x1d, 0x2a, 0x1d, 0x81, 0x2a, 0x1d, 0x1d, 0x2a,
  0x1d, 0x81, 0x2a, 0x1d, 0x1d, 0x2a, 0x1d, 0x1d, 0x2a, 0x1d, 0x1d, 0x2a,
  0x1d, 0x1d, 0x2a, 0x1d, 0x1d, 0x2a, 0x1d, 0x1d, 0x2a, 0x1d, 0x1d, 0x2a,
  0x1d, 0x1d, 0x2a, 0x1d, 0x1d, 0x2a, 0x1d, 0x47, 0x2a, 0x1d, 0x1d, 0x2a,
  0x1d, 0x1d, 0x2a, 0x1d, 0x1d, 0x2a, 0x1d, 0x1d, 0x2a, 0x1d, 0x1d, 0x2a,
  0x1d, 0x1d, 0x2a, 0x1d, 0x1d, 0x2a, 0x1d, 0x1d, 0x2a, 0x1d, 0x1d, 0x2a,
  0x1d, 0x81, 0x2a, 0x1d, 0x1d, 0x2a, 0x1d, 0xfb, 0x6d, 0x2a, 0x1d, 0x1d,
  0x2a, 0x1d, 0x81, 0x2a, 0x1d, 0x1d, 0x2a, 0x1d, 0x03, 0xa1, 0x2a, 0x1d,
  0x1d, 0x2a, 0x1d, 0x81, 0x2a, 0x1d, 0x1d, 0x2a, 0x1d, 0x47, 0x2a, 0x1d,
  0x1d, 0x2a, 0x1d, 0x47, 0x2a, 0x1d, 0x1d, 0x2a, 0x1d, 0x81, 0x2a, 0x1d,
  0x1d, 0x2a, 0x1d, 0x47, 0x2a, 0x1d, 0x1d, 0x2a, 0x1d, 0xfc, 0xfd, 0x2a,
  0x1d, 0x1d, 0x2a, 0x1d, 0x1d, 0x2a, 0x1d, 0x1d, 0x2a, 0x1d, 0x47, 0x2a,
  0x1d, 0x1d, 0x2a, 0x1d, 0x47, 0x2a, 0x1d, 0x1d, 0x2a, 0x1d, 0x81, 0x2a,
  0x1d, 0x1d, 0x2a, 0x1d, 0x1d, 0x2a, 0x1d, 0x1d, 0x2a, 0x1d, 0x81, 0x2a,
  0x1d, 0x1d, 0x2a, 0x1d, 0x81, 0x2a, 0x1d, 0x1d, 0x2a, 0x1d, 0x1d, 0x2a,
  0x1d, 0x1d, 0x2a, 0x1d, 0x1d, 0x2a, 0x1d, 0x1d, 0x2a, 0x1d, 0x81, 0x2a,
  0x1d, 0x1d, 0x2a, 0x1d, 0x1d, 0x2a, 0x1d, 0x1d, 0x2a, 0x1d, 0x02, 0xd9,
  0x2a, 0x1d, 0x1d, 0x2a, 0x1d, 0xfe, 0x29, 0x2a, 0x1d, 0x1d, 0x2a, 0x1d,
  0x81, 0x2a, 0x1d, 0x1d, 0x2a, 0x1d, 0x81, 0x2a, 0x1d, 0x1d, 0x2a, 0x1d,
  0x81, 0x2a, 0x1d, 0x1d, 0x2a, 0x1d, 0x1d, 0x2a, 0x1d, 0x1d, 0x2a, 0x1d,
  0x1d, 0x2a, 0x1d, 0x1d, 0x2a, 0x1d, 0x47, 0x2a, 0x1d, 0x1d, 0x2a, 0x1d,
  0x47, 0x2a, 0x1d, 0x1d, 0x2a, 0x1d, 0x47, 0x2a, 0x1d, 0x1d, 0x2a, 0x1d,
  0x47, 0x2a, 0x1d, 0x1d, 0x2a, 0x1d, 0x1d, 0x2a, 0x1d, 0x1d, 0x2a, 0x1d,
  0x47, 0x2a, 0x1d, 0x1d, 0x2a, 0x1d, 0xe5, 0x2a, 0x1d, 0x1d, 0x2a, 0x1d,
  0x81, 0x2a, 0x1d, 0x1d, 0x2a, 0x1d, 0x81, 0x2a, 0x1d, 0x1d, 0x2a, 0x1d,
  0x81, 0x2a, 0x1d, 0x1d, 0x2a, 0x1d, 0x1d, 0x2a, 0x1d, 0x1d, 0x2a, 0x1d,
  0x00, 0x46, 0x00, 0x00, 0x00, 0x00, 0x03, 0x84, 0x05, 0x14, 0x00, 0x07,
  0x00, 0x0f, 0x00, 0x17, 0x00, 0x1f, 0x00, 0x27, 0x00, 0x2f, 0x00, 0x37,
  0x00, 0x3f, 0x00, 0x47, 0x00, 0x4f, 0x00, 0x57, 0x00, 0x5f, 0x00, 0x67,
  0x00, 0x6f, 0x00, 0x77, 0x00, 0x7f, 0x00, 0x87, 0x00, 0x8f, 0x00, 0x97,
  0x00, 0x9f, 0x00, 0xa7, 0x00, 0xaf, 0x00, 0xb7, 0x00, 0xbf, 0x00, 0xc7,
  0x00, 0xcf, 0x00, 0xd7, 0x00, 0xdf, 0x00, 0xe7, 0x00, 0xef, 0x00, 0xf7,
  0x00, 0xff, 0x01, 0x07, 0x01, 0x0f, 0x01, 0x17, 0x01, 0x1f, 0x01, 0x27,
  0x01, 0x2f, 0x01, 0x37, 0x01, 0x3f, 0x01, 0x47, 0x01, 0x4f, 0x01, 0x57,
  0x01, 0x5f, 0x01, 0x67, 0x01, 0x6f, 0x01, 0x77, 0x01, 0x7f, 0x01, 0x87,
  0x01, 0x8f, 0x01, 0x97, 0x01, 0x9f, 0x01, 0xa7, 0x01, 0xaf, 0x01, 0xb7,
  0x01, 0xbf, 0x01, 0xc7, 0x01, 0xcf, 0x01, 0xd7, 0x01, 0xdf, 0x01, 0xe7,
  0x01, 0xef, 0x01, 0xf7, 0x01, 0xff, 0x02, 0x07, 0x02, 0x0f, 0x02, 0x17,
  0x02, 0x1f, 0x02, 0x27, 0x02, 0x2f, 0x00, 0x00, 0x10, 0x34, 0x36, 0x32,
  0x16, 0x14, 0x06, 0x22, 0x06, 0x34, 0x36, 0x32, 0x16, 0x14, 0x06, 0x22,
  0x06, 0x34, 0x36, 0x32, 0x16, 0x14, 0x06, 0x22, 0x06, 0x34, 0x36, 0x32,
  0x16, 0x14, 0x06, 0x22, 0x06, 0x34, 0x36, 0x32, 0x16, 0x14, 0x06, 0x22,
  0x06, 0x34, 0x36, 0x32, 0x16, 0x14, 0x06, 0x22, 0x06, 0x34, 0x36, 0x32,
  0x16, 0x14, 0x06, 0x22, 0x06, 0x34, 0x36, 0x32, 0x16, 0x14, 0x06, 0x22,
  0x06, 0x34, 0x36, 0x32, 0x16, 0x14, 0x06, 0x22, 0x06, 0x34, 0x36, 0x32,
  0x16, 0x14, 0x06, 0x22, 0x36, 0x34, 0x36, 0x32, 0x16, 0x14, 0x06, 0x22,
  0x26, 0x34, 0x36, 0x32, 0x16, 0x14, 0x06, 0x22, 0x26, 0x34, 0x36, 0x32,
  0x16, 0x14, 0x06, 0x22, 0x26, 0x34, 0x36, 0x32, 0x16, 0x14, 0x06, 0x22,
  0x26, 0x34, 0x36, 0x32, 0x16, 0x14, 0x06, 0x22, 0x26, 0x34, 0x36, 0x32,
  0x16, 0x14, 0x06, 0x22, 0x26, 0x34, 0x36, 0x32, 0x16, 0x14, 0x06, 0x22,
  0x26, 0x34, 0x36, 0x32, 0x16, 0x14, 0x06, 0x22, 0x26, 0x34, 0x36, 0x32,
  0x16, 0x14, 0x06, 0x22, 0x26, 0x34, 0x36, 0x32, 0x16, 0x14, 0x06, 0x22,
  0x26, 0x34, 0x36, 0x32, 0x16, 0x14, 0x06, 0x22, 0x36, 0x34, 0x36, 0x32,
  0x16, 0x14, 0x06, 0x22, 0x26, 0x34, 0x36, 0x32, 0x16, 0x14, 0x06, 0x22,
  0x36, 0x34, 0x36, 0x32, 0x16, 0x14, 0x06, 0x22, 0x36, 0x34, 0x36, 0x32,
  0x16, 0x14, 0x06, 0x22, 0x36, 0x34, 0x36, 0x32, 0x16, 0x14, 0x06, 0x22,
  0x36, 0x34, 0x36, 0x32, 0x16, 0x14, 0x06, 0x22, 0x36, 0x34, 0x36, 0x32,
  0x16, 0x14, 0x06, 0x22, 0x36, 0x34, 0x36, 0x32, 0x16, 0x14, 0x06, 0x22,
  0x36, 0x34, 0x36, 0x32, 0x16, 0x14, 0x06, 0x22, 0x26, 0x34, 0x36, 0x32,
  0x16, 0x14, 0x06, 0x22, 0x26, 0x34, 0x36, 0x32, 0x16, 0x14, 0x06, 0x22,
  0x26, 0x34, 0x36, 0x32, 0x16, 0x14, 0x06, 0x22, 0x26, 0x34, 0x36, 0x32,
  0x16, 0x14, 0x06, 0x22, 0x26, 0x34, 0x36, 0x32, 0x16, 0x14, 0x06, 0x22,
  0x02, 0x34, 0x36, 0x32, 0x16, 0x14, 0x06, 0x22, 0x06, 0x34, 0x36, 0x32,
  0x16, 0x14, 0x06, 0x22, 0x36, 0x34, 0x36, 0x32, 0x16, 0x14, 0x06, 0x22,
  0x26, 0x34, 0x36, 0x32, 0x16, 0x14, 0x06, 0x22, 0x36, 0x34, 0x36, 0x32,
  0x16, 0x14, 0x06, 0x22, 0x06, 0x34, 0x36, 0x32, 0x16, 0x14, 0x06, 0x22,
  0x36, 0x34, 0x36, 0x32, 0x16, 0x14, 0x06, 0x22, 0x26, 0x34, 0x36, 0x32,
  0x16, 0x14, 0x06, 0x22, 0x36, 0x34, 0x36, 0x32, 0x16, 0x14, 0x06, 0x22,
  0x26, 0x34, 0x36, 0x32, 0x16, 0x14, 0x06, 0x22, 0x36, 0x34, 0x36, 0x32,
  0x16, 0x14, 0x06, 0x22, 0x36, 0x34, 0x36, 0x32, 0x16, 0x14, 0x06, 0x22,
  0x26, 0x34, 0x36, 0x32, 0x16, 0x14, 0x06, 0x22, 0x26, 0x34, 0x36, 0x32,
  0x16, 0x14, 0x06, 0x22, 0x26, 0x34, 0x36, 0x32, 0x16, 0x14, 0x06, 0x22,
  0x36, 0x34, 0x36, 0x32, 0x16, 0x14, 0x06, 0x22, 0x26, 0x34, 0x36, 0x32,
  0x16, 0x14, 0x06, 0x22, 0x26, 0x34, 0x36, 0x32, 0x16, 0x14, 0x06, 0x22,
  0x26, 0x34, 0x36, 0x32, 0x16, 0x14, 0x06, 0x22, 0x02, 0x34, 0x36, 0x32,
  0x16, 0x14, 0x06, 0x22, 0x36, 0x34, 0x36, 0x32, 0x16, 0x14, 0x06, 0x22,
  0x06, 0x34, 0x36, 0x32, 0x16, 0x14, 0x06, 0x22, 0x36, 0x34, 0x36, 0x32,
  0x16, 0x14, 0x06, 0x22, 0x26, 0x34, 0x36, 0x32, 0x16, 0x14, 0x06, 0x22,
  0x16, 0x34, 0x36, 0x32, 0x16, 0x14, 0x06, 0x22, 0x06, 0x34, 0x36, 0x32,
  0x16, 0x14, 0x06, 0x22, 0x06, 0x34, 0x36, 0x32, 0x16, 0x14, 0x06, 0x22,
  0x06, 0x34, 0x36, 0x32, 0x16, 0x14, 0x06, 0x22, 0x26, 0x34, 0x36, 0x32,
  0x16, 0x14, 0x06, 0x22, 0x26, 0x34, 0x36, 0x32, 0x16, 0x14, 0x06, 0x22,
  0x26, 0x34, 0x36, 0x32, 0x16, 0x14, 0x06, 0x22, 0x26, 0x34, 0x36, 0x32,
  0x16, 0x14, 0x06, 0x22, 0x02, 0x34, 0x36, 0x32, 0x16, 0x14, 0x06, 0x22,
  0x00, 0x34, 0x36, 0x32, 0x16, 0x14, 0x06, 0x22, 0x36, 0x34, 0x36, 0x32,
  0x16, 0x14, 0x06, 0x22, 0x1d, 0x2a, 0x1d, 0x1d, 0x2a, 0x1d, 0x1d, 0x2a,
  0x1d, 0x1d, 0x2a, 0x1d, 0x1d, 0x2a, 0x1d, 0x1d, 0x2a, 0x1d, 0x1d, 0x2a,
  0x1d, 0x1d, 0x2a, 0x1d, 0x1d, 0x2a, 0x1d, 0x1d, 0x2a, 0x1d, 0x1d, 0x2a,
  0x1d, 0x1d, 0x2a, 0x1d, 0x1d, 0x2a, 0x1d, 0x1d, 0x2a, 0x1d, 0x1d, 0x2a,
  0x1d, 0x1d, 0x2a, 0x1d, 0x1d, 0x2a, 0x1d, 0x1d, 0x2a, 0x1d, 0x1d, 0x2a,
  0x1d, 0x1d, 0x2a, 0x47, 0x1d, 0x2a, 0x1d, 0x1d, 0x2a, 0x1d, 0x1d, 0x2a,
  0x1d, 0x1d, 0x2a, 0x1d, 0x1d, 0x2a, 0x1d, 0x1d, 0x2a, 0x1d, 0x1d, 0x2a,
  0x1d, 0x1d, 0x2a, 0x1d, 0x1d, 0x2a, 0x1d, 0x1d, 0x2a, 0x1d, 0x1d, 0x2a,
  0x1d, 0x1d, 0x2a, 0x1d, 0x1d, 0x2a, 0x1d, 0x1d, 0x2a, 0x1d, 0x1d, 0x2a,
  0x1d, 0x1d, 0x2a, 0x1d, 0x1d, 0x2a, 0x1d, 0x1d, 0x2a, 0x1d, 0x1d, 0x2a,
  0x1d, 0x1d, 0x2a, 0x81, 0x1d, 0x2a, 0x1d, 0x1d, 0x2a, 0x47, 0x1d, 0x2a,
  0x1d, 0x1d, 0x2a, 0x81, 0x1d, 0x2a, 0x1d, 0x1d, 0x2a, 0x47, 0x1d, 0x2a,
  0x1d, 0x1d, 0x2a, 0x47, 0x1d, 0x2a, 0x1d, 0x1d, 0x2a, 0x47, 0x1d, 0x2a,
  0x1d, 0x1d, 0x2a, 0x47, 0x1d, 0x2a, 0x1d, 0x1d, 0x2a, 0x47, 0x1d, 0x2a,
  0x1d, 0x1d, 0x2a, 0x47, 0x1d, 0x2a, 0x1d, 0x1d, 0x2a, 0x47, 0x1d, 0x2a,
  0x1d, 0x1d, 0x2a, 0x81, 0x1d, 0x2a, 0x1d, 0x1d, 0x2a, 0x81, 0x1d, 0x2a,
  0x1d, 0x1d, 0x2a, 0x81, 0x1d, 0x2a, 0x1d, 0x1d, 0x2a, 0x81, 0x1d, 0x2a,
  0x1d, 0x1d, 0x2a, 0x81, 0x1d, 0x2a, 0x1d, 0x1d, 0x2a, 0x1d, 0x1d, 0x2a,
  0x1d, 0x1d, 0x2a, 0x1d, 0x1d, 0x2a, 0x1d, 0x1d, 0x2a, 0x47, 0x1d, 0x2a,
  0x1d, 0x1d, 0x2a, 0x1d, 0x1d, 0x2a, 0x1d, 0x1d, 0x2a, 0x47, 0x1d, 0x2a,
  0x1d, 0x1d, 0x2a, 0x1d, 0x1d, 0x2a, 0x1d, 0x1d, 0x2a, 0x47, 0x1d, 0x2a,
  0x1d, 0x1d, 0x2a, 0x1d, 0x1d, 0x2a, 0x1d, 0x1d, 0x2a, 0x47, 0x1d, 0x2a,
  0x1d, 0x1d, 0x2a, 0x1d, 0x1d, 0x2a, 0x1d, 0x1d, 0x2a, 0x47, 0x1d, 0x2a,
  0x1d, 0x1d, 0x2a, 0x47, 0x1d, 0x2a, 0x1d, 0x1d, 0x2a, 0x1d, 0x1d, 0x2a,
  0x1d, 0x1d, 0x2a, 0x81, 0x1d, 0x2a, 0x1d, 0x1d, 0x2a, 0x1d, 0x1d, 0x2a,
  0x1d, 0x1d, 0x2a, 0x47, 0x1d, 0x2a, 0x1d, 0x1d, 0x2a, 0x1d, 0x1d, 0x2a,
  0x1d, 0x1d, 0x2a, 0x81, 0x1d, 0x2a, 0x1d, 0x1d, 0x2a, 0x81, 0x1d, 0x2a,
  0x1d, 0x1d, 0x2a, 0x1d, 0x1d, 0x2a, 0x1d, 0x1d, 0x2a, 0x47, 0x1d, 0x2a,
  0x1d, 0x1d, 0x2a, 0x1d, 0x1d, 0x2a, 0x1d, 0x1d, 0x2a, 0x47, 0x1d, 0x2a,
  0x1d, 0x1d, 0x2a, 0xe5, 0x1d, 0x2a, 0x1d, 0x1d, 0x2a, 0xab, 0x1d, 0x2a,
  0x1d, 0x1d, 0x2a, 0x1d, 0x1d, 0x2a, 0x1d, 0x1d, 0x2a, 0x1d, 0x1d, 0x2a,
  0x1d, 0x1d, 0x2a, 0x1d, 0x1d, 0x2a, 0x1d, 0x1d, 0x2a, 0x81, 0x1d, 0x2a,
  0x1d, 0x1d, 0x2a, 0x1d, 0x1d, 0x2a, 0x1d, 0x1d, 0x2a, 0x1d, 0x1d, 0x2a,
  0x1d, 0x1d, 0x2a, 0x1d, 0x1d, 0x2a, 0x1d, 0x1d, 0x2a, 0x1d, 0x1d, 0x2a,
  0x1d, 0x1d, 0x2a, 0xfd, 0x27, 0x1d, 0x2a, 0x1d, 0x1d, 0x2a, 0x47, 0x1d,
  0x2a, 0x1d, 0x1d, 0x2a, 0x03, 0xa1, 0x2a, 0x1d, 0x1d, 0x2a, 0x1d, 0x47,
  0x2a, 0x1d, 0x1d, 0x2a, 0x1d, 0x47, 0x2a, 0x1d, 0x1d, 0x2a, 0x1d, 0x47,
  0x2a, 0x1d, 0x1d, 0x2a, 0x1d, 0x47, 0x2a, 0x1d, 0x1d, 0x2a, 0x1d, 0x47,
  0x2a, 0x1d, 0x1d, 0x2a, 0x1d, 0x47, 0x2a, 0x1d, 0x1d, 0x2a, 0x1d, 0x47,
  0x2a, 0x1d, 0x1d, 0x2a, 0x1d, 0x47, 0x2a, 0x1d, 0x1d, 0x2a, 0x1d, 0x47,
  0x2a, 0x1d, 0x1d, 0x2a, 0x1d, 0x1d, 0x2a, 0x1d, 0x1d, 0x2a, 0x1d, 0x81,
  0x2a, 0x1d, 0x1d, 0x2a, 0x1d, 0x81, 0x2a, 0x1d, 0x1d, 0x2a, 0x1d, 0x81,
  0x2a, 0x1d, 0x1d, 0x2a, 0x1d, 0x81, 0x2a, 0x1d, 0x1d, 0x2a, 0x1d, 0x81,
  0x2a, 0x1d, 0x1d, 0x2a, 0x1d, 0x81, 0x2a, 0x1d, 0x1d, 0x2a, 0x1d, 0x81,
  0x2a, 0x1d, 0x1d, 0x2a, 0x1d, 0x81, 0x2a, 0x1d, 0x1d, 0x2a, 0x1d, 0x81,
  0x2a, 0x1d, 0x1d, 0x2a, 0x1d, 0x81, 0x2a, 0x1d, 0x1d, 0x2a, 0x1d, 0x1d,
  0x2a, 0x1d, 0x1d, 0x2a, 0x1d, 0x81, 0x2a, 0x1d, 0x1d, 0x2a, 0x1d, 0x1d,
  0x2a, 0x1d, 0x1d, 0x2a, 0x1d, 0x1d, 0x2a, 0x1d, 0x1d, 0x2a, 0x1d, 0x1d,
  0x2a, 0x1d, 0x1d, 0x2a, 0x1d, 0x1d, 0x2a, 0x1d, 0x1d, 0x2a, 0x1d, 0x1d,
  0x2a, 0x1d, 0x1d, 0x2a, 0x1d, 0x1d, 0x2a, 0x1d, 0x1d, 0x2a, 0x1d, 0x1d,
  0x2a, 0x1d, 0x1d, 0x2a, 0x1d, 0x81, 0x2a, 0x1d, 0x1d, 0x2a, 0x1d, 0x1d,
  0x2a, 0x1d, 0x1d, 0x2a, 0x1d, 0x1d, 0x2a, 0x1d, 0x1d, 0x2a, 0x1d, 0x1d,
  0x2a, 0x1d, 0x1d, 0x2a, 0x1d, 0x1d, 0x2a, 0x1d, 0x1d, 0x2a, 0x1d, 0xfd,
  0xc5, 0x2a, 0x1d, 0x1d, 0x2a, 0x1d, 0x47, 0x2a, 0x1d, 0x1d, 0x2a, 0x1d,
  0x1d, 0x2a, 0x1d, 0x1d, 0x2a, 0x1d, 0x81, 0x2a, 0x1d, 0x1d, 0x2a, 0x1d,
  0x1d, 0x2a, 0x1d, 0x1d, 0x2a, 0x1d, 0x47, 0x2a, 0x1d, 0x1d, 0x2a, 0x1d,
  0x1d, 0x2a, 0x1d, 0x1d, 0x2a, 0x1d, 0x81, 0x2a, 0x1d, 0x1d, 0x2a, 0x1d,
  0x1d, 0x2a, 0x1d, 0x1d, 0x2a, 0x1d, 0x81, 0x2a, 0x1d, 0x1d, 0x2a, 0x1d,
  0x1d, 0x2a, 0x1d, 0x1d, 0x2a, 0x1d, 0x1d, 0x2a, 0x1d, 0x1d, 0x2a, 0x1d,
  0x81, 0x2a, 0x1d, 0x1d, 0x2a, 0x1d, 0x1d, 0x2a, 0x1d, 0x1d, 0x2a, 0x1d,
  0x81, 0x2a, 0x1d, 0x1d, 0x2a, 0x1d, 0x1d, 0x2a, 0x1d, 0x1d, 0x2a, 0x1d,
  0x81, 0x2a, 0x1d, 0x1d, 0x2a, 0x1d, 0x1d, 0x2a, 0x1d, 0x1d, 0x2a, 0x1d,
  0x1d, 0x2a, 0x1d, 0x1d, 0x2a, 0x1d, 0xfe, 0x29, 0x2a, 0x1d, 0x1d, 0x2a,
  0x1d, 0x1d, 0x2a, 0x1d, 0x1d, 0x2a, 0x1d, 0x47, 0x2a, 0x1d, 0x1d, 0x2a,
  0x1d, 0x1d, 0x2a, 0x1d, 0x1d, 0x2a, 0x1d, 0x1d, 0x2a, 0x1d, 0x1d, 0x2a,
  0x1d, 0x47, 0x2a, 0x1d, 0x1d, 0x2a, 0x1d, 0x47, 0x2a, 0x1d, 0x1d, 0x2a,
  0x1d, 0x47, 0x2a, 0x1d, 0x1d, 0x2a, 0x1d, 0x47, 0x2a, 0x1d, 0x1d, 0x2a,
  0x1d, 0x1d, 0x2a, 0x1d, 0x1d, 0x2a, 0x1d, 0x81, 0x2a, 0x1d, 0x1d, 0x2a,
  0x1d, 0x81, 0x2a, 0x1d, 0x1d, 0x2a, 0x1d, 0x81, 0x2a, 0x1d, 0x1d, 0x2a,
  0x1d, 0x01, 0x49, 0x2a, 0x1d, 0x1d, 0x2a, 0x1d, 0x02, 0x75, 0x2a, 0x1d,
  0x1d, 0x2a, 0x1d, 0x1d, 0x2a, 0x1d, 0x1d, 0x2a, 0x1d, 0x00, 0x00, 0x00,
  0x00, 0x4f, 0x00, 0x00, 0x00, 0x00, 0x04, 0x4c, 0x05, 0x14, 0x00, 0x07,
  0x00, 0x0f, 0x00, 0x17, 0x00, 0x1f, 0x00, 0x27, 0x00, 0x2f, 0x00, 0x37,
  0x00, 0x3f, 0x00, 0x47, 0x00, 0x4f, 0x00, 0x57, 0x00, 0x5f, 0x00, 0x67,
  0x00, 0x6f, 0x00, 0x77, 0x00, 0x7f, 0x00, 0x87, 0x00, 0x8f, 0x00, 0x97,
  0x00, 0x9f, 0x00, 0xa7, 0x00, 0xaf, 0x00, 0xb7, 0x00, 0xbf, 0x00, 0xc7,
  0x00, 0xcf, 0x00, 0xd7, 0x00, 0xdf, 0x00, 0xe7, 0x00, 0xef, 0x00, 0xf7,
  0x00, 0xff, 0x01, 0x07, 0x01, 0x0f, 0x01, 0x17, 0x01, 0x1f, 0x01, 0x27,
  0x01, 0x2f, 0x01, 0x37, 0x01, 0x3f, 0x01, 0x47, 0x01, 0x4f, 0x01, 0x57,
  0x01, 0x5f, 0x01, 0x67, 0x01, 0x6f, 0x01, 0x77, 0x01, 0x7f, 0x01, 0x87,
  0x01, 0x8f, 0x01, 0x97, 0x01, 0x9f, 0x01, 0xa7, 0x01, 0xaf, 0x01, 0xb7,
  0x01, 0xbf, 0x01, 0xc7, 0x01, 0xcf, 0x01, 0xd7, 0x01, 0xdf, 0x01, 0xe7,
  0x01, 0xef, 0x01, 0xf7, 0x01, 0xff, 0x02, 0x07, 0x02, 0x0f, 0x02, 0x17,
  0x02, 0x1f, 0x02, 0x27, 0x02, 0x2f, 0x02, 0x37, 0x02, 0x3f, 0x02, 0x47,
  0x02, 0x4f, 0x02, 0x57, 0x02, 0x5f, 0x02, 0x67, 0x02, 0x6f, 0x02, 0x77,
  0x00, 0x00, 0x10, 0x34, 0x36, 0x32, 0x16, 0x14, 0x06, 0x22, 0x36, 0x34,
  0x36, 0x32, 0x16, 0x14, 0x06, 0x22, 0x06, 0x34, 0x36, 0x32, 0x16, 0x14,
  0x06, 0x22, 0x36, 0x34, 0x36, 0x32, 0x16, 0x14, 0x06, 0x22, 0x36, 0x34,
  0x36, 0x32, 0x16, 0x14, 0x06, 0x22, 0x24, 0x34, 0x36, 0x32, 0x16, 0x14,
  0x06, 0x22, 0x06, 0x34, 0x36, 0x32, 0x16, 0x14, 0x06, 0x22, 0x36, 0x34,
  0x36, 0x32, 0x16, 0x14, 0x06, 0x22, 0x36, 0x34, 0x36, 0x32, 0x16, 0x14,
  0x06, 0x22, 0x26, 0x34, 0x36, 0x32, 0x16, 0x14, 0x06, 0x22, 0x36, 0x34,
  0x36, 0x32, 0x16, 0x14, 0x06, 0x22, 0x26, 0x34, 0x36, 0x32, 0x16, 0x14,
  0x06, 0x22, 0x36, 0x34, 0x36, 0x32, 0x16, 0x14, 0x06, 0x22, 0x26, 0x34,
  0x36, 0x32, 0x16, 0x14, 0x06, 0x22, 0x26, 0x34, 0x36, 0x32, 0x16, 0x14,
  0x06, 0x22, 0x26, 0x34, 0x36, 0x32, 0x16, 0x14, 0x06, 0x22, 0x16, 0x34,
  0x36, 0x32, 0x16, 0x14, 0x06, 0x22, 0x26, 0x34, 0x36, 0x32, 0x16, 0x14,
  0x06, 0x22, 0x06, 0x34, 0x36, 0x32, 0x16, 0x14, 0x06, 0x22, 0x26, 0x34,
  0x36, 0x32, 0x16, 0x14, 0x06, 0x22, 0x36, 0x34, 0x36, 0x32, 0x16, 0x14,
  0x06, 0x22, 0x26, 0x34, 0x36, 0x32, 0x16, 0x14, 0x06, 0x22, 0x26, 0x34,
  0x36, 0x32, 0x16, 0x14, 0x06, 0x22, 0x26, 0x34, 0x36, 0x32, 0x16, 0x14,
  0x06, 0x22, 0x26, 0x34, 0x36, 0x32, 0x16, 0x14, 0x06, 0x22, 0x26, 0x34,
  0x36, 0x32, 0x16, 0x14, 0x06, 0x22, 0x36, 0x34, 0x36, 0x32, 0x16, 0x14,
  0x06, 0x22, 0x36, 0x34, 0x36, 0x32, 0x16, 0x14, 0x06, 0x22, 0x36, 0x34,
  0x36, 0x32, 0x16, 0x14, 0x06, 0x22, 0x02, 0x34, 0x36, 0x32, 0x16, 0x14,
  0x06, 0x22, 0x36, 0x34, 0x36, 0x32, 0x16, 0x14, 0x06, 0x22, 0x06, 0x34,
  0x36, 0x32, 0x16, 0x14, 0x06, 0x22, 0x36, 0x34, 0x36, 0x32, 0x16, 0x14,
  0x06, 0x22, 0x06, 0x34, 0x36, 0x32, 0x16, 0x14, 0x06, 0x22, 0x36, 0x34,
  0x36, 0x32, 0x16, 0x14, 0x06, 0x22, 0x26, 0x34, 0x36, 0x32, 0x16, 0x14,
  0x06, 0x22, 0x26, 0x34, 0x36, 0x32, 0x16, 0x14, 0x06, 0x22, 0x26, 0x34,
  0x36, 0x32, 0x16, 0x14, 0x06, 0x22, 0x06, 0x34, 0x36, 0x32, 0x16, 0x14,
  0x06, 0x22, 0x26, 0x34, 0x36, 0x32, 0x16, 0x14, 0x06, 0x22, 0x26, 0x34,
  0x36, 0x32, 0x16, 0x14, 0x06, 0x22, 0x02, 0x34, 0x36, 0x32, 0x16, 0x14,
  0x06, 0x22, 0x06, 0x34, 0x36, 0x32, 0x16, 0x14, 0x06, 0x22, 0x26, 0x34,
  0x36, 0x32, 0x16, 0x14, 0x06, 0x22, 0x26, 0x34, 0x36, 0x32, 0x16, 0x14,
  0x06, 0x22, 0x26, 0x34, 0x36, 0x32, 0x16, 0x14, 0x06, 0x22, 0x06, 0x34,
  0x36, 0x32, 0x16, 0x14, 0x06, 0x22, 0x26, 0x34, 0x36, 0x32, 0x16, 0x14,
  0x06, 0x22, 0x26, 0x34, 0x36, 0x32, 0x16, 0x14, 0x06, 0x22, 0x26, 0x34,
  0x36, 0x32, 0x16, 0x14, 0x06, 0x22, 0x26, 0x34, 0x36, 0x32, 0x16, 0x14,
  0x06, 0x22, 0x26, 0x34, 0x36, 0x32, 0x16, 0x14, 0x06, 0x22, 0x12, 0x34,
  0x36, 0x32, 0x16, 0x14, 0x06, 0x22, 0x26, 0x34, 0x36, 0x32, 0x16, 0x14,
  0x06, 0x22, 0x26, 0x34, 0x36, 0x32, 0x16, 0x14, 0x06, 0x22, 0x26, 0x34,
  0x36, 0x32, 0x16, 0x14, 0x06, 0x22, 0x36, 0x34, 0x36, 0x32, 0x16, 0x14,
  0x06, 0x22, 0x26, 0x34, 0x36, 0x32, 0x16, 0x14, 0x06, 0x22, 0x36, 0x34,
  0x36, 0x32, 0x16, 0x14, 0x06, 0x22, 0x06, 0x34, 0x36, 0x32, 0x16, 0x14,
  0x06, 0x22, 0x36, 0x34, 0x36, 0x32, 0x16, 0x14, 0x06, 0x22, 0x26, 0x34,
  0x36, 0x32, 0x16, 0x14, 0x06, 0x22, 0x36, 0x34, 0x36, 0x32, 0x16, 0x14,
  0x06, 0x22, 0x36, 0x34, 0x36, 0x32, 0x16, 0x14, 0x06, 0x22, 0x36, 0x34,
  0x36, 0x32, 0x16, 0x14, 0x06, 0x22, 0x36, 0x34, 0x36, 0x32, 0x16, 0x14,
  0x06, 0x22, 0x00, 0x34, 0x36, 0x32, 0x16, 0x14, 0x06, 0x22, 0x16, 0x34,
  0x36, 0x32, 0x16, 0x14, 0x06, 0x22, 0x36, 0x34, 0x36, 0x32, 0x16, 0x14,
  0x06, 0x22, 0x36, 0x34, 0x36, 0x32, 0x16, 0x14, 0x06, 0x22, 0x36, 0x34,
  0x36, 0x32, 0x16, 0x14, 0x06, 0x22, 0x36, 0x34, 0x36, 0x32, 0x16, 0x14,
  0x06, 0x22, 0x36, 0x34, 0x36, 0x32, 0x16, 0x14, 0x06, 0x22, 0x36, 0x34,
  0x36, 0x32, 0x16, 0x14, 0x06, 0x22, 0x24, 0x34, 0x36, 0x32, 0x16, 0x14,
  0x06, 0x22, 0x36, 0x34, 0x36, 0x32, 0x16, 0x14, 0x06, 0x22, 0x36, 0x34,
  0x36, 0x32, 0x16, 0x14, 0x06, 0x22, 0x36, 0x34, 0x36, 0x32, 0x16, 0x14,
  0x06, 0x22, 0x36, 0x34, 0x36, 0x32, 0x16, 0x14, 0x06, 0x22, 0x1d, 0x2a,
  0x1d, 0x1d, 0x2a, 0x47, 0x1d, 0x2a, 0x1d, 0x1d, 0x2a, 0x81, 0x1d, 0x2a,
  0x1d, 0x1d, 0x2a, 0x47, 0x1d, 0x2a, 0x1d, 0x1d, 0x2a, 0x47, 0x1d, 0x2a,
  0x1d, 0x1d, 0x2a, 0x02, 0x3b, 0x1d, 0x2a, 0x1d, 0x1d, 0x2a, 0x81, 0x1d,
  0x2a, 0x1d, 0x1d, 0x2a, 0x47, 0x1d, 0x2a, 0x1d, 0x1d, 0x2a, 0x47, 0x1d,
  0x2a, 0x1d, 0x1d, 0x2a, 0x1d, 0x1d, 0x2a, 0x1d, 0x1d, 0x2a, 0x47, 0x1d,
  0x2a, 0x1d, 0x1d, 0x2a, 0x81, 0x1d, 0x2a, 0x1d, 0x1d, 0x2a, 0x47, 0x1d,
  0x2a, 0x1d, 0x1d, 0x2a, 0x1d, 0x1d, 0x2a, 0x1d, 0x1d, 0x2a, 0x1d, 0x1d,
  0x2a, 0x1d, 0x1d, 0x2a, 0x81, 0x1d, 0x2a, 0x1d, 0x1d, 0x2a, 0x47, 0x1d,
  0x2a, 0x1d, 0x1d, 0x2a, 0x81, 0x1d, 0x2a, 0x1d, 0x1d, 0x2a, 0x1d, 0x1d,
  0x2a, 0x1d, 0x1d, 0x2a, 0x81, 0x1d, 0x2a, 0x1d, 0x1d, 0x2a, 0x47, 0x1d,
  0x2a, 0x1d, 0x1d, 0x2a, 0x81, 0x1d, 0x2a, 0x1d, 0x1d, 0x2a, 0x81, 0x1d,
  0x2a, 0x1d, 0x1d, 0x2a, 0x81, 0x1d, 0x2a, 0x1d, 0x1d, 0x2a, 0x81, 0x1d,
  0x2a, 0x1d, 0x1d, 0x2a, 0x1d, 0x1d, 0x2a, 0x1d, 0x1d, 0x2a, 0x47, 0x1d,
  0x2a, 0x1d, 0x1d, 0x2a, 0x47, 0x1d, 0x2a, 0x1d, 0x1d, 0x2a, 0x47, 0x1d,
  0x2a, 0x1d, 0x1d, 0x2a, 0x81, 0x1d, 0x2a, 0x1d, 0x1d, 0x2a, 0x47, 0x1d,
  0x2a, 0x1d, 0x1d, 0x2a, 0x1d, 0x1d, 0x2a, 0x1d, 0x1d, 0x2a, 0x47, 0x1d,
  0x2a, 0x1d, 0x1d, 0x2a, 0x1d, 0x1d, 0x2a, 0x1d, 0x1d, 0x2a, 0x47, 0x1d,
  0x2a, 0x1d, 0x1d, 0x2a, 0x1d, 0x1d, 0x2a, 0x1d, 0x1d, 0x2a, 0x81, 0x1d,
  0x2a, 0x1d, 0x1d, 0x2a, 0x81, 0x1d, 0x2a, 0x1d, 0x1d, 0x2a, 0xe5, 0x1d,
  0x2a, 0x1d, 0x1d, 0x2a, 0x81, 0x1d, 0x2a, 0x1d, 0x1d, 0x2a, 0x81, 0x1d,
  0x2a, 0x1d, 0x1d, 0x2a, 0x1d, 0x1d, 0x2a, 0x1d, 0x1d, 0x2a, 0x1d, 0x1d,
  0x2a, 0x1d, 0x1d, 0x2a, 0x81, 0x1d, 0x2a, 0x1d, 0x1d, 0x2a, 0x1d, 0x1d,
  0x2a, 0x1d, 0x1d, 0x2a, 0x81, 0x1d, 0x2a, 0x1d, 0x1d, 0x2a, 0x1d, 0x1d,
  0x2a, 0x1d, 0x1d, 0x2a, 0x81, 0x1d, 0x2a, 0x1d, 0x1d, 0x2a, 0x81, 0x1d,
  0x2a, 0x1d, 0x1d, 0x2a, 0x1d, 0x1d, 0x2a, 0x1d, 0x1d, 0x2a, 0x1d, 0x1d,
  0x2a, 0x1d, 0x1d, 0x2a, 0x1d, 0x1d, 0x2a, 0x1d, 0x1d, 0x2a, 0x47, 0x1d,
  0x2a, 0x1d, 0x1d, 0x2a, 0x1d, 0x1d, 0x2a, 0x1d, 0x1d, 0x2a, 0x1d, 0x1d,
  0x2a, 0x1d, 0x1d, 0x2a, 0x1d, 0x1d, 0x2a, 0x1d, 0x1d, 0x2a, 0x47, 0x1d,
  0x2a, 0x1d, 0x1d, 0x2a, 0x81, 0x1d, 0x2a, 0x1d, 0x1d, 0x2a, 0x47, 0x1d,
  0x2a, 0x1d, 0x1d, 0x2a, 0x1d, 0x1d, 0x2a, 0x1d, 0x1d, 0x2a, 0x47, 0x1d,
  0x2a, 0x1d, 0x1d, 0x2a, 0x1d, 0x1d, 0x2a, 0x1d, 0x1d, 0x2a, 0x47, 0x1d,
  0x2a, 0x1d, 0x1d, 0x2a, 0x47, 0x1d, 0x2a, 0x1d, 0x1d, 0x2a, 0x47, 0x1d,
  0x2a, 0x1d, 0x1d, 0x2a, 0x47, 0x1d, 0x2a, 0x1d, 0x1d, 0x2a, 0xfd, 0x8b,
  0x1d, 0x2a, 0x1d, 0x1d, 0x2a, 0x47, 0x1d, 0x2a, 0x1d, 0x1d, 0x2a, 0x47,
  0x1d, 0x2a, 0x1d, 0x1d, 0x2a, 0x47, 0x1d, 0x2a, 0x1d, 0x1d, 0x2a, 0x47,
  0x1d, 0x2a, 0x1d, 0x1d, 0x2a, 0x47, 0x1d, 0x2a, 0x1d, 0x1d, 0x2a, 0x47,
  0x1d, 0x2a, 0x1d, 0x1d, 0x2a, 0x47, 0x1d, 0x2a, 0x1d, 0x1d, 0x2a, 0xfd,
  0x8b, 0x1d, 0x2a, 0x1d, 0x1d, 0x2a, 0x47, 0x1d, 0x2a, 0x1d, 0x1d, 0x2a,
  0x47, 0x1d, 0x2a, 0x1d, 0x1d, 0x2a, 0x47, 0x1d, 0x2a, 0x1d, 0x1d, 0x2a,
  0x47, 0x1d, 0x2a, 0x1d, 0x1d, 0x2a, 0x01, 0x49, 0x2a, 0x1d, 0x1d, 0x2a,
  0x1d, 0x1d, 0x2a, 0x1d, 0x1d, 0x2a, 0x1d, 0x47, 0x2a, 0x1d, 0x1d, 0x2a,
  0x1d, 0x1d, 0x2a, 0x1d, 0x1d, 0x2a, 0x1d, 0x1d, 0x2a, 0x1d, 0x1d, 0x2a,
  0x1d, 0x1d, 0x2a, 0x1d, 0x1d, 0x2a, 0x1d, 0x47, 0x2a, 0x1d, 0x1d, 0x2a,
  0x1d, 0x1d, 0x2a, 0x1d, 0x1d, 0x2a, 0x1d, 0x1d, 0x2a, 0x1d, 0x1d, 0x2a,
  0x1d, 0x81, 0x2a, 0x1d, 0x1d, 0x2a, 0x1d, 0x1d, 0x2a, 0x1d, 0x1d, 0x2a,
  0x1d, 0x81, 0x2a, 0x1d, 0x1d, 0x2a, 0x1d, 0x1d, 0x2a, 0x1d, 0x1d, 0x2a,
  0x1d, 0x81, 0x2a, 0x1d, 0x1d, 0x2a, 0x1d, 0x81, 0x2a, 0x1d, 0x1d, 0x2a,
  0x1d, 0x1d, 0x2a, 0x1d, 0x1d, 0x2a, 0x1d, 0x47, 0x2a, 0x1d, 0x1d, 0x2a,
  0x1d, 0x1d, 0x2a, 0x1d, 0x1d, 0x2a, 0x1d, 0x47, 0x2a, 0x1d, 0x1d, 0x2a,
  0x1d, 0xe5, 0x2a, 0x1d, 0x1d, 0x2a, 0x1d, 0x81, 0x2a, 0x1d, 0x1d, 0x2a,
  0x1d, 0x1d, 0x2a, 0x1d, 0x1d, 0x2a, 0x1d, 0x1d, 0x2a, 0x1d, 0x1d, 0x2a,
  0x1d, 0x1d, 0x2a, 0x1d, 0x1d, 0x2a, 0x1d, 0x1d, 0x2a, 0x1d, 0x1d, 0x2a,
  0x1d, 0x81, 0x2a, 0x1d, 0x1d, 0x2a, 0x1d, 0x1d, 0x2a, 0x1d, 0x1d, 0x2a,
  0x1d, 0x1d, 0x2a, 0x1d, 0x1d, 0x2a, 0x1d, 0x1d, 0x2a, 0x1d, 0x1d, 0x2a,
  0x1d, 0x01, 0xad, 0x2a, 0x1d, 0x1d, 0x2a, 0x1d, 0x1d, 0x2a, 0x1d, 0x1d,
  0x2a, 0x1d, 0x47, 0x2a, 0x1d, 0x1d, 0x2a, 0x1d, 0x1d, 0x2a, 0x1d, 0x1d,
  0x2a, 0x1d, 0x47, 0x2a, 0x1d, 0x1d, 0x2a, 0x1d, 0x1d, 0x2a, 0x1d, 0x1d,
  0x2a, 0x1d, 0x81, 0x2a, 0x1d, 0x1d, 0x2a, 0x1d, 0x81, 0x2a, 0x1d, 0x1d,
  0x2a, 0x1d, 0x81, 0x2a, 0x1d, 0x1d, 0x2a, 0x1d, 0x47, 0x2a, 0x1d, 0x1d,
  0x2a, 0x1d, 0x1d, 0x2a, 0x1d, 0x1d, 0x2a, 0x1d, 0x1d, 0x2a, 0x1d, 0x1d,
  0x2a, 0x1d, 0xfe, 0x8d, 0x2a, 0x1d, 0x1d, 0x2a, 0x1d, 0x47, 0x2a, 0x1d,
  0x1d, 0x2a, 0x1d, 0x1d, 0x2a, 0x1d, 0x1d, 0x2a, 0x1d, 0x81, 0x2a, 0x1d,
  0x1d, 0x2a, 0x1d, 0x1d, 0x2a, 0x1d, 0x1d, 0x2a, 0x1d, 0x47, 0x2a, 0x1d,
  0x1d, 0x2a, 0x1d, 0x1d, 0x2a, 0x1d, 0x1d, 0x2a, 0x1d, 0x81, 0x2a, 0x1d,
  0x1d, 0x2a, 0x1d, 0x81, 0x2a, 0x1d, 0x1d, 0x2a, 0x1d, 0x81, 0x2a, 0x1d,
  0x1d, 0x2a, 0x1d, 0x81, 0x2a, 0x1d, 0x1d, 0x2a, 0x1d, 0xfe, 0xf1, 0x2a,
  0x1d, 0x1d, 0x2a, 0x1d, 0x81, 0x2a, 0x1d, 0x1d, 0x2a, 0x1d, 0x81, 0x2a,
  0x1d, 0x1d, 0x2a, 0x1d, 0x81, 0x2a, 0x1d, 0x1d, 0x2a, 0x1d, 0x1d, 0x2a,
  0x1d, 0x1d, 0x2a, 0x1d, 0x81, 0x2a, 0x1d, 0x1d, 0x2a, 0x1d, 0x81, 0x2a,
  0x1d, 0x1d, 0x2a, 0x1d, 0x47, 0x2a, 0x1d, 0x1d, 0x2a, 0x1d, 0x1d, 0x2a,
  0x1d, 0x1d, 0x2a, 0x1d, 0x81, 0x2a, 0x1d, 0x1d, 0x2a, 0x1d, 0x1d, 0x2a,
  0x1d, 0x1d, 0x2a, 0x1d, 0x1d, 0x2a, 0x1d, 0x1d, 0x2a, 0x1d, 0x1d, 0x2a,
  0x1d, 0x1d, 0x2a, 0x1d, 0x1d, 0x2a, 0x1d, 0x1d, 0x2a, 0x1d, 0xfb, 0xd1,
  0x2a, 0x1d, 0x1d, 0x2a, 0x1d, 0x47, 0x2a, 0x1d, 0x1d, 0x2a, 0x1d, 0x1d,
  0x2a, 0x1d, 0x1d, 0x2a, 0x1d, 0x1d, 0x2a, 0x1d, 0x1d, 0x2a, 0x1d, 0x1d,
  0x2a, 0x1d, 0x1d, 0x2a, 0x1d, 0x1d, 0x2a, 0x1d, 0x1d, 0x2a, 0x1d, 0x1d,
  0x2a, 0x1d, 0x1d, 0x2a, 0x1d, 0x1d, 0x2a, 0x1d, 0x1d, 0x2a, 0x1d, 0x81,
  0x2a, 0x1d, 0x1d, 0x2a, 0x1d, 0x1d, 0x2a, 0x1d, 0x1d, 0x2a, 0x1d, 0x1d,
  0x2a, 0x1d, 0x1d, 0x2a, 0x1d, 0x1d, 0x2a, 0x1d, 0x1d, 0x2a, 0x1d, 0x1d,
  0x2a, 0x1d, 0x1d, 0x2a, 0x1d, 0x00, 0x00, 0x00, 0x00, 0x2a, 0x00, 0x00,
  0x00, 0x00, 0x03, 0xe8, 0x05, 0x14, 0x00, 0x07, 0x00, 0x0f, 0x00, 0x17,
  0x00, 0x1f, 0x00, 0x27, 0x00, 0x2f, 0x00, 0x37, 0x00, 0x3f, 0x00, 0x47,
  0x00, 0x4f, 0x00, 0x57, 0x00, 0x5f, 0x00, 0x67, 0x00, 0x6f, 0x00, 0x77,
  0x00, 0x7f, 0x00, 0x87, 0x00, 0x8f, 0x00, 0x97, 0x00, 0x9f, 0x00, 0xa7,
  0x00, 0xaf, 0x00, 0xb7, 0x00, 0xbf, 0x00, 0xc7, 0x00, 0xcf, 0x00, 0xd7,
  0x00, 0xdf, 0x00, 0xe7, 0x00, 0xef, 0x00, 0xf7, 0x00, 0xff, 0x01, 0x07,
  0x01, 0x0f, 0x01, 0x17, 0x01, 0x1f, 0x01, 0x27, 0x01, 0x2f, 0x01, 0x37,
  0x01, 0x3f, 0x01, 0x47, 0x01, 0x4f, 0x00, 0x00, 0x24, 0x34, 0x36, 0x32,
  0x16, 0x14, 0x06, 0x22, 0x36, 0x34, 0x36, 0x32, 0x16, 0x14, 0x06, 0x22,
  0x26, 0x34, 0x36, 0x32, 0x16, 0x14, 0x06, 0x22, 0x36, 0x34, 0x36, 0x32,
  0x16, 0x14, 0x06, 0x22, 0x26, 0x34, 0x36, 0x32, 0x16, 0x14, 0x06, 0x22,
  0x36, 0x34, 0x36, 0x32, 0x16, 0x14, 0x06, 0x22, 0x26, 0x34, 0x36, 0x32,
  0x16, 0x14, 0x06, 0x22, 0x36, 0x34, 0x36, 0x32, 0x16, 0x14, 0x06, 0x22,
  0x26, 0x34, 0x36, 0x32, 0x16, 0x14, 0x06, 0x22, 0x36, 0x34, 0x36, 0x32,
  0x16, 0x14, 0x06, 0x22, 0x26, 0x34, 0x36, 0x32, 0x16, 0x14, 0x06, 0x22,
  0x36, 0x34, 0x36, 0x32, 0x16, 0x14, 0x06, 0x22, 0x26, 0x34, 0x36, 0x32,
  0x16, 0x14, 0x06, 0x22, 0x36, 0x34, 0x36, 0x32, 0x16, 0x14, 0x06, 0x22,
  0x26, 0x34, 0x36, 0x32, 0x16, 0x14, 0x06, 0x22, 0x36, 0x34, 0x36, 0x32,
  0x16, 0x14, 0x06, 0x22, 0x26, 0x34, 0x36, 0x32, 0x16, 0x14, 0x06, 0x22,
  0x36, 0x34, 0x36, 0x32, 0x16, 0x14, 0x06, 0x22, 0x26, 0x34, 0x36, 0x32,
  0x16, 0x14, 0x06, 0x22, 0x36, 0x34, 0x36, 0x32, 0x16, 0x14, 0x06, 0x22,
  0x26, 0x34, 0x36, 0x32, 0x16, 0x14, 0x06, 0x22, 0x36, 0x34, 0x36, 0x32,
  0x16, 0x14, 0x06, 0x22, 0x26, 0x34, 0x36, 0x32, 0x16, 0x14, 0x06, 0x22,
  0x36, 0x34, 0x36, 0x32, 0x16, 0x14, 0x06, 0x22, 0x26, 0x34, 0x36, 0x32,
  0x16, 0x14, 0x06, 0x22, 0x36, 0x34, 0x36, 0x32, 0x16, 0x14, 0x06, 0x22,
  0x36, 0x34, 0x36, 0x32, 0x16, 0x14, 0x06, 0x22, 0x06, 0x34, 0x36, 0x32,
  0x16, 0x14, 0x06, 0x22, 0x36, 0x34, 0x36, 0x32, 0x16, 0x14, 0x06, 0x22,
  0x06, 0x34, 0x36, 0x32, 0x16, 0x14, 0x06, 0x22, 0x36, 0x34, 0x36, 0x32,
  0x16, 0x14, 0x06, 0x22, 0x06, 0x34, 0x36, 0x32, 0x16, 0x14, 0x06, 0x22,
  0x36, 0x34, 0x36, 0x32, 0x16, 0x14, 0x06, 0x22, 0x06, 0x34, 0x36, 0x32,
  0x16, 0x14, 0x06, 0x22, 0x24, 0x34, 0x36, 0x32, 0x16, 0x14, 0x06, 0x22,
  0x06, 0x34, 0x36, 0x32, 0x16, 0x14, 0x06, 0x22, 0x26, 0x34, 0x36, 0x32,
  0x16, 0x14, 0x06, 0x22, 0x06, 0x34, 0x36, 0x32, 0x16, 0x14, 0x06, 0x22,
  0x26, 0x34, 0x36, 0x32, 0x16, 0x14, 0x06, 0x22, 0x06, 0x34, 0x36, 0x32,
  0x16, 0x14, 0x06, 0x22, 0x26, 0x34, 0x36, 0x32, 0x16, 0x14, 0x06, 0x22,
  0x06, 0x34, 0x36, 0x32, 0x16, 0x14, 0x06, 0x22, 0x01, 0x90, 0x1d, 0x2a,
  0x1d, 0x1d, 0x2a, 0x47, 0x1d, 0x2a, 0x1d, 0x1d, 0x2a, 0x81, 0x1d, 0x2a,
  0x1d, 0x1d, 0x2a, 0x47, 0x1d, 0x2a, 0x1d, 0x1d, 0x2a, 0x81, 0x1d, 0x2a,
  0x1d, 0x1d, 0x2a, 0x47, 0x1d, 0x2a, 0x1d, 0x1d, 0x2a, 0x81, 0x1d, 0x2a,
  0x1d, 0x1d, 0x2a, 0x47, 0x1d, 0x2a, 0x1d, 0x1d, 0x2a, 0x81, 0x1d, 0x2a,
  0x1d, 0x1d, 0x2a, 0x47, 0x1d, 0x2a, 0x1d, 0x1d, 0x2a, 0x81, 0x1d, 0x2a,
  0x1d, 0x1d, 0x2a, 0x47, 0x1d, 0x2a, 0x1d, 0x1d, 0x2a, 0x81, 0x1d, 0x2a,
  0x1d, 0x1d, 0x2a, 0x47, 0x1d, 0x2a, 0x1d, 0x1d, 0x2a, 0x81, 0x1d, 0x2a,
  0x1d, 0x1d, 0x2a, 0x47, 0x1d, 0x2a, 0x1d, 0x1d, 0x2a, 0x81, 0x1d, 0x2a,
  0x1d, 0x1d, 0x2a, 0x47, 0x1d, 0x2a, 0x1d, 0x1d, 0x2a, 0x81, 0x1d, 0x2a,
  0x1d, 0x1d, 0x2a, 0x47, 0x1d, 0x2a, 0x1d, 0x1d, 0x2a, 0x81, 0x1d, 0x2a,
  0x1d, 0x1d, 0x2a, 0x47, 0x1d, 0x2a, 0x1d, 0x1d, 0x2a, 0x81, 0x1d, 0x2a,
  0x1d, 0x1d, 0x2a, 0x47, 0x1d, 0x2a, 0x1d, 0x1d, 0x2a, 0x81, 0x1d, 0x2a,
  0x1d, 0x1d, 0x2a, 0x47, 0x1d, 0x2a, 0x1d, 0x1d, 0x2a, 0x47, 0x1d, 0x2a,
  0x1d, 0x1d, 0x2a, 0x1d, 0x1d, 0x2a, 0x1d, 0x1d, 0x2a, 0x47, 0x1d, 0x2a,
  0x1d, 0x1d, 0x2a, 0x1d, 0x1d, 0x2a, 0x1d, 0x1d, 0x2a, 0x47, 0x1d, 0x2a,
  0x1d, 0x1d, 0x2a, 0x1d, 0x1d, 0x2a, 0x1d, 0x1d, 0x2a, 0x47, 0x1d, 0x2a,
  0x1d, 0x1d, 0x2a, 0x1d, 0x1d, 0x2a, 0x1d, 0x1d, 0x2a, 0xfd, 0x8b, 0x1d,
  0x2a, 0x1d, 0x1d, 0x2a, 0x1d, 0x1d, 0x2a, 0x1d, 0x1d, 0x2a, 0x81, 0x1d,
  0x2a, 0x1d, 0x1d, 0x2a, 0x1d, 0x1d, 0x2a, 0x1d, 0x1d, 0x2a, 0x81, 0x1d,
  0x2a, 0x1d, 0x1d, 0x2a, 0x1d, 0x1d, 0x2a, 0x1d, 0x1d, 0x2a, 0x81, 0x1d,
  0x2a, 0x1d, 0x1d, 0x2a, 0x1d, 0x1d, 0x2a, 0x1d, 0x1d, 0x2a, 0x1d, 0x2a,
  0x1d, 0x1d, 0x2a, 0x1d, 0x1d, 0x2a, 0x1d, 0x1d, 0x2a, 0x1d, 0x81, 0x2a,
  0x1d, 0x1d, 0x2a, 0x1d, 0x1d, 0x2a, 0x1d, 0x1d, 0x2a, 0x1d, 0x81, 0x2a,
  0x1d, 0x1d, 0x2a, 0x1d, 0x1d, 0x2a, 0x1d, 0x1d, 0x2a, 0x1d, 0x81, 0x2a,
  0x1d, 0x1d, 0x2a, 0x1d, 0x1d, 0x2a, 0x1d, 0x1d, 0x2a, 0x1d, 0x81, 0x2a,
  0x1d, 0x1d, 0x2a, 0x1d, 0x1d, 0x2a, 0x1d, 0x1d, 0x2a, 0x1d, 0x81, 0x2a,
  0x1d, 0x1d, 0x2a, 0x1d, 0x1d, 0x2a, 0x1d, 0x1d, 0x2a, 0x1d, 0x81, 0x2a,
  0x1d, 0x1d, 0x2a, 0x1d, 0x1d, 0x2a, 0x1d, 0x1d, 0x2a, 0x1d, 0x81, 0x2a,
  0x1d, 0x1d, 0x2a, 0x1d, 0x1d, 0x2a, 0x1d, 0x1d, 0x2a, 0x1d, 0x81, 0x2a,
  0x1d, 0x1d, 0x2a, 0x1d, 0x1d, 0x2a, 0x1d, 0x1d, 0x2a, 0x1d, 0x81, 0x2a,
  0x1d, 0x1d, 0x2a, 0x1d, 0x1d, 0x2a, 0x1d, 0x1d, 0x2a, 0x1d, 0x81, 0x2a,
  0x1d, 0x1d, 0x2a, 0x1d, 0x1d, 0x2a, 0x1d, 0x1d, 0x2a, 0x1d, 0x81, 0x2a,
  0x1d, 0x1d, 0x2a, 0x1d, 0x1d, 0x2a, 0x1d, 0x1d, 0x2a, 0x1d, 0x81, 0x2a,
  0x1d, 0x1d, 0x2a, 0x1d, 0x1d, 0x2a, 0x1d, 0x1d, 0x2a, 0x1d, 0x1d, 0x2a,
  0x1d, 0x1d, 0x2a, 0x1d, 0x47, 0x2a, 0x1d, 0x1d, 0x2a, 0x1d, 0x81, 0x2a,
  0x1d, 0x1d, 0x2a, 0x1d, 0x47, 0x2a, 0x1d, 0x1d, 0x2a, 0x1d, 0x81, 0x2a,
  0x1d, 0x1d, 0x2a, 0x1d, 0x47, 0x2a, 0x1d, 0x1d, 0x2a, 0x1d, 0x81, 0x2a,
  0x1d, 0x1d, 0x2a, 0x1d, 0x47, 0x2a, 0x1d, 0x1d, 0x2a, 0x1d, 0x81, 0x2a,
  0x1d, 0x1d, 0x2a, 0x1d, 0x47, 0x2a, 0x1d, 0x1d, 0x2a, 0x1d, 0x81, 0x2a,
  0x1d, 0x1d, 0x2a, 0x1d, 0x47, 0x2a, 0x1d, 0x1d, 0x2a, 0x1d, 0x81, 0x2a,
  0x1d, 0x1d, 0x2a, 0x1d, 0x47, 0x2a, 0x1d, 0x1d, 0x2a, 0x1d, 0x81, 0x2a,
  0x1d, 0x1d, 0x2a, 0x1d, 0x47, 0x2a, 0x1d, 0x1d, 0x2a, 0x1d, 0x00, 0x00,
  0x00, 0x44, 0x00, 0x00, 0x00, 0x00, 0x04, 0x4c, 0x05, 0x14, 0x00, 0x07,
  0x00, 0x0f, 0x00, 0x17, 0x00, 0x1f, 0x00, 0x27, 0x00, 0x2f, 0x00, 0x37,
  0x00, 0x3f, 0x00, 0x47, 0x00, 0x4f, 0x00, 0x57, 0x00, 0x5f, 0x00, 0x67,
  0x00, 0x6f, 0x00, 0x77, 0x00, 0x7f, 0x00, 0x87, 0x00, 0x8f, 0x00, 0x97,
  0x00, 0x9f, 0x00, 0xa7, 0x00, 0xaf, 0x00, 0xb7, 0x00, 0xbf, 0x00, 0xc7,
  0x00, 0xcf, 0x00, 0xd7, 0x00, 0xdf, 0x00, 0xe7, 0x00, 0xef, 0x00, 0xf7,
  0x00, 0xff, 0x01, 0x07, 0x01, 0x0f, 0x01, 0x17, 0x01, 0x1f, 0x01, 0x27,
  0x01, 0x2f, 0x01, 0x37, 0x01, 0x3f, 0x01, 0x47, 0x01, 0x4f, 0x01, 0x57,
  0x01, 0x5f, 0x01, 0x67, 0x01, 0x6f, 0x01, 0x77, 0x01, 0x7f, 0x01, 0x87,
  0x01, 0x8f, 0x01, 0x97, 0x01, 0x9f, 0x01, 0xa7, 0x01, 0xaf, 0x01, 0xb7,
  0x01, 0xbf, 0x01, 0xc7, 0x01, 0xcf, 0x01, 0xd7, 0x01, 0xdf, 0x01, 0xe7,
  0x01, 0xef, 0x01, 0xf7, 0x01, 0xff, 0x02, 0x07, 0x02, 0x0f, 0x02, 0x17,
  0x02, 0x1f, 0x00, 0x00, 0x10, 0x34, 0x36, 0x32, 0x16, 0x14, 0x06, 0x22,
  0x06, 0x34, 0x36, 0x32, 0x16, 0x14, 0x06, 0x22, 0x06, 0x34, 0x36, 0x32,
  0x16, 0x14, 0x06, 0x22, 0x06, 0x34, 0x36, 0x32, 0x16, 0x14, 0x06, 0x22,
  0x06, 0x34, 0x36, 0x32, 0x16, 0x14, 0x06, 0x22, 0x36, 0x34, 0x36, 0x32,
  0x16, 0x14, 0x06, 0x22, 0x06, 0x34, 0x36, 0x32, 0x16, 0x14, 0x06, 0x22,
  0x06, 0x34, 0x36, 0x32, 0x16, 0x14, 0x06, 0x22, 0x36, 0x34, 0x36, 0x32,
  0x16, 0x14, 0x06, 0x22, 0x06, 0x34, 0x36, 0x32, 0x16, 0x14, 0x06, 0x22,
  0x06, 0x34, 0x36, 0x32, 0x16, 0x14, 0x06, 0x22, 0x36, 0x34, 0x36, 0x32,
  0x16, 0x14, 0x06, 0x22, 0x26, 0x34, 0x36, 0x32, 0x16, 0x14, 0x06, 0x22,
  0x06, 0x34, 0x36, 0x32, 0x16, 0x14, 0x06, 0x22, 0x36, 0x34, 0x36, 0x32,
  0x16, 0x14, 0x06, 0x22, 0x36, 0x34, 0x36, 0x32, 0x16, 0x14, 0x06, 0x22,
  0x26, 0x34, 0x36, 0x32, 0x16, 0x14, 0x06, 0x22, 0x26, 0x34, 0x36, 0x32,
  0x16, 0x14, 0x06, 0x22, 0x16, 0x34, 0x36, 0x32, 0x16, 0x14, 0x06, 0x22,
  0x26, 0x34, 0x36, 0x32, 0x16, 0x14, 0x06, 0x22, 0x16, 0x34, 0x36, 0x32,
  0x16, 0x14, 0x06, 0x22, 0x26, 0x34, 0x36, 0x32, 0x16, 0x14, 0x06, 0x22,
  0x36, 0x34, 0x36, 0x32, 0x16, 0x14, 0x06, 0x22, 0x26, 0x34, 0x36, 0x32,
  0x16, 0x14, 0x06, 0x22, 0x16, 0x34, 0x36, 0x32, 0x16, 0x14, 0x06, 0x22,
  0x36, 0x34, 0x36, 0x32, 0x16, 0x14, 0x06, 0x22, 0x26, 0x34, 0x36, 0x32,
  0x16, 0x14, 0x06, 0x22, 0x26, 0x34, 0x36, 0x32, 0x16, 0x14, 0x06, 0x22,
  0x24, 0x34, 0x36, 0x32, 0x16, 0x14, 0x06, 0x22, 0x26, 0x34, 0x36, 0x32,
  0x16, 0x14, 0x06, 0x22, 0x26, 0x34, 0x36, 0x32, 0x16, 0x14, 0x06, 0x22,
  0x26, 0x34, 0x36, 0x32, 0x16, 0x14, 0x06, 0x22, 0x26, 0x34, 0x36, 0x32,
  0x16, 0x14, 0x06, 0x22, 0x26, 0x34, 0x36, 0x32, 0x16, 0x14, 0x06, 0x22,
  0x36, 0x34, 0x36, 0x32, 0x16, 0x14, 0x06, 0x22, 0x26, 0x34, 0x36, 0x32,
  0x16, 0x14, 0x06, 0x22, 0x26, 0x34, 0x36, 0x32, 0x16, 0x14, 0x06, 0x22,
  0x36, 0x34, 0x36, 0x32, 0x16, 0x14, 0x06, 0x22, 0x26, 0x34, 0x36, 0x32,
  0x16, 0x14, 0x06, 0x22, 0x26, 0x34, 0x36, 0x32, 0x16, 0x14, 0x06, 0x22,
  0x36, 0x34, 0x36, 0x32, 0x16, 0x14, 0x06, 0x22, 0x26, 0x34, 0x36, 0x32,
  0x16, 0x14, 0x06, 0x22, 0x26, 0x34, 0x36, 0x32, 0x16, 0x14, 0x06, 0x22,
  0x36, 0x34, 0x36, 0x32, 0x16, 0x14, 0x06, 0x22, 0x26, 0x34, 0x36, 0x32,
  0x16, 0x14, 0x06, 0x22, 0x00, 0x34, 0x36, 0x32, 0x16, 0x14, 0x06, 0x22,
  0x06, 0x34, 0x36, 0x32, 0x16, 0x14, 0x06, 0x22, 0x06, 0x34, 0x36, 0x32,
  0x16, 0x14, 0x06, 0x22, 0x06, 0x34, 0x36, 0x32, 0x16, 0x14, 0x06, 0x22,
  0x06, 0x34, 0x36, 0x32, 0x16, 0x14, 0x06, 0x22, 0x36, 0x34, 0x36, 0x32,
  0x16, 0x14, 0x06, 0x22, 0x26, 0x34, 0x36, 0x32, 0x16, 0x14, 0x06, 0x22,
  0x26, 0x34, 0x36, 0x32, 0x16, 0x14, 0x06, 0x22, 0x26, 0x34, 0x36, 0x32,
  0x16, 0x14, 0x06, 0x22, 0x26, 0x34, 0x36, 0x32, 0x16, 0x14, 0x06, 0x22,
  0x26, 0x34, 0x36, 0x32, 0x16, 0x14, 0x06, 0x22, 0x26, 0x34, 0x36, 0x32,
  0x16, 0x14, 0x06, 0x22, 0x36, 0x34, 0x36, 0x32, 0x16, 0x14, 0x06, 0x22,
  0x26, 0x34, 0x36, 0x32, 0x16, 0x14, 0x06, 0x22, 0x26, 0x34, 0x36, 0x32,
  0x16, 0x14, 0x06, 0x22, 0x36, 0x34, 0x36, 0x32, 0x16, 0x14, 0x06, 0x22,
  0x26, 0x34, 0x36, 0x32, 0x16, 0x14, 0x06, 0x22, 0x26, 0x34, 0x36, 0x32,
  0x16, 0x14, 0x06, 0x22, 0x36, 0x34, 0x36, 0x32, 0x16, 0x14, 0x06, 0x22,
  0x26, 0x34, 0x36, 0x32, 0x16, 0x14, 0x06, 0x22, 0x26, 0x34, 0x36, 0x32,
  0x16, 0x14, 0x06, 0x22, 0x36, 0x34, 0x36, 0x32, 0x16, 0x14, 0x06, 0x22,
  0x26, 0x34, 0x36, 0x32, 0x16, 0x14, 0x06, 0x22, 0x1d, 0x2a, 0x1d, 0x1d,
  0x2a, 0x1d, 0x1d, 0x2a, 0x1d, 0x1d, 0x2a, 0x1d, 0x1d, 0x2a, 0x1d, 0x1d,
  0x2a, 0x1d, 0x1d, 0x2a, 0x1d, 0x1d, 0x2a, 0x1d, 0x1d, 0x2a, 0x1d, 0x1d,
  0x2a, 0x47, 0x1d, 0x2a, 0x1d, 0x1d, 0x2a, 0x1d, 0x1d, 0x2a, 0x1d, 0x1d,
  0x2a, 0x1d, 0x1d, 0x2a, 0x1d, 0x1d, 0x2a, 0x47, 0x1d, 0x2a, 0x1d, 0x1d,
  0x2a, 0x1d, 0x1d, 0x2a, 0x1d, 0x1d, 0x2a, 0x1d, 0x1d, 0x2a, 0x1d, 0x1d,
  0x2a, 0x47, 0x1d, 0x2a, 0x1d, 0x1d, 0x2a, 0x1d, 0x1d, 0x2a, 0x1d, 0x1d,
  0x2a, 0x1d, 0x1d, 0x2a, 0x1d, 0x1d, 0x2a, 0x47, 0x1d, 0x2a, 0x1d, 0x1d,
  0x2a, 0xab, 0x1d, 0x2a, 0x1d, 0x1d, 0x2a, 0x1d, 0x1d, 0x2a, 0x1d, 0x1d,
  0x2a, 0xe5, 0x1d, 0x2a, 0x1d, 0x1d, 0x2a, 0x47, 0x1d, 0x2a, 0x1d, 0x1d,
  0x2a, 0x1d, 0x1d, 0x2a, 0x1d, 0x1d, 0x2a, 0xab, 0x1d, 0x2a, 0x1d, 0x1d,
  0x2a, 0x1d, 0x1d, 0x2a, 0x1d, 0x1d, 0x2a, 0x47, 0x1d, 0x2a, 0x1d, 0x1d,
  0x2a, 0x81, 0x1d, 0x2a, 0x1d, 0x1d, 0x2a, 0x47, 0x1d, 0x2a, 0x1d, 0x1d,
  0x2a, 0x47, 0x1d, 0x2a, 0x1d, 0x1d, 0x2a, 0x1d, 0x1d, 0x2a, 0x1d, 0x1d,
  0x2a, 0x81, 0x1d, 0x2a, 0x1d, 0x1d, 0x2a, 0xfd, 0x27, 0x1d, 0x2a, 0x1d,
  0x1d, 0x2a, 0x1d, 0x1d, 0x2a, 0x1d, 0x1d, 0x2a, 0x1d, 0x1d, 0x2a, 0x1d,
  0x1d, 0x2a, 0x1d, 0x1d, 0x2a, 0x1d, 0x1d, 0x2a, 0x1d, 0x1d, 0x2a, 0x1d,
  0x1d, 0x2a, 0x81, 0x1d, 0x2a, 0x1d, 0x1d, 0x2a, 0x47, 0x1d, 0x2a, 0x1d,
  0x1d, 0x2a, 0x1d, 0x1d, 0x2a, 0x1d, 0x1d, 0x2a, 0x81, 0x1d, 0x2a, 0x1d,
  0x1d, 0x2a, 0x47, 0x1d, 0x2a, 0x1d, 0x1d, 0x2a, 0x1d, 0x1d, 0x2a, 0x1d,
  0x1d, 0x2a, 0x81, 0x1d, 0x2a, 0x1d, 0x1d, 0x2a, 0x47, 0x1d, 0x2a, 0x1d,
  0x1d, 0x2a, 0x1d, 0x1d, 0x2a, 0x1d, 0x1d, 0x2a, 0x81, 0x1d, 0x2a, 0x1d,
  0x1d, 0x2a, 0x47, 0x1d, 0x2a, 0x1d, 0x1d, 0x2a, 0x1d, 0x1d, 0x2a, 0x1d,
  0x1d, 0x2a, 0x03, 0x03, 0x1d, 0x2a, 0x1d, 0x1d, 0x2a, 0x1d, 0x1d, 0x2a,
  0x1d, 0x1d, 0x2a, 0x1d, 0x1d, 0x2a, 0x1d, 0x1d, 0x2a, 0x1d, 0x1d, 0x2a,
  0x1d, 0x1d, 0x2a, 0x1d, 0x1d, 0x2a, 0x1d, 0x1d, 0x2a, 0x47, 0x1d, 0x2a,
  0x1d, 0x1d, 0x2a, 0x1d, 0x1d, 0x2a, 0x1d, 0x1d, 0x2a, 0x1d, 0x1d, 0x2a,
  0x1d, 0x1d, 0x2a, 0x1d, 0x1d, 0x2a, 0x1d, 0x1d, 0x2a, 0x1d, 0x1d, 0x2a,
  0x1d, 0x1d, 0x2a, 0x1d, 0x1d, 0x2a, 0x1d, 0x1d, 0x2a, 0x81, 0x1d, 0x2a,
  0x1d, 0x1d, 0x2a, 0x47, 0x1d, 0x2a, 0x1d, 0x1d, 0x2a, 0x1d, 0x1d, 0x2a,
  0x1d, 0x1d, 0x2a, 0x81, 0x1d, 0x2a, 0x1d, 0x1d, 0x2a, 0x47, 0x1d, 0x2a,
  0x1d, 0x1d, 0x2a, 0x1d, 0x1d, 0x2a, 0x1d, 0x1d, 0x2a, 0x81, 0x1d, 0x2a,
  0x1d, 0x1d, 0x2a, 0x47, 0x1d, 0x2a, 0x1d, 0x1d, 0x2a, 0x1d, 0x1d, 0x2a,
  0x1d, 0x1d, 0x2a, 0x81, 0x1d, 0x2a, 0x1d, 0x1d, 0x2a, 0x47, 0x1d, 0x2a,
  0x1d, 0x1d, 0x2a, 0x1d, 0x1d, 0x2a, 0x1d, 0x1d, 0x2a, 0x03, 0x3d, 0x2a,
  0x1d, 0x1d, 0x2a, 0x1d, 0x47, 0x2a, 0x1d, 0x1d, 0x2a, 0x1d, 0x47, 0x2a,
  0x1d, 0x1d, 0x2a, 0x1d, 0x47, 0x2a, 0x1d, 0x1d, 0x2a, 0x1d, 0x47, 0x2a,
  0x1d, 0x1d, 0x2a, 0x1d, 0x1d, 0x2a, 0x1d, 0x1d, 0x2a, 0x1d, 0x47, 0x2a,
  0x1d, 0x1d, 0x2a, 0x1d, 0x47, 0x2a, 0x1d, 0x1d, 0x2a, 0x1d, 0x81, 0x2a,
  0x1d, 0x1d, 0x2a, 0x1d, 0x47, 0x2a, 0x1d, 0x1d, 0x2a, 0x1d, 0x47, 0x2a,
  0x1d, 0x1d, 0x2a, 0x1d, 0x1d, 0x2a, 0x1d, 0x1d, 0x2a, 0x1d, 0x81, 0x2a,
  0x1d, 0x1d, 0x2a, 0x1d, 0xab, 0x2a, 0x1d, 0x1d, 0x2a, 0x1d, 0x1d, 0x2a,
  0x1d, 0x1d, 0x2a, 0x1d, 0x1d, 0x2a, 0x1d, 0x1d, 0x2a, 0x1d, 0x81, 0x2a,
  0x1d, 0x1d, 0x2a, 0x1d, 0x1d, 0x2a, 0x1d, 0x1d, 0x2a, 0x1d, 0x47, 0x2a,
  0x1d, 0x1d, 0x2a, 0x1d, 0x81, 0x2a, 0x1d, 0x1d, 0x2a, 0x1d, 0x47, 0x2a,
  0x1d, 0x1d, 0x2a, 0x1d, 0x81, 0x2a, 0x1d, 0x1d, 0x2a, 0x1d, 0x81, 0x2a,
  0x1d, 0x1d, 0x2a, 0x1d, 0x1d, 0x2a, 0x1d, 0x1d, 0x2a, 0x1d, 0x47, 0x2a,
  0x1d, 0x1d, 0x2a, 0x1d, 0x81, 0x2a, 0x1d, 0x1d, 0x2a, 0x1d, 0x81, 0x2a,
  0x1d, 0x1d, 0x2a, 0x1d, 0x1d, 0x2a, 0x1d, 0x1d, 0x2a, 0x1d, 0xe5, 0x2a,
  0x1d, 0x1d, 0x2a, 0x1d, 0x81, 0x2a, 0x1d, 0x1d, 0x2a, 0x1d, 0x81, 0x2a,
  0x1d, 0x1d, 0x2a, 0x1d, 0x81, 0x2a, 0x1d, 0x1d, 0x2a, 0x1d, 0x1d, 0x2a,
  0x1d, 0x1d, 0x2a, 0x1d, 0x81, 0x2a, 0x1d, 0x1d, 0x2a, 0x1d, 0x1d, 0x2a,
  0x1d, 0x1d, 0x2a, 0x1d, 0x1d, 0x2a, 0x1d, 0x1d, 0x2a, 0x1d, 0x81, 0x2a,
  0x1d, 0x1d, 0x2a, 0x1d, 0x1d, 0x2a, 0x1d, 0x1d, 0x2a, 0x1d, 0x1d, 0x2a,
  0x1d, 0x1d, 0x2a, 0x1d, 0x81, 0x2a, 0x1d, 0x1d, 0x2a, 0x1d, 0x1d, 0x2a,
  0x1d, 0x1d, 0x2a, 0x1d, 0x1d, 0x2a, 0x1d, 0x1d, 0x2a, 0x1d, 0x81, 0x2a,
  0x1d, 0x1d, 0x2a, 0x1d, 0x1d, 0x2a, 0x1d, 0x1d, 0x2a, 0x1d, 0x1d, 0x2a,
  0x1d, 0x1d, 0x2a, 0x1d, 0xfe, 0x8d, 0x2a, 0x1d, 0x1d, 0x2a, 0x1d, 0x47,
  0x2a, 0x1d, 0x1d, 0x2a, 0x1d, 0x47, 0x2a, 0x1d, 0x1d, 0x2a, 0x1d, 0x47,
  0x2a, 0x1d, 0x1d, 0x2a, 0x1d, 0x47, 0x2a, 0x1d, 0x1d, 0x2a, 0x1d, 0x1d,
  0x2a, 0x1d, 0x1d, 0x2a, 0x1d, 0x81, 0x2a, 0x1d, 0x1d, 0x2a, 0x1d, 0x81,
  0x2a, 0x1d, 0x1d, 0x2a, 0x1d, 0x81, 0x2a, 0x1d, 0x1d, 0x2a, 0x1d, 0x81,
  0x2a, 0x1d, 0x1d, 0x2a, 0x1d, 0x1d, 0x2a, 0x1d, 0x1d, 0x2a, 0x1d, 0x81,
  0x2a, 0x1d, 0x1d, 0x2a, 0x1d, 0x1d, 0x2a, 0x1d, 0x1d, 0x2a, 0x1d, 0x1d,
  0x2a, 0x1d, 0x1d, 0x2a, 0x1d, 0x81, 0x2a, 0x1d, 0x1d, 0x2a, 0x1d, 0x1d,
  0x2a, 0x1d, 0x1d, 0x2a, 0x1d, 0x1d, 0x2a, 0x1d, 0x1d, 0x2a, 0x1d, 0x81,
  0x2a, 0x1d, 0x1d, 0x2a, 0x1d, 0x1d, 0x2a, 0x1d, 0x1d, 0x2a, 0x1d, 0x1d,
  0x2a, 0x1d, 0x1d, 0x2a, 0x1d, 0x81, 0x2a, 0x1d, 0x1d, 0x2a, 0x1d, 0x1d,
  0x2a, 0x1d, 0x1d, 0x2a, 0x1d, 0x1d, 0x2a, 0x1d, 0x1d, 0x2a, 0x1d, 0x00,
  0x00, 0x30, 0x00, 0x00, 0x00, 0x00, 0x03, 0xe8, 0x05, 0x14, 0x00, 0x07,
  0x00, 0x0f, 0x00, 0x17, 0x00, 0x1f, 0x00, 0x27, 0x00, 0x2f, 0x00, 0x37,
  0x00, 0x3f, 0x00, 0x47, 0x00, 0x4f, 0x00, 0x57, 0x00, 0x5f, 0x00, 0x67,
  0x00, 0x6f, 0x00, 0x77, 0x00, 0x7f, 0x00, 0x87, 0x00, 0x8f, 0x00, 0x97,
  0x00, 0x9f, 0x00, 0xa7, 0x00, 0xaf, 0x00, 0xb7, 0x00, 0xbf, 0x00, 0xc7,
  0x00, 0xcf, 0x00, 0xd7, 0x00, 0xdf, 0x00, 0xe7, 0x00, 0xef, 0x00, 0xf7,
  0x00, 0xff, 0x01, 0x07, 0x01, 0x0f, 0x01, 0x17, 0x01, 0x1f, 0x01, 0x27,
  0x01, 0x2f, 0x01, 0x37, 0x01, 0x3f, 0x01, 0x47, 0x01, 0x4f, 0x01, 0x57,
  0x01, 0x5f, 0x01, 0x67, 0x01, 0x6f, 0x01, 0x77, 0x01, 0x7f, 0x00, 0x00,
  0x00, 0x34, 0x36, 0x32, 0x16, 0x14, 0x06, 0x22, 0x36, 0x34, 0x36, 0x32,
  0x16, 0x14, 0x06, 0x22, 0x06, 0x34, 0x36, 0x32, 0x16, 0x14, 0x06, 0x22,
  0x36, 0x34, 0x36, 0x32, 0x16, 0x14, 0x06, 0x22, 0x06, 0x34, 0x36, 0x32,
  0x16, 0x14, 0x06, 0x22, 0x36, 0x34, 0x36, 0x32, 0x16, 0x14, 0x06, 0x22,
  0x06, 0x34, 0x36, 0x32, 0x16, 0x14, 0x06, 0x22, 0x36, 0x34, 0x36, 0x32,
  0x16, 0x14, 0x06, 0x22, 0x06, 0x34, 0x36, 0x32, 0x16, 0x14, 0x06, 0x22,
  0x36, 0x34, 0x36, 0x32, 0x16, 0x14, 0x06, 0x22, 0x06, 0x34, 0x36, 0x32,
  0x16, 0x14, 0x06, 0x22, 0x36, 0x34, 0x36, 0x32, 0x16, 0x14, 0x06, 0x22,
  0x06, 0x34, 0x36, 0x32, 0x16, 0x14, 0x06, 0x22, 0x36, 0x34, 0x36, 0x32,
  0x16, 0x14, 0x06, 0x22, 0x06, 0x34, 0x36, 0x32, 0x16, 0x14, 0x06, 0x22,
  0x36, 0x34, 0x36, 0x32, 0x16, 0x14, 0x06, 0x22, 0x06, 0x34, 0x36, 0x32,
  0x16, 0x14, 0x06, 0x22, 0x36, 0x34, 0x36, 0x32, 0x16, 0x14, 0x06, 0x22,
  0x24, 0x34, 0x36, 0x32, 0x16, 0x14, 0x06, 0x22, 0x36, 0x34, 0x36, 0x32,
  0x16, 0x14, 0x06, 0x22, 0x06, 0x34, 0x36, 0x32, 0x16, 0x14, 0x06, 0x22,
  0x36, 0x34, 0x36, 0x32, 0x16, 0x14, 0x06, 0x22, 0x06, 0x34, 0x36, 0x32,
  0x16, 0x14, 0x06, 0x22, 0x36, 0x34, 0x36, 0x32, 0x16, 0x14, 0x06, 0x22,
  0x02, 0x34, 0x36, 0x32, 0x16, 0x14, 0x06, 0x22, 0x36, 0x34, 0x36, 0x32,
  0x16, 0x14, 0x06, 0x22, 0x06, 0x34, 0x36, 0x32, 0x16, 0x14, 0x06, 0x22,
  0x36, 0x34, 0x36, 0x32, 0x16, 0x14, 0x06, 0x22, 0x06, 0x34, 0x36, 0x32,
  0x16, 0x14, 0x06, 0x22, 0x36, 0x34, 0x36, 0x32, 0x16, 0x14, 0x06, 0x22,
  0x02, 0x34, 0x36, 0x32, 0x16, 0x14, 0x06, 0x22, 0x36, 0x34, 0x36, 0x32,
  0x16, 0x14, 0x06, 0x22, 0x06, 0x34, 0x36, 0x32, 0x16, 0x14, 0x06, 0x22,
  0x36, 0x34, 0x36, 0x32, 0x16, 0x14, 0x06, 0x22, 0x06, 0x34, 0x36, 0x32,
  0x16, 0x14, 0x06, 0x22, 0x36, 0x34, 0x36, 0x32, 0x16, 0x14, 0x06, 0x22,
  0x12, 0x34, 0x36, 0x32, 0x16, 0x14, 0x06, 0x22, 0x36, 0x34, 0x36, 0x32,
  0x16, 0x14, 0x06, 0x22, 0x06, 0x34, 0x36, 0x32, 0x16, 0x14, 0x06, 0x22,
  0x36, 0x34, 0x36, 0x32, 0x16, 0x14, 0x06, 0x22, 0x00, 0x34, 0x36, 0x32,
  0x16, 0x14, 0x06, 0x22, 0x36, 0x34, 0x36, 0x32, 0x16, 0x14, 0x06, 0x22,
  0x06, 0x34, 0x36, 0x32, 0x16, 0x14, 0x06, 0x22, 0x36, 0x34, 0x36, 0x32,
  0x16, 0x14, 0x06, 0x22, 0x24, 0x34, 0x36, 0x32, 0x16, 0x14, 0x06, 0x22,
  0x36, 0x34, 0x36, 0x32, 0x16, 0x14, 0x06, 0x22, 0x06, 0x34, 0x36, 0x32,
  0x16, 0x14, 0x06, 0x22, 0x36, 0x34, 0x36, 0x32, 0x16, 0x14, 0x06, 0x22,
  0x02, 0xbc, 0x1d, 0x2a, 0x1d, 0x1d, 0x2a, 0x47, 0x1d, 0x2a, 0x1d, 0x1d,
  0x2a, 0x81, 0x1d, 0x2a, 0x1d, 0x1d, 0x2a, 0x47, 0x1d, 0x2a, 0x1d, 0x1d,
  0x2a, 0x81, 0x1d, 0x2a, 0x1d, 0x1d, 0x2a, 0x47, 0x1d, 0x2a, 0x1d, 0x1d,
  0x2a, 0xe5, 0x1d, 0x2a, 0x1d, 0x1d, 0x2a, 0x47, 0x1d, 0x2a, 0x1d, 0x1d,
  0x2a, 0x81, 0x1d, 0x2a, 0x1d, 0x1d, 0x2a, 0x47, 0x1d, 0x2a, 0x1d, 0x1d,
  0x2a, 0x81, 0x1d, 0x2a, 0x1d, 0x1d, 0x2a, 0x47, 0x1d, 0x2a, 0x1d, 0x1d,
  0x2a, 0xe5, 0x1d, 0x2a, 0x1d, 0x1d, 0x2a, 0x47, 0x1d, 0x2a, 0x1d, 0x1d,
  0x2a, 0x81, 0x1d, 0x2a, 0x1d, 0x1d, 0x2a, 0x47, 0x1d, 0x2a, 0x1d, 0x1d,
  0x2a, 0x81, 0x1d, 0x2a, 0x1d, 0x1d, 0x2a, 0x47, 0x1d, 0x2a, 0x1d, 0x1d,
  0x2a, 0xfe, 0xb7, 0x1d, 0x2a, 0x1d, 0x1d, 0x2a, 0x47, 0x1d, 0x2a, 0x1d,
  0x1d, 0x2a, 0x81, 0x1d, 0x2a, 0x1d, 0x1d, 0x2a, 0x47, 0x1d, 0x2a, 0x1d,
  0x1d, 0x2a, 0x81, 0x1d, 0x2a, 0x1d, 0x1d, 0x2a, 0x47, 0x1d, 0x2a, 0x1d,
  0x1d, 0x2a, 0xe5, 0x1d, 0x2a, 0x1d, 0x1d, 0x2a, 0x47, 0x1d, 0x2a, 0x1d,
  0x1d, 0x2a, 0x81, 0x1d, 0x2a, 0x1d, 0x1d, 0x2a, 0x47, 0x1d, 0x2a, 0x1d,
  0x1d, 0x2a, 0x81, 0x1d, 0x2a, 0x1d, 0x1d, 0x2a, 0x47, 0x1d, 0x2a, 0x1d,
  0x1d, 0x2a, 0xe5, 0x1d, 0x2a, 0x1d, 0x1d, 0x2a, 0x47, 0x1d, 0x2a, 0x1d,
  0x1d, 0x2a, 0x81, 0x1d, 0x2a, 0x1d, 0x1d, 0x2a, 0x47, 0x1d, 0x2a, 0x1d,
  0x1d, 0x2a, 0x81, 0x1d, 0x2a, 0x1d, 0x1d, 0x2a, 0x47, 0x1d, 0x2a, 0x1d,
  0x1d, 0x2a, 0xab, 0x1d, 0x2a, 0x1d, 0x1d, 0x2a, 0x47, 0x1d, 0x2a, 0x1d,
  0x1d, 0x2a, 0x81, 0x1d, 0x2a, 0x1d, 0x1d, 0x2a, 0x47, 0x1d, 0x2a, 0x1d,
  0x1d, 0x2a, 0x01, 0x0f, 0x1d, 0x2a, 0x1d, 0x1d, 0x2a, 0x47, 0x1d, 0x2a,
  0x1d, 0x1d, 0x2a, 0x81, 0x1d, 0x2a, 0x1d, 0x1d, 0x2a, 0x47, 0x1d, 0x2a,
  0x1d, 0x1d, 0x2a, 0xfc, 0x5f, 0x1d, 0x2a, 0x1d, 0x1d, 0x2a, 0x47, 0x1d,
  0x2a, 0x1d, 0x1d, 0x2a, 0x81, 0x1d, 0x2a, 0x1d, 0x1d, 0x2a, 0x47, 0x1d,
  0x2a, 0x1d, 0x1d, 0x2a, 0x04, 0x05, 0x2a, 0x1d, 0x1d, 0x2a, 0x1d, 0x1d,
  0x2a, 0x1d, 0x1d, 0x2a, 0x1d, 0x47, 0x2a, 0x1d, 0x1d, 0x2a, 0x1d, 0x1d,
  0x2a, 0x1d, 0x1d, 0x2a, 0x1d, 0x47, 0x2a, 0x1d, 0x1d, 0x2a, 0x1d, 0x1d,
  0x2a, 0x1d, 0x1d, 0x2a, 0x1d, 0x47, 0x2a, 0x1d, 0x1d, 0x2a, 0x1d, 0x1d,
  0x2a, 0x1d, 0x1d, 0x2a, 0x1d, 0x47, 0x2a, 0x1d, 0x1d, 0x2a, 0x1d, 0x1d,
  0x2a, 0x1d, 0x1d, 0x2a, 0x1d, 0x47, 0x2a, 0x1d, 0x1d, 0x2a, 0x1d, 0x1d,
  0x2a, 0x1d, 0x1d, 0x2a, 0x1d, 0x47, 0x2a, 0x1d, 0x1d, 0x2a, 0x1d, 0x1d,
  0x2a, 0x1d, 0x1d, 0x2a, 0x1d, 0x47, 0x2a, 0x1d, 0x1d, 0x2a, 0x1d, 0x1d,
  0x2a, 0x1d, 0x1d, 0x2a, 0x1d, 0x47, 0x2a, 0x1d, 0x1d, 0x2a, 0x1d, 0x1d,
  0x2a, 0x1d, 0x1d, 0x2a, 0x1d, 0xe5, 0x2a, 0x1d, 0x1d, 0x2a, 0x1d, 0x1d,
  0x2a, 0x1d, 0x1d, 0x2a, 0x1d, 0x47, 0x2a, 0x1d, 0x1d, 0x2a, 0x1d, 0x1d,
  0x2a, 0x1d, 0x1d, 0x2a, 0x1d, 0x47, 0x2a, 0x1d, 0x1d, 0x2a, 0x1d, 0x1d,
  0x2a, 0x1d, 0x1d, 0x2a, 0x1d, 0x02, 0x11, 0x2a, 0x1d, 0x1d, 0x2a, 0x1d,
  0x1d, 0x2a, 0x1d, 0x1d, 0x2a, 0x1d, 0x47, 0x2a, 0x1d, 0x1d, 0x2a, 0x1d,
  0x1d, 0x2a, 0x1d, 0x1d, 0x2a, 0x1d, 0x47, 0x2a, 0x1d, 0x1d, 0x2a, 0x1d,
  0x1d, 0x2a, 0x1d, 0x1d, 0x2a, 0x1d, 0x02, 0x11, 0x2a, 0x1d, 0x1d, 0x2a,
  0x1d, 0x1d, 0x2a, 0x1d, 0x1d, 0x2a, 0x1d, 0x47, 0x2a, 0x1d, 0x1d, 0x2a,
  0x1d, 0x1d, 0x2a, 0x1d, 0x1d, 0x2a, 0x1d, 0x47, 0x2a, 0x1d, 0x1d, 0x2a,
  0x1d, 0x1d, 0x2a, 0x1d, 0x1d, 0x2a, 0x1d, 0xfd, 0x61, 0x2a, 0x1d, 0x1d,
  0x2a, 0x1d, 0x1d, 0x2a, 0x1d, 0x1d, 0x2a, 0x1d, 0x47, 0x2a, 0x1d, 0x1d,
  0x2a, 0x1d, 0x1d, 0x2a, 0x1d, 0x1d, 0x2a, 0x1d, 0x04, 0xcd, 0x2a, 0x1d,
  0x1d, 0x2a, 0x1d, 0x1d, 0x2a, 0x1d, 0x1d, 0x2a, 0x1d, 0x47, 0x2a, 0x1d,
  0x1d, 0x2a, 0x1d, 0x1d, 0x2a, 0x1d, 0x1d, 0x2a, 0x1d, 0x81, 0x2a, 0x1d,
  0x1d, 0x2a, 0x1d, 0x1d, 0x2a, 0x1d, 0x1d, 0x2a, 0x1d, 0x47, 0x2a, 0x1d,
  0x1d, 0x2a, 0x1d, 0x1d, 0x2a, 0x1d, 0x1d, 0x2a, 0x1d, 0x00, 0x00, 0x00,
  0x00, 0x56, 0x00, 0x00, 0x00, 0x00, 0x06, 0x40, 0x05, 0x14, 0x00, 0x07,
  0x00, 0x0f, 0x00, 0x17, 0x00, 0x1f, 0x00, 0x27, 0x00, 0x2f, 0x00, 0x37,
  0x00, 0x3f, 0x00, 0x47, 0x00, 0x4f, 0x00, 0x57, 0x00, 0x5f, 0x00, 0x67,
  0x00, 0x6f, 0x00, 0x77, 0x00, 0x7f, 0x00, 0x87, 0x00, 0x8f, 0x00, 0x97,
  0x00, 0x9f, 0x00, 0xa7, 0x00, 0xaf, 0x00, 0xb7, 0x00, 0xbf, 0x00, 0xc7,
  0x00, 0xcf, 0x00, 0xd7, 0x00, 0xdf, 0x00, 0xe7, 0x00, 0xef, 0x00, 0xf7,
  0x00, 0xff, 0x01, 0x07, 0x01, 0x0f, 0x01, 0x17, 0x01, 0x1f, 0x01, 0x27,
  0x01, 0x2f, 0x01, 0x37, 0x01, 0x3f, 0x01, 0x47, 0x01, 0x4f, 0x01, 0x57,
  0x01, 0x5f, 0x01, 0x67, 0x01, 0x6f, 0x01, 0x77, 0x01, 0x7f, 0x01, 0x87,
  0x01, 0x8f, 0x01, 0x97, 0x01, 0x9f, 0x01, 0xa7, 0x01, 0xaf, 0x01, 0xb7,
  0x01, 0xbf, 0x01, 0xc7, 0x01, 0xcf, 0x01, 0xd7, 0x01, 0xdf, 0x01, 0xe7,
  0x01, 0xef, 0x01, 0xf7, 0x01, 0xff, 0x02, 0x07, 0x02, 0x0f, 0x02, 0x17,
  0x02, 0x1f, 0x02, 0x27, 0x02, 0x2f, 0x02, 0x37, 0x02, 0x3f, 0x02, 0x47,
  0x02, 0x4f, 0x02, 0x57, 0x02, 0x5f, 0x02, 0x67, 0x02, 0x6f, 0x02, 0x77,
  0x02, 0x7f, 0x02, 0x87, 0x02, 0x8f, 0x02, 0x97, 0x02, 0x9f, 0x02, 0xa7,
  0x02, 0xaf, 0x00, 0x00, 0x10, 0x34, 0x36, 0x32, 0x16, 0x14, 0x06, 0x22,
  0x36, 0x34, 0x36, 0x32, 0x16, 0x14, 0x06, 0x22, 0x06, 0x34, 0x36, 0x32,
  0x16, 0x14, 0x06, 0x22, 0x26, 0x34, 0x36, 0x32, 0x16, 0x14, 0x06, 0x22,
  0x16, 0x34, 0x36, 0x32, 0x16, 0x14, 0x06, 0x22, 0x06, 0x34, 0x36, 0x32,
  0x16, 0x14, 0x06, 0x22, 0x06, 0x34, 0x36, 0x32, 0x16, 0x14, 0x06, 0x22,
  0x36, 0x34, 0x36, 0x32, 0x16, 0x14, 0x06, 0x22, 0x26, 0x34, 0x36, 0x32,
  0x16, 0x14, 0x06, 0x22, 0x26, 0x34, 0x36, 0x32, 0x16, 0x14, 0x06, 0x22,
  0x02, 0x34, 0x36, 0x32, 0x16, 0x14, 0x06, 0x22, 0x06, 0x34, 0x36, 0x32,
  0x16, 0x14, 0x06, 0x22, 0x06, 0x34, 0x36, 0x32, 0x16, 0x14, 0x06, 0x22,
  0x36, 0x34, 0x36, 0x32, 0x16, 0x14, 0x06, 0x22, 0x26, 0x34, 0x36, 0x32,
  0x16, 0x14, 0x06, 0x22, 0x26, 0x34, 0x36, 0x32, 0x16, 0x14, 0x06, 0x22,
  0x02, 0x34, 0x36, 0x32, 0x16, 0x14, 0x06, 0x22, 0x06, 0x34, 0x36, 0x32,
  0x16, 0x14, 0x06, 0x22, 0x06, 0x34, 0x36, 0x32, 0x16, 0x14, 0x06, 0x22,
  0x36, 0x34, 0x36, 0x32, 0x16, 0x14, 0x06, 0x22, 0x26, 0x34, 0x36, 0x32,
  0x16, 0x14, 0x06, 0x22, 0x26, 0x34, 0x36, 0x32, 0x16, 0x14, 0x06, 0x22,
  0x36, 0x34, 0x36, 0x32, 0x16, 0x14, 0x06, 0x22, 0x06, 0x34, 0x36, 0x32,
  0x16, 0x14, 0x06, 0x22, 0x06, 0x34, 0x36, 0x32, 0x16, 0x14, 0x06, 0x22,
  0x06, 0x34, 0x36, 0x32, 0x16, 0x14, 0x06, 0x22, 0x06, 0x34, 0x36, 0x32,
  0x16, 0x14, 0x06, 0x22, 0x36, 0x34, 0x36, 0x32, 0x16, 0x14, 0x06, 0x22,
  0x26, 0x34, 0x36, 0x32, 0x16, 0x14, 0x06, 0x22, 0x02, 0x34, 0x36, 0x32,
  0x16, 0x14, 0x06, 0x22, 0x26, 0x34, 0x36, 0x32, 0x16, 0x14, 0x06, 0x22,
  0x26, 0x34, 0x36, 0x32, 0x16, 0x14, 0x06, 0x22, 0x36, 0x34, 0x36, 0x32,
  0x16, 0x14, 0x06, 0x22, 0x06, 0x34, 0x36, 0x32, 0x16, 0x14, 0x06, 0x22,
  0x06, 0x34, 0x36, 0x32, 0x16, 0x14, 0x06, 0x22, 0x02, 0x34, 0x36, 0x32,
  0x16, 0x14, 0x06, 0x22, 0x36, 0x34, 0x36, 0x32, 0x16, 0x14, 0x06, 0x22,
  0x36, 0x34, 0x36, 0x32, 0x16, 0x14, 0x06, 0x22, 0x36, 0x34, 0x36, 0x32,
  0x16, 0x14, 0x06, 0x22, 0x26, 0x34, 0x36, 0x32, 0x16, 0x14, 0x06, 0x22,
  0x26, 0x34, 0x36, 0x32, 0x16, 0x14, 0x06, 0x22, 0x26, 0x34, 0x36, 0x32,
  0x16, 0x14, 0x06, 0x22, 0x26, 0x34, 0x36, 0x32, 0x16, 0x14, 0x06, 0x22,
  0x26, 0x34, 0x36, 0x32, 0x16, 0x14, 0x06, 0x22, 0x36, 0x34, 0x36, 0x32,
  0x16, 0x14, 0x06, 0x22, 0x36, 0x34, 0x36, 0x32, 0x16, 0x14, 0x06, 0x22,
  0x36, 0x34, 0x36, 0x32, 0x16, 0x14, 0x06, 0x22, 0x26, 0x34, 0x36, 0x32,
  0x16, 0x14, 0x06, 0x22, 0x36, 0x34, 0x36, 0x32, 0x16, 0x14, 0x06, 0x22,
  0x26, 0x34, 0x36, 0x32, 0x16, 0x14, 0x06, 0x22, 0x26, 0x34, 0x36, 0x32,
  0x16, 0x14, 0x06, 0x22, 0x12, 0x34, 0x36, 0x32, 0x16, 0x14, 0x06, 0x22,
  0x06, 0x34, 0x36, 0x32, 0x16, 0x14, 0x06, 0x22, 0x06, 0x34, 0x36, 0x32,
  0x16, 0x14, 0x06, 0x22, 0x36, 0x34, 0x36, 0x32, 0x16, 0x14, 0x06, 0x22,
  0x26, 0x34, 0x36, 0x32, 0x16, 0x14, 0x06, 0x22, 0x26, 0x34, 0x36, 0x32,
  0x16, 0x14, 0x06, 0x22, 0x02, 0x34, 0x36, 0x32, 0x16, 0x14, 0x06, 0x22,
  0x06, 0x34, 0x36, 0x32, 0x16, 0x14, 0x06, 0x22, 0x06, 0x34, 0x36, 0x32,
  0x16, 0x14, 0x06, 0x22, 0x06, 0x34, 0x36, 0x32, 0x16, 0x14, 0x06, 0x22,
  0x06, 0x34, 0x36, 0x32, 0x16, 0x14, 0x06, 0x22, 0x36, 0x34, 0x36, 0x32,
  0x16, 0x14, 0x06, 0x22, 0x26, 0x34, 0x36, 0x32, 0x16, 0x14, 0x06, 0x22,
  0x26, 0x34, 0x36, 0x32, 0x16, 0x14, 0x06, 0x22, 0x26, 0x34, 0x36, 0x32,
  0x16, 0x14, 0x06, 0x22, 0x26, 0x34, 0x36, 0x32, 0x16, 0x14, 0x06, 0x22,
  0x36, 0x34, 0x36, 0x32, 0x16, 0x14, 0x06, 0x22, 0x06, 0x34, 0x36, 0x32,
  0x16, 0x14, 0x06, 0x22, 0x06, 0x34, 0x36, 0x32, 0x16, 0x14, 0x06, 0x22,
  0x02, 0x34, 0x36, 0x32, 0x16, 0x14, 0x06, 0x22, 0x26, 0x34, 0x36, 0x32,
  0x16, 0x14, 0x06, 0x22, 0x26, 0x34, 0x36, 0x32, 0x16, 0x14, 0x06, 0x22,
  0x36, 0x34, 0x36, 0x32, 0x16, 0x14, 0x06, 0x22, 0x06, 0x34, 0x36, 0x32,
  0x16, 0x14, 0x06, 0x22, 0x06, 0x34, 0x36, 0x32, 0x16, 0x14, 0x06, 0x22,
  0x02, 0x34, 0x36, 0x32, 0x16, 0x14, 0x06, 0x22, 0x26, 0x34, 0x36, 0x32,
  0x16, 0x14, 0x06, 0x22, 0x26, 0x34, 0x36, 0x32, 0x16, 0x14, 0x06, 0x22,
  0x36, 0x34, 0x36, 0x32, 0x16, 0x14, 0x06, 0x22, 0x06, 0x34, 0x36, 0x32,
  0x16, 0x14, 0x06, 0x22, 0x06, 0x34, 0x36, 0x32, 0x16, 0x14, 0x06, 0x22,
  0x02, 0x34, 0x36, 0x32, 0x16, 0x14, 0x06, 0x22, 0x36, 0x34, 0x36, 0x32,
  0x16, 0x14, 0x06, 0x22, 0x26, 0x34, 0x36, 0x32, 0x16, 0x14, 0x06, 0x22,
  0x26, 0x34, 0x36, 0x32, 0x16, 0x14, 0x06, 0x22, 0x1d, 0x2a, 0x1d, 0x1d,
  0x2a, 0x47, 0x1d, 0x2a, 0x1d, 0x1d, 0x2a, 0x1d, 0x1d, 0x2a, 0x1d, 0x1d,
  0x2a, 0x81, 0x1d, 0x2a, 0x1d, 0x1d, 0x2a, 0x47, 0x1d, 0x2a, 0x1d, 0x1d,
  0x2a, 0x1d, 0x1d, 0x2a, 0x1d, 0x1d, 0x2a, 0x1d, 0x1d, 0x2a, 0x1d, 0x1d,
  0x2a, 0x47, 0x1d, 0x2a, 0x1d, 0x1d, 0x2a, 0x1d, 0x1d, 0x2a, 0x1d, 0x1d,
  0x2a, 0x1d, 0x1d, 0x2a, 0x1d, 0x1d, 0x2a, 0x1d, 0x1d, 0x2a, 0x1d, 0x1d,
  0x2a, 0x1d, 0x1d, 0x2a, 0x1d, 0x1d, 0x2a, 0x1d, 0x1d, 0x2a, 0x1d, 0x1d,
  0x2a, 0x47, 0x1d, 0x2a, 0x1d, 0x1d, 0x2a, 0x1d, 0x1d, 0x2a, 0x1d, 0x1d,
  0x2a, 0x1d, 0x1d, 0x2a, 0x1d, 0x1d, 0x2a, 0x1d, 0x1d, 0x2a, 0x1d, 0x1d,
  0x2a, 0x1d, 0x1d, 0x2a, 0x1d, 0x1d, 0x2a, 0x1d, 0x1d, 0x2a, 0x1d, 0x1d,
  0x2a, 0x47, 0x1d, 0x2a, 0x1d, 0x1d, 0x2a, 0x1d, 0x1d, 0x2a, 0x1d, 0x1d,
  0x2a, 0x1d, 0x1d, 0x2a, 0x1d, 0x1d, 0x2a, 0x47, 0x1d, 0x2a, 0x1d, 0x1d,
  0x2a, 0x1d, 0x1d, 0x2a, 0x1d, 0x1d, 0x2a, 0x1d, 0x1d, 0x2a, 0x1d, 0x1d,
  0x2a, 0x81, 0x1d, 0x2a, 0x1d, 0x1d, 0x2a, 0x1d, 0x1d, 0x2a, 0x1d, 0x1d,
  0x2a, 0x47, 0x1d, 0x2a, 0x1d, 0x1d, 0x2a, 0x1d, 0x1d, 0x2a, 0x1d, 0x1d,
  0x2a, 0x1d, 0x1d, 0x2a, 0x1d, 0x1d, 0x2a, 0x1d, 0x1d, 0x2a, 0x1d, 0x1d,
  0x2a, 0x1d, 0x1d, 0x2a, 0x1d, 0x1d, 0x2a, 0x47, 0x1d, 0x2a, 0x1d, 0x1d,
  0x2a, 0x1d, 0x1d, 0x2a, 0x1d, 0x1d, 0x2a, 0x1d, 0x1d, 0x2a, 0x1d, 0x1d,
  0x2a, 0x1d, 0x1d, 0x2a, 0x1d, 0x1d, 0x2a, 0x47, 0x1d, 0x2a, 0x1d, 0x1d,
  0x2a, 0x47, 0x1d, 0x2a, 0x1d, 0x1d, 0x2a, 0x47, 0x1d, 0x2a, 0x1d, 0x1d,
  0x2a, 0x1d, 0x1d, 0x2a, 0x1d, 0x1d, 0x2a, 0x81, 0x1d, 0x2a, 0x1d, 0x1d,
  0x2a, 0x81, 0x1d, 0x2a, 0x1d, 0x1d, 0x2a, 0x81, 0x1d, 0x2a, 0x1d, 0x1d,
  0x2a, 0x1d, 0x1d, 0x2a, 0x1d, 0x1d, 0x2a, 0x47, 0x1d, 0x2a, 0x1d, 0x1d,
  0x2a, 0x47, 0x1d, 0x2a, 0x1d, 0x1d, 0x2a, 0x47, 0x1d, 0x2a, 0x1d, 0x1d,
  0x2a, 0xe5, 0x1d, 0x2a, 0x1d, 0x1d, 0x2a, 0x47, 0x1d, 0x2a, 0x1d, 0x1d,
  0x2a, 0x1d, 0x1d, 0x2a, 0x1d, 0x1d, 0x2a, 0x81, 0x1d, 0x2a, 0x1d, 0x1d,
  0x2a, 0xab, 0x1d, 0x2a, 0x1d, 0x1d, 0x2a, 0x1d, 0x1d, 0x2a, 0x1d, 0x1d,
  0x2a, 0x1d, 0x1d, 0x2a, 0x1d, 0x1d, 0x2a, 0x47, 0x1d, 0x2a, 0x1d, 0x1d,
  0x2a, 0x1d, 0x1d, 0x2a, 0x1d, 0x1d, 0x2a, 0x1d, 0x1d, 0x2a, 0x1d, 0x1d,
  0x2a, 0x1d, 0x1d, 0x2a, 0x1d, 0x1d, 0x2a, 0x1d, 0x1d, 0x2a, 0x1d, 0x1d,
  0x2a, 0x1d, 0x1d, 0x2a, 0x1d, 0x1d, 0x2a, 0x1d, 0x1d, 0x2a, 0x1d, 0x1d,
  0x2a, 0x1d, 0x1d, 0x2a, 0x1d, 0x1d, 0x2a, 0x47, 0x1d, 0x2a, 0x1d, 0x1d,
  0x2a, 0x1d, 0x1d, 0x2a, 0x1d, 0x1d, 0x2a, 0x1d, 0x1d, 0x2a, 0x1d, 0x1d,
  0x2a, 0x1d, 0x1d, 0x2a, 0x1d, 0x1d, 0x2a, 0x1d, 0x1d, 0x2a, 0x1d, 0x1d,
  0x2a, 0x47, 0x1d, 0x2a, 0x1d, 0x1d, 0x2a, 0x1d, 0x1d, 0x2a, 0x1d, 0x1d,
  0x2a, 0x1d, 0x1d, 0x2a, 0x1d, 0x1d, 0x2a, 0x1d, 0x1d, 0x2a, 0x1d, 0x1d,
  0x2a, 0x1d, 0x1d, 0x2a, 0x1d, 0x1d, 0x2a, 0x1d, 0x1d, 0x2a, 0x1d, 0x1d,
  0x2a, 0x47, 0x1d, 0x2a, 0x1d, 0x1d, 0x2a, 0x1d, 0x1d, 0x2a, 0x1d, 0x1d,
  0x2a, 0x1d, 0x1d, 0x2a, 0x1d, 0x1d, 0x2a, 0x1d, 0x1d, 0x2a, 0x1d, 0x1d,
  0x2a, 0x1d, 0x1d, 0x2a, 0x1d, 0x1d, 0x2a, 0x1d, 0x1d, 0x2a, 0x1d, 0x1d,
  0x2a, 0x47, 0x1d, 0x2a, 0x1d, 0x1d, 0x2a, 0x1d, 0x1d, 0x2a, 0x1d, 0x1d,
  0x2a, 0x1d, 0x1d, 0x2a, 0x1d, 0x1d, 0x2a, 0x1d, 0x1d, 0x2a, 0x1d, 0x1d,
  0x2a, 0x47, 0x1d, 0x2a, 0x1d, 0x1d, 0x2a, 0x1d, 0x1d, 0x2a, 0x1d, 0x1d,
  0x2a, 0x81, 0x1d, 0x2a, 0x1d, 0x1d, 0x2a, 0x04, 0xcd, 0x2a, 0x1d, 0x1d,
  0x2a, 0x1d, 0x1d, 0x2a, 0x1d, 0x1d, 0x2a, 0x1d, 0x47, 0x2a, 0x1d, 0x1d,
  0x2a, 0x1d, 0x1d, 0x2a, 0x1d, 0x1d, 0x2a, 0x1d, 0x47, 0x2a, 0x1d, 0x1d,
  0x2a, 0x1d, 0x47, 0x2a, 0x1d, 0x1d, 0x2a, 0x1d, 0x47, 0x2a, 0x1d, 0x1d,
  0x2a, 0x1d, 0x1d, 0x2a, 0x1d, 0x1d, 0x2a, 0x1d, 0x81, 0x2a, 0x1d, 0x1d,
  0x2a, 0x1d, 0x81, 0x2a, 0x1d, 0x1d, 0x2a, 0x1d, 0xfe, 0xf1, 0x2a, 0x1d,
  0x1d, 0x2a, 0x1d, 0x47, 0x2a, 0x1d, 0x1d, 0x2a, 0x1d, 0x47, 0x2a, 0x1d,
  0x1d, 0x2a, 0x1d, 0x1d, 0x2a, 0x1d, 0x1d, 0x2a, 0x1d, 0x81, 0x2a, 0x1d,
  0x1d, 0x2a, 0x1d, 0x81, 0x2a, 0x1d, 0x1d, 0x2a, 0x1d, 0xfe, 0xf1, 0x2a,
  0x1d, 0x1d, 0x2a, 0x1d, 0x47, 0x2a, 0x1d, 0x1d, 0x2a, 0x1d, 0x47, 0x2a,
  0x1d, 0x1d, 0x2a, 0x1d, 0x1d, 0x2a, 0x1d, 0x1d, 0x2a, 0x1d, 0x81, 0x2a,
  0x1d, 0x1d, 0x2a, 0x1d, 0x81, 0x2a, 0x1d, 0x1d, 0x2a, 0x1d, 0x1d, 0x2a,
  0x1d, 0x1d, 0x2a, 0x1d, 0x47, 0x2a, 0x1d, 0x1d, 0x2a, 0x1d, 0x47, 0x2a,
  0x1d, 0x1d, 0x2a, 0x1d, 0x47, 0x2a, 0x1d, 0x1d, 0x2a, 0x1d, 0x47, 0x2a,
  0x1d, 0x1d, 0x2a, 0x1d, 0x1d, 0x2a, 0x1d, 0x1d, 0x2a, 0x1d, 0x81, 0x2a,
  0x1d, 0x1d, 0x2a, 0x1d, 0x01, 0xad, 0x2a, 0x1d, 0x1d, 0x2a, 0x1d, 0x81,
  0x2a, 0x1d, 0x1d, 0x2a, 0x1d, 0x81, 0x2a, 0x1d, 0x1d, 0x2a, 0x1d, 0x1d,
  0x2a, 0x1d, 0x1d, 0x2a, 0x1d, 0x47, 0x2a, 0x1d, 0x1d, 0x2a, 0x1d, 0x47,
  0x2a, 0x1d, 0x1d, 0x2a, 0x1d, 0x01, 0x49, 0x2a, 0x1d, 0x1d, 0x2a, 0x1d,
  0x1d, 0x2a, 0x1d, 0x1d, 0x2a, 0x1d, 0x1d, 0x2a, 0x1d, 0x1d, 0x2a, 0x1d,
  0x1d, 0x2a, 0x1d, 0x1d, 0x2a, 0x1d, 0x81, 0x2a, 0x1d, 0x1d, 0x2a, 0x1d,
  0x1d, 0x2a, 0x1d, 0x1d, 0x2a, 0x1d, 0x1d, 0x2a, 0x1d, 0x1d, 0x2a, 0x1d,
  0x1d, 0x2a, 0x1d, 0x1d, 0x2a, 0x1d, 0x81, 0x2a, 0x1d, 0x1d, 0x2a, 0x1d,
  0x1d, 0x2a, 0x1d, 0x1d, 0x2a, 0x1d, 0x1d, 0x2a, 0x1d, 0x1d, 0x2a, 0x1d,
  0x1d, 0x2a, 0x1d, 0x1d, 0x2a, 0x1d, 0x81, 0x2a, 0x1d, 0x1d, 0x2a, 0x1d,
  0x1d, 0x2a, 0x1d, 0x1d, 0x2a, 0x1d, 0x81, 0x2a, 0x1d, 0x1d, 0x2a, 0x1d,
  0x1d, 0x2a, 0x1d, 0x1d, 0x2a, 0x1d, 0xfe, 0x29, 0x2a, 0x1d, 0x1d, 0x2a,
  0x1d, 0x47, 0x2a, 0x1d, 0x1d, 0x2a, 0x1d, 0x47, 0x2a, 0x1d, 0x1d, 0x2a,
  0x1d, 0x1d, 0x2a, 0x1d, 0x1d, 0x2a, 0x1d, 0x81, 0x2a, 0x1d, 0x1d, 0x2a,
  0x1d, 0x81, 0x2a, 0x1d, 0x1d, 0x2a, 0x1d, 0xfe, 0xf1, 0x2a, 0x1d, 0x1d,
  0x2a, 0x1d, 0x47, 0x2a, 0x1d, 0x1d, 0x2a, 0x1d, 0x47, 0x2a, 0x1d, 0x1d,
  0x2a, 0x1d, 0x47, 0x2a, 0x1d, 0x1d, 0x2a, 0x1d, 0x47, 0x2a, 0x1d, 0x1d,
  0x2a, 0x1d, 0x1d, 0x2a, 0x1d, 0x1d, 0x2a, 0x1d, 0x81, 0x2a, 0x1d, 0x1d,
  0x2a, 0x1d, 0x81, 0x2a, 0x1d, 0x1d, 0x2a, 0x1d, 0x81, 0x2a, 0x1d, 0x1d,
  0x2a, 0x1d, 0x81, 0x2a, 0x1d, 0x1d, 0x2a, 0x1d, 0x1d, 0x2a, 0x1d, 0x1d,
  0x2a, 0x1d, 0x47, 0x2a, 0x1d, 0x1d, 0x2a, 0x1d, 0x47, 0x2a, 0x1d, 0x1d,
  0x2a, 0x1d, 0x01, 0x49, 0x2a, 0x1d, 0x1d, 0x2a, 0x1d, 0x81, 0x2a, 0x1d,
  0x1d, 0x2a, 0x1d, 0x81, 0x2a, 0x1d, 0x1d, 0x2a, 0x1d, 0x1d, 0x2a, 0x1d,
  0x1d, 0x2a, 0x1d, 0x47, 0x2a, 0x1d, 0x1d, 0x2a, 0x1d, 0x47, 0x2a, 0x1d,
  0x1d, 0x2a, 0x1d, 0x01, 0x49, 0x2a, 0x1d, 0x1d, 0x2a, 0x1d, 0x81, 0x2a,
  0x1d, 0x1d, 0x2a, 0x1d, 0x81, 0x2a, 0x1d, 0x1d, 0x2a, 0x1d, 0x1d, 0x2a,
  0x1d, 0x1d, 0x2a, 0x1d, 0x47, 0x2a, 0x1d, 0x1d, 0x2a, 0x1d, 0x47, 0x2a,
  0x1d, 0x1d, 0x2a, 0x1d, 0x01, 0x49, 0x2a, 0x1d, 0x1d, 0x2a, 0x1d, 0x1d,
  0x2a, 0x1d, 0x1d, 0x2a, 0x1d, 0x81, 0x2a, 0x1d, 0x1d, 0x2a, 0x1d, 0x1d,
  0x2a, 0x1d, 0x1d, 0x2a, 0x1d, 0x00, 0x00, 0x00, 0x00, 0x35, 0x00, 0x00,
  0x00, 0x00, 0x02, 0xbc, 0x05, 0x14, 0x00, 0x07, 0x00, 0x0f, 0x00, 0x17,
  0x00, 0x1f, 0x00, 0x27, 0x00, 0x2f, 0x00, 0x37, 0x00, 0x3f, 0x00, 0x47,
  0x00, 0x4f, 0x00, 0x57, 0x00, 0x5f, 0x00, 0x67, 0x00, 0x6f, 0x00, 0x77,
  0x00, 0x7f, 0x00, 0x87, 0x00, 0x8f, 0x00, 0x97, 0x00, 0x9f, 0x00, 0xa7,
  0x00, 0xaf, 0x00, 0xb7, 0x00, 0xbf, 0x00, 0xc7, 0x00, 0xcf, 0x00, 0xd7,
  0x00, 0xdf, 0x00, 0xe7, 0x00, 0xef, 0x00, 0xf7, 0x00, 0xff, 0x01, 0x07,
  0x01, 0x0f, 0x01, 0x17, 0x01, 0x1f, 0x01, 0x27, 0x01, 0x2f, 0x01, 0x37,
  0x01, 0x3f, 0x01, 0x47, 0x01, 0x4f, 0x01, 0x57, 0x01, 0x5f, 0x01, 0x67,
  0x01, 0x6f, 0x01, 0x77, 0x01, 0x7f, 0x01, 0x87, 0x01, 0x8f, 0x01, 0x97,
  0x01, 0x9f, 0x01, 0xa7, 0x00, 0x00, 0x3c, 0x01, 0x36, 0x32, 0x16, 0x14,
  0x06, 0x22, 0x36, 0x34, 0x36, 0x32, 0x16, 0x14, 0x06, 0x22, 0x06, 0x34,
  0x36, 0x32, 0x16, 0x14, 0x06, 0x22, 0x36, 0x34, 0x36, 0x32, 0x16, 0x14,
  0x06, 0x22, 0x06, 0x34, 0x36, 0x32, 0x16, 0x14, 0x06, 0x22, 0x36, 0x34,
  0x36, 0x32, 0x16, 0x14, 0x06, 0x22, 0x02, 0x34, 0x36, 0x32, 0x16, 0x14,
  0x06, 0x22, 0x36, 0x34, 0x36, 0x32, 0x16, 0x14, 0x06, 0x22, 0x06, 0x34,
  0x36, 0x32, 0x16, 0x14, 0x06, 0x22, 0x36, 0x34, 0x36, 0x32, 0x16, 0x14,
  0x06, 0x22, 0x06, 0x34, 0x36, 0x32, 0x16, 0x14, 0x06, 0x22, 0x36, 0x34,
  0x36, 0x32, 0x16, 0x14, 0x06, 0x22, 0x02, 0x34, 0x36, 0x32, 0x16, 0x14,
  0x06, 0x22, 0x36, 0x34, 0x36, 0x32, 0x16, 0x14, 0x06, 0x22, 0x06, 0x34,
  0x36, 0x32, 0x16, 0x14, 0x06, 0x22, 0x36, 0x34, 0x36, 0x32, 0x16, 0x14,
  0x06, 0x22, 0x06, 0x34, 0x36, 0x32, 0x16, 0x14, 0x06, 0x22, 0x36, 0x34,
  0x36, 0x32, 0x16, 0x14, 0x06, 0x22, 0x24, 0x34, 0x36, 0x32, 0x16, 0x14,
  0x06, 0x22, 0x36, 0x34, 0x36, 0x32, 0x16, 0x14, 0x06, 0x22, 0x06, 0x34,
  0x36, 0x32, 0x16, 0x14, 0x06, 0x22, 0x36, 0x34, 0x36, 0x32, 0x16, 0x14,
  0x06, 0x22, 0x06, 0x34, 0x36, 0x32, 0x16, 0x14, 0x06, 0x22, 0x36, 0x34,
  0x36, 0x32, 0x16, 0x14, 0x06, 0x22, 0x04, 0x34, 0x36, 0x32, 0x16, 0x14,
  0x06, 0x22, 0x36, 0x34, 0x36, 0x32, 0x16, 0x14, 0x06, 0x22, 0x06, 0x34,
  0x36, 0x32, 0x16, 0x14, 0x06, 0x22, 0x36, 0x34, 0x36, 0x32, 0x16, 0x14,
  0x06, 0x22, 0x06, 0x34, 0x36, 0x32, 0x16, 0x14, 0x06, 0x22, 0x36, 0x34,
  0x36, 0x32, 0x16, 0x14, 0x06, 0x22, 0x36, 0x34, 0x36, 0x32, 0x16, 0x14,
  0x06, 0x22, 0x36, 0x34, 0x36, 0x32, 0x16, 0x14, 0x06, 0x22, 0x06, 0x34,
  0x36, 0x32, 0x16, 0x14, 0x06, 0x22, 0x36, 0x34, 0x36, 0x32, 0x16, 0x14,
  0x06, 0x22, 0x06, 0x34, 0x36, 0x32, 0x16, 0x14, 0x06, 0x22, 0x06, 0x34,
  0x36, 0x32, 0x16, 0x14, 0x06, 0x22, 0x26, 0x34, 0x36, 0x32, 0x16, 0x14,
  0x06, 0x22, 0x26, 0x34, 0x36, 0x32, 0x16, 0x14, 0x06, 0x22, 0x06, 0x34,
  0x36, 0x32, 0x16, 0x14, 0x06, 0x22, 0x26, 0x34, 0x36, 0x32, 0x16, 0x14,
  0x06, 0x22, 0x24, 0x34, 0x36, 0x32, 0x16, 0x14, 0x06, 0x22, 0x02, 0x34,
  0x36, 0x32, 0x16, 0x14, 0x06, 0x22, 0x36, 0x34, 0x36, 0x32, 0x16, 0x14,
  0x06, 0x22, 0x06, 0x34, 0x36, 0x32, 0x16, 0x14, 0x06, 0x22, 0x36, 0x34,
  0x36, 0x32, 0x16, 0x14, 0x06, 0x22, 0x06, 0x34, 0x36, 0x32, 0x16, 0x14,
  0x06, 0x22, 0x36, 0x34, 0x36, 0x32, 0x16, 0x14, 0x06, 0x22, 0x02, 0x34,
  0x36, 0x32, 0x16, 0x14, 0x06, 0x22, 0x36, 0x34, 0x36, 0x32, 0x16, 0x14,
  0x06, 0x22, 0x06, 0x34, 0x36, 0x32, 0x16, 0x14, 0x06, 0x22, 0x36, 0x34,
  0x36, 0x32, 0x16, 0x14, 0x06, 0x22, 0x06, 0x34, 0x36, 0x32, 0x16, 0x14,
  0x06, 0x22, 0x36, 0x34, 0x36, 0x32, 0x16, 0x14, 0x06, 0x22, 0x1d, 0x2a,
  0x1d, 0x1d, 0x2a, 0x47, 0x1d, 0x2a, 0x1d, 0x1d, 0x2a, 0x81, 0x1d, 0x2a,
  0x1d, 0x1d, 0x2a, 0x47, 0x1d, 0x2a, 0x1d, 0x1d, 0x2a, 0x81, 0x1d, 0x2a,
  0x1d, 0x1d, 0x2a, 0x47, 0x1d, 0x2a, 0x1d, 0x1d, 0x2a, 0x1d, 0x1d, 0x2a,
  0x1d, 0x1d, 0x2a, 0x47, 0x1d, 0x2a, 0x1d, 0x1d, 0x2a, 0x81, 0x1d, 0x2a,
  0x1d, 0x1d, 0x2a, 0x47, 0x1d, 0x2a, 0x1d, 0x1d, 0x2a, 0x81, 0x1d, 0x2a,
  0x1d, 0x1d, 0x2a, 0x47, 0x1d, 0x2a, 0x1d, 0x1d, 0x2a, 0xe5, 0x1d, 0x2a,
  0x1d, 0x1d, 0x2a, 0x47, 0x1d, 0x2a, 0x1d, 0x1d, 0x2a, 0x81, 0x1d, 0x2a,
  0x1d, 0x1d, 0x2a, 0x47, 0x1d, 0x2a, 0x1d, 0x1d, 0x2a, 0x81, 0x1d, 0x2a,
  0x1d, 0x1d, 0x2a, 0x47, 0x1d, 0x2a, 0x1d, 0x1d, 0x2a, 0x01, 0x73, 0x1d,
  0x2a, 0x1d, 0x1d, 0x2a, 0x47, 0x1d, 0x2a, 0x1d, 0x1d, 0x2a, 0x81, 0x1d,
  0x2a, 0x1d, 0x1d, 0x2a, 0x47, 0x1d, 0x2a, 0x1d, 0x1d, 0x2a, 0x81, 0x1d,
  0x2a, 0x1d, 0x1d, 0x2a, 0x47, 0x1d, 0x2a, 0x1d, 0x1d, 0x2a, 0xfd, 0xef,
  0x1d, 0x2a, 0x1d, 0x1d, 0x2a, 0x47, 0x1d, 0x2a, 0x1d, 0x1d, 0x2a, 0x81,
  0x1d, 0x2a, 0x1d, 0x1d, 0x2a, 0x47, 0x1d, 0x2a, 0x1d, 0x1d, 0x2a, 0x81,
  0x1d, 0x2a, 0x1d, 0x1d, 0x2a, 0x47, 0x1d, 0x2a, 0x1d, 0x1d, 0x2a, 0xab,
  0x1d, 0x2a, 0x1d, 0x1d, 0x2a, 0x47, 0x1d, 0x2a, 0x1d, 0x1d, 0x2a, 0x81,
  0x1d, 0x2a, 0x1d, 0x1d, 0x2a, 0x47, 0x1d, 0x2a, 0x1d, 0x1d, 0x2a, 0x81,
  0x1d, 0x2a, 0x1d, 0x1d, 0x2a, 0x1d, 0x1d, 0x2a, 0x1d, 0x1d, 0x2a, 0x81,
  0x1d, 0x2a, 0x1d, 0x1d, 0x2a, 0x1d, 0x1d, 0x2a, 0x1d, 0x1d, 0x2a, 0x1d,
  0x1d, 0x2a, 0x1d, 0x1d, 0x2a, 0x81, 0x1d, 0x2a, 0x1d, 0x1d, 0x2a, 0x01,
  0x0f, 0x1d, 0x2a, 0x1d, 0x1d, 0x2a, 0x1d, 0x1d, 0x2a, 0x1d, 0x1d, 0x2a,
  0x47, 0x1d, 0x2a, 0x1d, 0x1d, 0x2a, 0x81, 0x1d, 0x2a, 0x1d, 0x1d, 0x2a,
  0x47, 0x1d, 0x2a, 0x1d, 0x1d, 0x2a, 0x81, 0x1d, 0x2a, 0x1d, 0x1d, 0x2a,
  0x47, 0x1d, 0x2a, 0x1d, 0x1d, 0x2a, 0xe5, 0x1d, 0x2a, 0x1d, 0x1d, 0x2a,
  0x47, 0x1d, 0x2a, 0x1d, 0x1d, 0x2a, 0x81, 0x1d, 0x2a, 0x1d, 0x1d, 0x2a,
  0x47, 0x1d, 0x2a, 0x1d, 0x1d, 0x2a, 0x81, 0x1d, 0x2a, 0x1d, 0x1d, 0x2a,
  0x47, 0x1d, 0x2a, 0x1d, 0x1d, 0x2a, 0xe5, 0x2a, 0x1d, 0x1d, 0x2a, 0x1d,
  0x1d, 0x2a, 0x1d, 0x1d, 0x2a, 0x1d, 0x47, 0x2a, 0x1d, 0x1d, 0x2a, 0x1d,
  0x1d, 0x2a, 0x1d, 0x1d, 0x2a, 0x1d, 0x47, 0x2a, 0x1d, 0x1d, 0x2a, 0x1d,
  0x1d, 0x2a, 0x1d, 0x1d, 0x2a, 0x1d, 0x02, 0x11, 0x2a, 0x1d, 0x1d, 0x2a,
  0x1d, 0x1d, 0x2a, 0x1d, 0x1d, 0x2a, 0x1d, 0x47, 0x2a, 0x1d, 0x1d, 0x2a,
  0x1d, 0x1d, 0x2a, 0x1d, 0x1d, 0x2a, 0x1d, 0x47, 0x2a, 0x1d, 0x1d, 0x2a,
  0x1d, 0x1d, 0x2a, 0x1d, 0x1d, 0x2a, 0x1d, 0x03, 0xa1, 0x2a, 0x1d, 0x1d,
  0x2a, 0x1d, 0x1d, 0x2a, 0x1d, 0x1d, 0x2a, 0x1d, 0x47, 0x2a, 0x1d, 0x1d,
  0x2a, 0x1d, 0x1d, 0x2a, 0x1d, 0x1d, 0x2a, 0x1d, 0x47, 0x2a, 0x1d, 0x1d,
  0x2a, 0x1d, 0x1d, 0x2a, 0x1d, 0x1d, 0x2a, 0x1d, 0xe5, 0x2a, 0x1d, 0x1d,
  0x2a, 0x1d, 0x1d, 0x2a, 0x1d, 0x1d, 0x2a, 0x1d, 0x47, 0x2a, 0x1d, 0x1d,
  0x2a, 0x1d, 0x1d, 0x2a, 0x1d, 0x1d, 0x2a, 0x1d, 0x47, 0x2a, 0x1d, 0x1d,
  0x2a, 0x1d, 0x1d, 0x2a, 0x1d, 0x1d, 0x2a, 0x1d, 0x47, 0x2a, 0x1d, 0x1d,
  0x2a, 0x1d, 0x1d, 0x2a, 0x1d, 0x1d, 0x2a, 0x1d, 0x47, 0x2a, 0x1d, 0x1d,
  0x2a, 0x1d, 0x1d, 0x2a, 0x1d, 0x1d, 0x2a, 0x1d, 0x47, 0x2a, 0x1d, 0x1d,
  0x2a, 0x1d, 0x1d, 0x2a, 0x1d, 0x1d, 0x2a, 0x1d, 0xe5, 0x2a, 0x1d, 0x1d,
  0x2a, 0x1d, 0x1d, 0x2a, 0x1d, 0x1d, 0x2a, 0x1d, 0x47, 0x2a, 0x1d, 0x1d,
  0x2a, 0x1d, 0x1d, 0x2a, 0x1d, 0x1d, 0x2a, 0x1d, 0x47, 0x2a, 0x1d, 0x1d,
  0x2a, 0x1d, 0x47, 0x2a, 0x1d, 0x1d, 0x2a, 0x1d, 0x1d, 0x2a, 0x1d, 0x1d,
  0x2a, 0x1d, 0x81, 0x2a, 0x1d, 0x1d, 0x2a, 0x1d, 0xab, 0x2a, 0x1d, 0x1d,
  0x2a, 0x1d, 0x81, 0x2a, 0x1d, 0x1d, 0x2a, 0x1d, 0x81, 0x2a, 0x1d, 0x1d,
  0x2a, 0x1d, 0xfe, 0x29, 0x2a, 0x1d, 0x1d, 0x2a, 0x1d, 0x1d, 0x2a, 0x1d,
  0x1d, 0x2a, 0x1d, 0x47, 0x2a, 0x1d, 0x1d, 0x2a, 0x1d, 0x1d, 0x2a, 0x1d,
  0x1d, 0x2a, 0x1d, 0x47, 0x2a, 0x1d, 0x1d, 0x2a, 0x1d, 0x1d, 0x2a, 0x1d,
  0x1d, 0x2a, 0x1d, 0x02, 0x11, 0x2a, 0x1d, 0x1d, 0x2a, 0x1d, 0x1d, 0x2a,
  0x1d, 0x1d, 0x2a, 0x1d, 0x47, 0x2a, 0x1d, 0x1d, 0x2a, 0x1d, 0x1d, 0x2a,
  0x1d, 0x1d, 0x2a, 0x1d, 0x47, 0x2a, 0x1d, 0x1d, 0x2a, 0x1d, 0x1d, 0x2a,
  0x1d, 0x1d, 0x2a, 0x1d, 0x00, 0x2a, 0x00, 0x00, 0x00, 0x00, 0x03, 0x20,
  0x05, 0x14, 0x00, 0x07, 0x00, 0x0f, 0x00, 0x17, 0x00, 0x1f, 0x00, 0x27,
  0x00, 0x2f, 0x00, 0x37, 0x00, 0x3f, 0x00, 0x47, 0x00, 0x4f, 0x00, 0x57,
  0x00, 0x5f, 0x00, 0x67, 0x00, 0x6f, 0x00, 0x77, 0x00, 0x7f, 0x00, 0x87,
  0x00, 0x8f, 0x00, 0x97, 0x00, 0x9f, 0x00, 0xa7, 0x00, 0xaf, 0x00, 0xb7,
  0x00, 0xbf, 0x00, 0xc7, 0x00, 0xcf, 0x00, 0xd7, 0x00, 0xdf, 0x00, 0xe7,
  0x00, 0xef, 0x00, 0xf7, 0x00, 0xff, 0x01, 0x07, 0x01, 0x0f, 0x01, 0x17,
  0x01, 0x1f, 0x01, 0x27, 0x01, 0x2f, 0x01, 0x37, 0x01, 0x3f, 0x01, 0x47,
  0x01, 0x4f, 0x00, 0x00, 0x10, 0x34, 0x36, 0x32, 0x16, 0x14, 0x06, 0x22,
  0x06, 0x34, 0x36, 0x32, 0x16, 0x14, 0x06, 0x22, 0x36, 0x34, 0x36, 0x32,
  0x16, 0x14, 0x06, 0x22, 0x26, 0x34, 0x36, 0x32, 0x16, 0x14, 0x06, 0x22,
  0x06, 0x34, 0x36, 0x32, 0x16, 0x14, 0x06, 0x22, 0x06, 0x34, 0x36, 0x32,
  0x16, 0x14, 0x06, 0x22, 0x06, 0x34, 0x36, 0x32, 0x16, 0x14, 0x06, 0x22,
  0x36, 0x34, 0x36, 0x32, 0x16, 0x14, 0x06, 0x22, 0x26, 0x34, 0x36, 0x32,
  0x16, 0x14, 0x06, 0x22, 0x26, 0x34, 0x36, 0x32, 0x16, 0x14, 0x06, 0x22,
  0x04, 0x34, 0x36, 0x32, 0x16, 0x14, 0x06, 0x22, 0x26, 0x34, 0x36, 0x32,
  0x16, 0x14, 0x06, 0x22, 0x26, 0x34, 0x36, 0x32, 0x16, 0x14, 0x06, 0x22,
  0x36, 0x34, 0x36, 0x32, 0x16, 0x14, 0x06, 0x22, 0x06, 0x34, 0x36, 0x32,
  0x16, 0x14, 0x06, 0x22, 0x06, 0x34, 0x36, 0x32, 0x16, 0x14, 0x06, 0x22,
  0x02, 0x34, 0x36, 0x32, 0x16, 0x14, 0x06, 0x22, 0x26, 0x34, 0x36, 0x32,
  0x16, 0x14, 0x06, 0x22, 0x36, 0x34, 0x36, 0x32, 0x16, 0x14, 0x06, 0x22,
  0x06, 0x34, 0x36, 0x32, 0x16, 0x14, 0x06, 0x22, 0x00, 0x34, 0x36, 0x32,
  0x16, 0x14, 0x06, 0x22, 0x36, 0x34, 0x36, 0x32, 0x16, 0x14, 0x06, 0x22,
  0x06, 0x34, 0x36, 0x32, 0x16, 0x14, 0x06, 0x22, 0x06, 0x34, 0x36, 0x32,
  0x16, 0x14, 0x06, 0x22, 0x26, 0x34, 0x36, 0x32, 0x16, 0x14, 0x06, 0x22,
  0x26, 0x34, 0x36, 0x32, 0x16, 0x14, 0x06, 0x22, 0x24, 0x34, 0x36, 0x32,
  0x16, 0x14, 0x06, 0x22, 0x26, 0x34, 0x36, 0x32, 0x16, 0x14, 0x06, 0x22,
  0x06, 0x34, 0x36, 0x32, 0x16, 0x14, 0x06, 0x22, 0x36, 0x34, 0x36, 0x32,
  0x16, 0x14, 0x06, 0x22, 0x06, 0x34, 0x36, 0x32, 0x16, 0x14, 0x06, 0x22,
  0x26, 0x34, 0x36, 0x32, 0x16, 0x14, 0x06, 0x22, 0x06, 0x34, 0x36, 0x32,
  0x16, 0x14, 0x06, 0x22, 0x26, 0x34, 0x36, 0x32, 0x16, 0x14, 0x06, 0x22,
  0x06, 0x34, 0x36, 0x32, 0x16, 0x14, 0x06, 0x22, 0x06, 0x34, 0x36, 0x32,
  0x16, 0x14, 0x06, 0x22, 0x06, 0x34, 0x36, 0x32, 0x16, 0x14, 0x06, 0x22,
  0x06, 0x34, 0x36, 0x32, 0x16, 0x14, 0x06, 0x22, 0x36, 0x34, 0x36, 0x32,
  0x16, 0x14, 0x06, 0x22, 0x26, 0x34, 0x36, 0x32, 0x16, 0x14, 0x06, 0x22,
  0x26, 0x34, 0x36, 0x32, 0x16, 0x14, 0x06, 0x22, 0x26, 0x34, 0x36, 0x32,
  0x16, 0x14, 0x06, 0x22, 0x1d, 0x2a, 0x1d, 0x1d, 0x2a, 0x1d, 0x1d, 0x2a,
  0x1d, 0x1d, 0x2a, 0x47, 0x1d, 0x2a, 0x1d, 0x1d, 0x2a, 0x1d, 0x1d, 0x2a,
  0x1d, 0x1d, 0x2a, 0x1d, 0x1d, 0x2a, 0x1d, 0x1d, 0x2a, 0x1d, 0x1d, 0x2a,
  0x1d, 0x1d, 0x2a, 0x1d, 0x1d, 0x2a, 0x1d, 0x1d, 0x2a, 0x47, 0x1d, 0x2a,
  0x1d, 0x1d, 0x2a, 0x1d, 0x1d, 0x2a, 0x1d, 0x1d, 0x2a, 0x1d, 0x1d, 0x2a,
  0x1d, 0x1d, 0x2a, 0x01, 0x0f, 0x1d, 0x2a, 0x1d, 0x1d, 0x2a, 0x1d, 0x1d,
  0x2a, 0x1d, 0x1d, 0x2a, 0x1d, 0x1d, 0x2a, 0x1d, 0x1d, 0x2a, 0x47, 0x1d,
  0x2a, 0x1d, 0x1d, 0x2a, 0x1d, 0x1d, 0x2a, 0x1d, 0x1d, 0x2a, 0x1d, 0x1d,
  0x2a, 0x1d, 0x1d, 0x2a, 0x1d, 0x1d, 0x2a, 0x1d, 0x1d, 0x2a, 0x1d, 0x1d,
  0x2a, 0x1d, 0x1d, 0x2a, 0x47, 0x1d, 0x2a, 0x1d, 0x1d, 0x2a, 0x1d, 0x1d,
  0x2a, 0x1d, 0x1d, 0x2a, 0xfd, 0xef, 0x1d, 0x2a, 0x1d, 0x1d, 0x2a, 0x47,
  0x1d, 0x2a, 0x1d, 0x1d, 0x2a, 0x1d, 0x1d, 0x2a, 0x1d, 0x1d, 0x2a, 0x1d,
  0x1d, 0x2a, 0x1d, 0x1d, 0x2a, 0x81, 0x1d, 0x2a, 0x1d, 0x1d, 0x2a, 0x1d,
  0x1d, 0x2a, 0x1d, 0x1d, 0x2a, 0x01, 0x0f, 0x1d, 0x2a, 0x1d, 0x1d, 0x2a,
  0x81, 0x1d, 0x2a, 0x1d, 0x1d, 0x2a, 0x1d, 0x1d, 0x2a, 0x1d, 0x1d, 0x2a,
  0x47, 0x1d, 0x2a, 0x1d, 0x1d, 0x2a, 0x1d, 0x1d, 0x2a, 0x1d, 0x1d, 0x2a,
  0x81, 0x1d, 0x2a, 0x1d, 0x1d, 0x2a, 0x1d, 0x1d, 0x2a, 0x1d, 0x1d, 0x2a,
  0x81, 0x1d, 0x2a, 0x1d, 0x1d, 0x2a, 0x1d, 0x1d, 0x2a, 0x1d, 0x1d, 0x2a,
  0x1d, 0x1d, 0x2a, 0x1d, 0x1d, 0x2a, 0x1d, 0x1d, 0x2a, 0x1d, 0x1d, 0x2a,
  0x1d, 0x1d, 0x2a, 0x1d, 0x1d, 0x2a, 0x47, 0x1d, 0x2a, 0x1d, 0x1d, 0x2a,
  0x1d, 0x1d, 0x2a, 0x1d, 0x1d, 0x2a, 0x1d, 0x1d, 0x2a, 0x1d, 0x1d, 0x2a,
  0x1d, 0x1d, 0x2a, 0x1d, 0x1d, 0x2a, 0x04, 0xcd, 0x2a, 0x1d, 0x1d, 0x2a,
  0x1d, 0x47, 0x2a, 0x1d, 0x1d, 0x2a, 0x1d, 0x1d, 0x2a, 0x1d, 0x1d, 0x2a,
  0x1d, 0x81, 0x2a, 0x1d, 0x1d, 0x2a, 0x1d, 0xab, 0x2a, 0x1d, 0x1d, 0x2a,
  0x1d, 0x47, 0x2a, 0x1d, 0x1d, 0x2a, 0x1d, 0x47, 0x2a, 0x1d, 0x1d, 0x2a,
  0x1d, 0x1d, 0x2a, 0x1d, 0x1d, 0x2a, 0x1d, 0x81, 0x2a, 0x1d, 0x1d, 0x2a,
  0x1d, 0x81, 0x2a, 0x1d, 0x1d, 0x2a, 0x1d, 0xab, 0x2a, 0x1d, 0x1d, 0x2a,
  0x1d, 0x81, 0x2a, 0x1d, 0x1d, 0x2a, 0x1d, 0x81, 0x2a, 0x1d, 0x1d, 0x2a,
  0x1d, 0x1d, 0x2a, 0x1d, 0x1d, 0x2a, 0x1d, 0x47, 0x2a, 0x1d, 0x1d, 0x2a,
  0x1d, 0x47, 0x2a, 0x1d, 0x1d, 0x2a, 0x1d, 0x01, 0x49, 0x2a, 0x1d, 0x1d,
  0x2a, 0x1d, 0x81, 0x2a, 0x1d, 0x1d, 0x2a, 0x1d, 0x1d, 0x2a, 0x1d, 0x1d,
  0x2a, 0x1d, 0x47, 0x2a, 0x1d, 0x1d, 0x2a, 0x1d, 0xfe, 0x8d, 0x2a, 0x1d,
  0x1d, 0x2a, 0x1d, 0x1d, 0x2a, 0x1d, 0x1d, 0x2a, 0x1d, 0x47, 0x2a, 0x1d,
  0x1d, 0x2a, 0x1d, 0x47, 0x2a, 0x1d, 0x1d, 0x2a, 0x1d, 0x1d, 0x2a, 0x1d,
  0x1d, 0x2a, 0x1d, 0x81, 0x2a, 0x1d, 0x1d, 0x2a, 0x1d, 0x81, 0x2a, 0x1d,
  0x1d, 0x2a, 0x1d, 0x1d, 0x2a, 0x1d, 0x1d, 0x2a, 0x1d, 0x47, 0x2a, 0x1d,
  0x1d, 0x2a, 0x1d, 0x1d, 0x2a, 0x1d, 0x1d, 0x2a, 0x1d, 0x47, 0x2a, 0x1d,
  0x1d, 0x2a, 0x1d, 0x1d, 0x2a, 0x1d, 0x1d, 0x2a, 0x1d, 0x47, 0x2a, 0x1d,
  0x1d, 0x2a, 0x1d, 0x1d, 0x2a, 0x1d, 0x1d, 0x2a, 0x1d, 0x47, 0x2a, 0x1d,
  0x1d, 0x2a, 0x1d, 0x47, 0x2a, 0x1d, 0x1d, 0x2a, 0x1d, 0x47, 0x2a, 0x1d,
  0x1d, 0x2a, 0x1d, 0x47, 0x2a, 0x1d, 0x1d, 0x2a, 0x1d, 0x1d, 0x2a, 0x1d,
  0x1d, 0x2a, 0x1d, 0x81, 0x2a, 0x1d, 0x1d, 0x2a, 0x1d, 0x81, 0x2a, 0x1d,
  0x1d, 0x2a, 0x1d, 0x81, 0x2a, 0x1d, 0x1d, 0x2a, 0x1d, 0x00, 0x00, 0x00,
  0x00, 0x30, 0x00, 0x00, 0x00, 0x00, 0x02, 0xbc, 0x05, 0x14, 0x00, 0x07,
  0x00, 0x0f, 0x00, 0x17, 0x00, 0x1f, 0x00, 0x27, 0x00, 0x2f, 0x00, 0x37,
  0x00, 0x3f, 0x00, 0x47, 0x00, 0x4f, 0x00, 0x57, 0x00, 0x5f, 0x00, 0x67,
  0x00, 0x6f, 0x00, 0x77, 0x00, 0x7f, 0x00, 0x87, 0x00, 0x8f, 0x00, 0x97,
  0x00, 0x9f, 0x00, 0xa7, 0x00, 0xaf, 0x00, 0xb7, 0x00, 0xbf, 0x00, 0xc7,
  0x00, 0xcf, 0x00, 0xd7, 0x00, 0xdf, 0x00, 0xe7, 0x00, 0xef, 0x00, 0xf7,
  0x00, 0xff, 0x01, 0x07, 0x01, 0x0f, 0x01, 0x17, 0x01, 0x1f, 0x01, 0x27,
  0x01, 0x2f, 0x01, 0x37, 0x01, 0x3f, 0x01, 0x47, 0x01, 0x4f, 0x01, 0x57,
  0x01, 0x5f, 0x01, 0x67, 0x01, 0x6f, 0x01, 0x77, 0x01, 0x7f, 0x00, 0x00,
  0x3c, 0x01, 0x36, 0x32, 0x16, 0x14, 0x06, 0x22, 0x36, 0x34, 0x36, 0x32,
  0x16, 0x14, 0x06, 0x22, 0x06, 0x34, 0x36, 0x32, 0x16, 0x14, 0x06, 0x22,
  0x36, 0x34, 0x36, 0x32, 0x16, 0x14, 0x06, 0x22, 0x00, 0x34, 0x36, 0x32,
  0x16, 0x14, 0x06, 0x22, 0x26, 0x34, 0x36, 0x32, 0x16, 0x14, 0x06, 0x22,
  0x26, 0x34, 0x36, 0x32, 0x16, 0x14, 0x06, 0x22, 0x26, 0x34, 0x36, 0x32,
  0x16, 0x14, 0x06, 0x22, 0x26, 0x34, 0x36, 0x32, 0x16, 0x14, 0x06, 0x22,
  0x06, 0x34, 0x36, 0x32, 0x16, 0x14, 0x06, 0x22, 0x36, 0x34, 0x36, 0x32,
  0x16, 0x14, 0x06, 0x22, 0x36, 0x34, 0x36, 0x32, 0x16, 0x14, 0x06, 0x22,
  0x36, 0x34, 0x36, 0x32, 0x16, 0x14, 0x06, 0x22, 0x02, 0x34, 0x36, 0x32,
  0x16, 0x14, 0x06, 0x22, 0x06, 0x34, 0x36, 0x32, 0x16, 0x14, 0x06, 0x22,
  0x36, 0x34, 0x36, 0x32, 0x16, 0x14, 0x06, 0x22, 0x36, 0x34, 0x36, 0x32,
  0x16, 0x14, 0x06, 0x22, 0x36, 0x34, 0x36, 0x32, 0x16, 0x14, 0x06, 0x22,
  0x26, 0x34, 0x36, 0x32, 0x16, 0x14, 0x06, 0x22, 0x24, 0x34, 0x36, 0x32,
  0x16, 0x14, 0x06, 0x22, 0x36, 0x34, 0x36, 0x32, 0x16, 0x14, 0x06, 0x22,
  0x36, 0x34, 0x36, 0x32, 0x16, 0x14, 0x06, 0x22, 0x26, 0x34, 0x36, 0x32,
  0x16, 0x14, 0x06, 0x22, 0x36, 0x34, 0x36, 0x32, 0x16, 0x14, 0x06, 0x22,
  0x26, 0x34, 0x36, 0x32, 0x16, 0x14, 0x06, 0x22, 0x26, 0x34, 0x36, 0x32,
  0x16, 0x14, 0x06, 0x22, 0x36, 0x34, 0x36, 0x32, 0x16, 0x14, 0x06, 0x22,
  0x36, 0x34, 0x36, 0x32, 0x16, 0x14, 0x06, 0x22, 0x26, 0x34, 0x36, 0x32,
  0x16, 0x14, 0x06, 0x22, 0x26, 0x34, 0x36, 0x32, 0x16, 0x14, 0x06, 0x22,
  0x36, 0x34, 0x36, 0x32, 0x16, 0x14, 0x06, 0x22, 0x36, 0x34, 0x36, 0x32,
  0x16, 0x14, 0x06, 0x22, 0x26, 0x34, 0x36, 0x32, 0x16, 0x14, 0x06, 0x22,
  0x26, 0x34, 0x36, 0x32, 0x16, 0x14, 0x06, 0x22, 0x36, 0x34, 0x36, 0x32,
  0x16, 0x14, 0x06, 0x22, 0x36, 0x34, 0x36, 0x32, 0x16, 0x14, 0x06, 0x22,
  0x26, 0x34, 0x36, 0x32, 0x16, 0x14, 0x06, 0x22, 0x36, 0x34, 0x36, 0x32,
  0x16, 0x14, 0x06, 0x22, 0x26, 0x34, 0x36, 0x32, 0x16, 0x14, 0x06, 0x22,
  0x36, 0x34, 0x36, 0x32, 0x16, 0x14, 0x06, 0x22, 0x06, 0x34, 0x36, 0x32,
  0x16, 0x14, 0x06, 0x22, 0x02, 0x34, 0x36, 0x32, 0x16, 0x14, 0x06, 0x22,
  0x26, 0x34, 0x36, 0x32, 0x16, 0x14, 0x06, 0x22, 0x12, 0x34, 0x36, 0x32,
  0x16, 0x14, 0x06, 0x22, 0x06, 0x34, 0x36, 0x32, 0x16, 0x14, 0x06, 0x22,
  0x36, 0x34, 0x36, 0x32, 0x16, 0x14, 0x06, 0x22, 0x12, 0x34, 0x36, 0x32,
  0x16, 0x14, 0x06, 0x22, 0x06, 0x34, 0x36, 0x32, 0x16, 0x14, 0x06, 0x22,
  0x1d, 0x2a, 0x1d, 0x1d, 0x2a, 0x47, 0x1d, 0x2a, 0x1d, 0x1d, 0x2a, 0x81,
  0x1d, 0x2a, 0x1d, 0x1d, 0x2a, 0x47, 0x1d, 0x2a, 0x1d, 0x1d, 0x2a, 0x01,
  0x0f, 0x1d, 0x2a, 0x1d, 0x1d, 0x2a, 0x81, 0x1d, 0x2a, 0x1d, 0x1d, 0x2a,
  0x81, 0x1d, 0x2a, 0x1d, 0x1d, 0x2a, 0x81, 0x1d, 0x2a, 0x1d, 0x1d, 0x2a,
  0x81, 0x1d, 0x2a, 0x1d, 0x1d, 0x2a, 0x1d, 0x1d, 0x2a, 0x1d, 0x1d, 0x2a,
  0x47, 0x1d, 0x2a, 0x1d, 0x1d, 0x2a, 0x47, 0x1d, 0x2a, 0x1d, 0x1d, 0x2a,
  0x47, 0x1d, 0x2a, 0x1d, 0x1d, 0x2a, 0x81, 0x1d, 0x2a, 0x1d, 0x1d, 0x2a,
  0x1d, 0x1d, 0x2a, 0x1d, 0x1d, 0x2a, 0x47, 0x1d, 0x2a, 0x1d, 0x1d, 0x2a,
  0x47, 0x1d, 0x2a, 0x1d, 0x1d, 0x2a, 0x47, 0x1d, 0x2a, 0x1d, 0x1d, 0x2a,
  0x1d, 0x1d, 0x2a, 0x1d, 0x1d, 0x2a, 0xfd, 0xef, 0x1d, 0x2a, 0x1d, 0x1d,
  0x2a, 0x47, 0x1d, 0x2a, 0x1d, 0x1d, 0x2a, 0x47, 0x1d, 0x2a, 0x1d, 0x1d,
  0x2a, 0x81, 0x1d, 0x2a, 0x1d, 0x1d, 0x2a, 0x47, 0x1d, 0x2a, 0x1d, 0x1d,
  0x2a, 0x1d, 0x1d, 0x2a, 0x1d, 0x1d, 0x2a, 0x81, 0x1d, 0x2a, 0x1d, 0x1d,
  0x2a, 0x47, 0x1d, 0x2a, 0x1d, 0x1d, 0x2a, 0x47, 0x1d, 0x2a, 0x1d, 0x1d,
  0x2a, 0x1d, 0x1d, 0x2a, 0x1d, 0x1d, 0x2a, 0x81, 0x1d, 0x2a, 0x1d, 0x1d,
  0x2a, 0x47, 0x1d, 0x2a, 0x1d, 0x1d, 0x2a, 0x47, 0x1d, 0x2a, 0x1d, 0x1d,
  0x2a, 0x1d, 0x1d, 0x2a, 0x1d, 0x1d, 0x2a, 0x81, 0x1d, 0x2a, 0x1d, 0x1d,
  0x2a, 0x47, 0x1d, 0x2a, 0x1d, 0x1d, 0x2a, 0x47, 0x1d, 0x2a, 0x1d, 0x1d,
  0x2a, 0x1d, 0x1d, 0x2a, 0x1d, 0x1d, 0x2a, 0x47, 0x1d, 0x2a, 0x1d, 0x1d,
  0x2a, 0xe5, 0x1d, 0x2a, 0x1d, 0x1d, 0x2a, 0xab, 0x1d, 0x2a, 0x1d, 0x1d,
  0x2a, 0x1d, 0x1d, 0x2a, 0x1d, 0x1d, 0x2a, 0xe5, 0x1d, 0x2a, 0x1d, 0x1d,
  0x2a, 0x81, 0x1d, 0x2a, 0x1d, 0x1d, 0x2a, 0xab, 0x1d, 0x2a, 0x1d, 0x1d,
  0x2a, 0x81, 0x1d, 0x2a, 0x1d, 0x1d, 0x2a, 0x47, 0x1d, 0x2a, 0x1d, 0x1d,
  0x2a, 0x47, 0x1d, 0x2a, 0x1d, 0x1d, 0x2a, 0x1d, 0x1d, 0x2a, 0x1d, 0x1d,
  0x2a, 0x81, 0x2a, 0x1d, 0x1d, 0x2a, 0x1d, 0x1d, 0x2a, 0x1d, 0x1d, 0x2a,
  0x1d, 0x47, 0x2a, 0x1d, 0x1d, 0x2a, 0x1d, 0x1d, 0x2a, 0x1d, 0x1d, 0x2a,
  0x1d, 0x04, 0xcd, 0x2a, 0x1d, 0x1d, 0x2a, 0x1d, 0x1d, 0x2a, 0x1d, 0x1d,
  0x2a, 0x1d, 0x1d, 0x2a, 0x1d, 0x1d, 0x2a, 0x1d, 0x1d, 0x2a, 0x1d, 0x1d,
  0x2a, 0x1d, 0x1d, 0x2a, 0x1d, 0x1d, 0x2a, 0x1d, 0x47, 0x2a, 0x1d, 0x1d,
  0x2a, 0x1d, 0x1d, 0x2a, 0x1d, 0x1d, 0x2a, 0x1d, 0x1d, 0x2a, 0x1d, 0x1d,
  0x2a, 0x1d, 0x1d, 0x2a, 0x1d, 0x1d, 0x2a, 0x1d, 0xfc, 0x35, 0x2a, 0x1d,
  0x1d, 0x2a, 0x1d, 0x47, 0x2a, 0x1d, 0x1d, 0x2a, 0x1d, 0x1d, 0x2a, 0x1d,
  0x1d, 0x2a, 0x1d, 0x1d, 0x2a, 0x1d, 0x1d, 0x2a, 0x1d, 0x1d, 0x2a, 0x1d,
  0x1d, 0x2a, 0x1d, 0x81, 0x2a, 0x1d, 0x1d, 0x2a, 0x1d, 0x81, 0x2a, 0x1d,
  0x1d, 0x2a, 0x1d, 0x1d, 0x2a, 0x1d, 0x1d, 0x2a, 0x1d, 0x1d, 0x2a, 0x1d,
  0x1d, 0x2a, 0x1d, 0x81, 0x2a, 0x1d, 0x1d, 0x2a, 0x1d, 0x1d, 0x2a, 0x1d,
  0x1d, 0x2a, 0x1d, 0x81, 0x2a, 0x1d, 0x1d, 0x2a, 0x1d, 0x1d, 0x2a, 0x1d,
  0x1d, 0x2a, 0x1d, 0x81, 0x2a, 0x1d, 0x1d, 0x2a, 0x1d, 0x1d, 0x2a, 0x1d,
  0x1d, 0x2a, 0x1d, 0x81, 0x2a, 0x1d, 0x1d, 0x2a, 0x1d, 0x1d, 0x2a, 0x1d,
  0x1d, 0x2a, 0x1d, 0x81, 0x2a, 0x1d, 0x1d, 0x2a, 0x1d, 0x1d, 0x2a, 0x1d,
  0x1d, 0x2a, 0x1d, 0x81, 0x2a, 0x1d, 0x1d, 0x2a, 0x1d, 0x1d, 0x2a, 0x1d,
  0x1d, 0x2a, 0x1d, 0x81, 0x2a, 0x1d, 0x1d, 0x2a, 0x1d, 0x1d, 0x2a, 0x1d,
  0x1d, 0x2a, 0x1d, 0x81, 0x2a, 0x1d, 0x1d, 0x2a, 0x1d, 0x1d, 0x2a, 0x1d,
  0x1d, 0x2a, 0x1d, 0x1d, 0x2a, 0x1d, 0x1d, 0x2a, 0x1d, 0xe5, 0x2a, 0x1d,
  0x1d, 0x2a, 0x1d, 0x47, 0x2a, 0x1d, 0x1d, 0x2a, 0x1d, 0xfc, 0x35, 0x2a,
  0x1d, 0x1d, 0x2a, 0x1d, 0x1d, 0x2a, 0x1d, 0x1d, 0x2a, 0x1d, 0x04, 0x69,
  0x2a, 0x1d, 0x1d, 0x2a, 0x1d, 0x47, 0x2a, 0x1d, 0x1d, 0x2a, 0x1d, 0x1d,
  0x2a, 0x1d, 0x1d, 0x2a, 0x1d, 0xfc, 0x35, 0x2a, 0x1d, 0x1d, 0x2a, 0x1d,
  0x47, 0x2a, 0x1d, 0x1d, 0x2a, 0x1d, 0x00, 0x00, 0x00, 0x1a, 0x00, 0x00,
  0x00, 0x00, 0x02, 0x58, 0x05, 0x14, 0x00, 0x07, 0x00, 0x0f, 0x00, 0x17,
  0x00, 0x1f, 0x00, 0x27, 0x00, 0x2f, 0x00, 0x37, 0x00, 0x3f, 0x00, 0x47,
  0x00, 0x4f, 0x00, 0x57, 0x00, 0x5f, 0x00, 0x67, 0x00, 0x6f, 0x00, 0x77,
  0x00, 0x7f, 0x00, 0x87, 0x00, 0x8f, 0x00, 0x97, 0x00, 0x9f, 0x00, 0xa7,
  0x00, 0xaf, 0x00, 0xb7, 0x00, 0xbf, 0x00, 0xc7, 0x00, 0xcf, 0x00, 0x00,
  0x12, 0x34, 0x36, 0x32, 0x16, 0x14, 0x06, 0x22, 0x36, 0x34, 0x36, 0x32,
  0x16, 0x14, 0x06, 0x22, 0x06, 0x34, 0x36, 0x32, 0x16, 0x14, 0x06, 0x22,
  0x36, 0x34, 0x36, 0x32, 0x16, 0x14, 0x06, 0x22, 0x06, 0x34, 0x36, 0x32,
  0x16, 0x14, 0x06, 0x22, 0x36, 0x34, 0x36, 0x32, 0x16, 0x14, 0x06, 0x22,
  0x06, 0x34, 0x36, 0x32, 0x16, 0x14, 0x06, 0x22, 0x36, 0x34, 0x36, 0x32,
  0x16, 0x14, 0x06, 0x22, 0x06, 0x34, 0x36, 0x32, 0x16, 0x14, 0x06, 0x22,
  0x36, 0x34, 0x36, 0x32, 0x16, 0x14, 0x06, 0x22, 0x06, 0x34, 0x36, 0x32,
  0x16, 0x14, 0x06, 0x22, 0x36, 0x34, 0x36, 0x32, 0x16, 0x14, 0x06, 0x22,
  0x06, 0x34, 0x36, 0x32, 0x16, 0x14, 0x06, 0x22, 0x36, 0x34, 0x36, 0x32,
  0x16, 0x14, 0x06, 0x22, 0x06, 0x34, 0x36, 0x32, 0x16, 0x14, 0x06, 0x22,
  0x36, 0x34, 0x36, 0x32, 0x16, 0x14, 0x06, 0x22, 0x06, 0x34, 0x36, 0x32,
  0x16, 0x14, 0x06, 0x22, 0x36, 0x34, 0x36, 0x32, 0x16, 0x14, 0x06, 0x22,
  0x06, 0x34, 0x36, 0x32, 0x16, 0x14, 0x06, 0x22, 0x36, 0x34, 0x36, 0x32,
  0x16, 0x14, 0x06, 0x22, 0x06, 0x34, 0x36, 0x32, 0x16, 0x14, 0x06, 0x22,
  0x36, 0x34, 0x36, 0x32, 0x16, 0x14, 0x06, 0x22, 0x00, 0x34, 0x36, 0x32,
  0x16, 0x14, 0x06, 0x22, 0x36, 0x34, 0x36, 0x32, 0x16, 0x14, 0x06, 0x22,
  0x06, 0x34, 0x36, 0x32, 0x16, 0x14, 0x06, 0x22, 0x36, 0x34, 0x36, 0x32,
  0x16, 0x14, 0x06, 0x22, 0x64, 0x1d, 0x2a, 0x1d, 0x1d, 0x2a, 0x47, 0x1d,
  0x2a, 0x1d, 0x1d, 0x2a, 0x81, 0x1d, 0x2a, 0x1d, 0x1d, 0x2a, 0x47, 0x1d,
  0x2a, 0x1d, 0x1d, 0x2a, 0x81, 0x1d, 0x2a, 0x1d, 0x1d, 0x2a, 0x47, 0x1d,
  0x2a, 0x1d, 0x1d, 0x2a, 0x1d, 0x1d, 0x2a, 0x1d, 0x1d, 0x2a, 0x47, 0x1d,
  0x2a, 0x1d, 0x1d, 0x2a, 0x81, 0x1d, 0x2a, 0x1d, 0x1d, 0x2a, 0x47, 0x1d,
  0x2a, 0x1d, 0x1d, 0x2a, 0x81, 0x1d, 0x2a, 0x1d, 0x1d, 0x2a, 0x47, 0x1d,
  0x2a, 0x1d, 0x1d, 0x2a, 0x1d, 0x1d, 0x2a, 0x1d, 0x1d, 0x2a, 0x47, 0x1d,
  0x2a, 0x1d, 0x1d, 0x2a, 0x81, 0x1d, 0x2a, 0x1d, 0x1d, 0x2a, 0x47, 0x1d,
  0x2a, 0x1d, 0x1d, 0x2a, 0x81, 0x1d, 0x2a, 0x1d, 0x1d, 0x2a, 0x47, 0x1d,
  0x2a, 0x1d, 0x1d, 0x2a, 0x1d, 0x1d, 0x2a, 0x1d, 0x1d, 0x2a, 0x47, 0x1d,
  0x2a, 0x1d, 0x1d, 0x2a, 0x81, 0x1d, 0x2a, 0x1d, 0x1d, 0x2a, 0x47, 0x1d,
  0x2a, 0x1d, 0x1d, 0x2a, 0xfd, 0xef, 0x1d, 0x2a, 0x1d, 0x1d, 0x2a, 0x47,
  0x1d, 0x2a, 0x1d, 0x1d, 0x2a, 0x81, 0x1d, 0x2a, 0x1d, 0x1d, 0x2a, 0x47,
  0x1d, 0x2a, 0x1d, 0x1d, 0x2a, 0x04, 0x05, 0x2a, 0x1d, 0x1d, 0x2a, 0x1d,
  0x1d, 0x2a, 0x1d, 0x1d, 0x2a, 0x1d, 0x47, 0x2a, 0x1d, 0x1d, 0x2a, 0x1d,
  0x1d, 0x2a, 0x1d, 0x1d, 0x2a, 0x1d, 0x47, 0x2a, 0x1d, 0x1d, 0x2a, 0x1d,
  0x1d, 0x2a, 0x1d, 0x1d, 0x2a, 0x1d, 0x47, 0x2a, 0x1d, 0x1d, 0x2a, 0x1d,
  0x1d, 0x2a, 0x1d, 0x1d, 0x2a, 0x1d, 0x47, 0x2a, 0x1d, 0x1d, 0x2a, 0x1d,
  0x1d, 0x2a, 0x1d, 0x1d, 0x2a, 0x1d, 0x47, 0x2a, 0x1d, 0x1d, 0x2a, 0x1d,
  0x1d, 0x2a, 0x1d, 0x1d, 0x2a, 0x1d, 0x47, 0x2a, 0x1d, 0x1d, 0x2a, 0x1d,
  0x1d, 0x2a, 0x1d, 0x1d, 0x2a, 0x1d, 0x47, 0x2a, 0x1d, 0x1d, 0x2a, 0x1d,
  0x1d, 0x2a, 0x1d, 0x1d, 0x2a, 0x1d, 0x47, 0x2a, 0x1d, 0x1d, 0x2a, 0x1d,
  0x1d, 0x2a, 0x1d, 0x1d, 0x2a, 0x1d, 0x47, 0x2a, 0x1d, 0x1d, 0x2a, 0x1d,
  0x1d, 0x2a, 0x1d, 0x1d, 0x2a, 0x1d, 0x47, 0x2a, 0x1d, 0x1d, 0x2a, 0x1d,
  0x1d, 0x2a, 0x1d, 0x1d, 0x2a, 0x1d, 0x04, 0xcd, 0x2a, 0x1d, 0x1d, 0x2a,
  0x1d, 0x1d, 0x2a, 0x1d, 0x1d, 0x2a, 0x1d, 0x47, 0x2a, 0x1d, 0x1d, 0x2a,
  0x1d, 0x1d, 0x2a, 0x1d, 0x1d, 0x2a, 0x1d, 0x00, 0x00, 0x38, 0x00, 0x00,
  0x00, 0x00, 0x03, 0x20, 0x03, 0xe8, 0x00, 0x07, 0x00, 0x0f, 0x00, 0x17,
  0x00, 0x1f, 0x00, 0x27, 0x00, 0x2f, 0x00, 0x37, 0x00, 0x3f, 0x00, 0x47,
  0x00, 0x4f, 0x00, 0x57, 0x00, 0x5f, 0x00, 0x67, 0x00, 0x6f, 0x00, 0x77,
  0x00, 0x7f, 0x00, 0x87, 0x00, 0x8f, 0x00, 0x97, 0x00, 0x9f, 0x00, 0xa7,
  0x00, 0xaf, 0x00, 0xb7, 0x00, 0xbf, 0x00, 0xc7, 0x00, 0xcf, 0x00, 0xd7,
  0x00, 0xdf, 0x00, 0xe7, 0x00, 0xef, 0x00, 0xf7, 0x00, 0xff, 0x01, 0x07,
  0x01, 0x0f, 0x01, 0x17, 0x01, 0x1f, 0x01, 0x27, 0x01, 0x2f, 0x01, 0x37,
  0x01, 0x3f, 0x01, 0x47, 0x01, 0x4f, 0x01, 0x57, 0x01, 0x5f, 0x01, 0x67,
  0x01, 0x6f, 0x01, 0x77, 0x01, 0x7f, 0x01, 0x87, 0x01, 0x8f, 0x01, 0x97,
  0x01, 0x9f, 0x01, 0xa7, 0x01, 0xaf, 0x01, 0xb7, 0x01, 0xbf, 0x00, 0x00,
  0x24, 0x34, 0x36, 0x32, 0x16, 0x14, 0x06, 0x22, 0x26, 0x34, 0x36, 0x32,
  0x16, 0x14, 0x06, 0x22, 0x26, 0x34, 0x36, 0x32, 0x16, 0x14, 0x06, 0x22,
  0x26, 0x34, 0x36, 0x32, 0x16, 0x14, 0x06, 0x22, 0x26, 0x34, 0x36, 0x32,
  0x16, 0x14, 0x06, 0x22, 0x26, 0x34, 0x36, 0x32, 0x16, 0x14, 0x06, 0x22,
  0x26, 0x34, 0x36, 0x32, 0x16, 0x14, 0x06, 0x22, 0x26, 0x34, 0x36, 0x32,
  0x16, 0x14, 0x06, 0x22, 0x26, 0x34, 0x36, 0x32, 0x16, 0x14, 0x06, 0x22,
  0x02, 0x34, 0x36, 0x32, 0x16, 0x14, 0x06, 0x22, 0x26, 0x34, 0x36, 0x32,
  0x16, 0x14, 0x06, 0x22, 0x26, 0x34, 0x36, 0x32, 0x16, 0x14, 0x06, 0x22,
  0x26, 0x34, 0x36, 0x32, 0x16, 0x14, 0x06, 0x22, 0x26, 0x34, 0x36, 0x32,
  0x16, 0x14, 0x06, 0x22, 0x24, 0x34, 0x36, 0x32, 0x16, 0x14, 0x06, 0x22,
  0x26, 0x34, 0x36, 0x32, 0x16, 0x14, 0x06, 0x22, 0x26, 0x34, 0x36, 0x32,
  0x16, 0x14, 0x06, 0x22, 0x26, 0x34, 0x36, 0x32, 0x16, 0x14, 0x06, 0x22,
  0x26, 0x34, 0x36, 0x32, 0x16, 0x14, 0x06, 0x22, 0x26, 0x34, 0x36, 0x32,
  0x16, 0x14, 0x06, 0x22, 0x26, 0x34, 0x36, 0x32, 0x16, 0x14, 0x06, 0x22,
  0x36, 0x34, 0x36, 0x32, 0x16, 0x14, 0x06, 0x22, 0x26, 0x34, 0x36, 0x32,
  0x16, 0x14, 0x06, 0x22, 0x36, 0x34, 0x36, 0x32, 0x16, 0x14, 0x06, 0x22,
  0x26, 0x34, 0x36, 0x32, 0x16, 0x14, 0x06, 0x22, 0x36, 0x34, 0x36, 0x32,
  0x16, 0x14, 0x06, 0x22, 0x36, 0x34, 0x36, 0x32, 0x16, 0x14, 0x06, 0x22,
  0x36, 0x34, 0x36, 0x32, 0x16, 0x14, 0x06, 0x22, 0x36, 0x34, 0x36, 0x32,
  0x16, 0x14, 0x06, 0x22, 0x24, 0x34, 0x36, 0x32, 0x16, 0x14, 0x06, 0x22,
  0x04, 0x34, 0x36, 0x32, 0x16, 0x14, 0x06, 0x22, 0x26, 0x34, 0x36, 0x32,
  0x16, 0x14, 0x06, 0x22, 0x26, 0x34, 0x36, 0x32, 0x16, 0x14, 0x06, 0x22,
  0x26, 0x34, 0x36, 0x32, 0x16, 0x14, 0x06, 0x22, 0x26, 0x34, 0x36, 0x32,
  0x16, 0x14, 0x06, 0x22, 0x26, 0x34, 0x36, 0x32, 0x16, 0x14, 0x06, 0x22,
  0x26, 0x34, 0x36, 0x32, 0x16, 0x14, 0x06, 0x22, 0x26, 0x34, 0x36, 0x32,
  0x16, 0x14, 0x06, 0x22, 0x26, 0x34, 0x36, 0x32, 0x16, 0x14, 0x06, 0x22,
  0x26, 0x34, 0x36, 0x32, 0x16, 0x14, 0x06, 0x22, 0x26, 0x34, 0x36, 0x32,
  0x16, 0x14, 0x06, 0x22, 0x26, 0x34, 0x36, 0x32, 0x16, 0x14, 0x06, 0x22,
  0x36, 0x34, 0x36, 0x32, 0x16, 0x14, 0x06, 0x22, 0x36, 0x34, 0x36, 0x32,
  0x16, 0x14, 0x06, 0x22, 0x36, 0x34, 0x36, 0x32, 0x16, 0x14, 0x06, 0x22,
  0x36, 0x34, 0x36, 0x32, 0x16, 0x14, 0x06, 0x22, 0x36, 0x34, 0x36, 0x32,
  0x16, 0x14, 0x06, 0x22, 0x26, 0x34, 0x36, 0x32, 0x16, 0x14, 0x06, 0x22,
  0x26, 0x34, 0x36, 0x32, 0x16, 0x14, 0x06, 0x22, 0x26, 0x34, 0x36, 0x32,
  0x16, 0x14, 0x06, 0x22, 0x26, 0x34, 0x36, 0x32, 0x16, 0x14, 0x06, 0x22,
  0x26, 0x34, 0x36, 0x32, 0x16, 0x14, 0x06, 0x22, 0x00, 0x34, 0x36, 0x32,
  0x16, 0x14, 0x06, 0x22, 0x26, 0x34, 0x36, 0x32, 0x16, 0x14, 0x06, 0x22,
  0x26, 0x34, 0x36, 0x32, 0x16, 0x14, 0x06, 0x22, 0x26, 0x34, 0x36, 0x32,
  0x16, 0x14, 0x06, 0x22, 0x02, 0xbc, 0x1d, 0x2a, 0x1d, 0x1d, 0x2a, 0x1d,
  0x1d, 0x2a, 0x1d, 0x1d, 0x2a, 0x1d, 0x1d, 0x2a, 0x1d, 0x1d, 0x2a, 0x1d,
  0x1d, 0x2a, 0x1d, 0x1d, 0x2a, 0x1d, 0x1d, 0x2a, 0x1d, 0x1d, 0x2a, 0x1d,
  0x1d, 0x2a, 0x1d, 0x1d, 0x2a, 0x1d, 0x1d, 0x2a, 0x1d, 0x1d, 0x2a, 0x1d,
  0x1d, 0x2a, 0x1d, 0x1d, 0x2a, 0x1d, 0x1d, 0x2a, 0x1d, 0x1d, 0x2a, 0x81,
  0x1d, 0x2a, 0x1d, 0x1d, 0x2a, 0xe5, 0x1d, 0x2a, 0x1d, 0x1d, 0x2a, 0x81,
  0x1d, 0x2a, 0x1d, 0x1d, 0x2a, 0x81, 0x1d, 0x2a, 0x1d, 0x1d, 0x2a, 0x81,
  0x1d, 0x2a, 0x1d, 0x1d, 0x2a, 0x01, 0xd7, 0x1d, 0x2a, 0x1d, 0x1d, 0x2a,
  0x81, 0x1d, 0x2a, 0x1d, 0x1d, 0x2a, 0x81, 0x1d, 0x2a, 0x1d, 0x1d, 0x2a,
  0x81, 0x1d, 0x2a, 0x1d, 0x1d, 0x2a, 0x81, 0x1d, 0x2a, 0x1d, 0x1d, 0x2a,
  0x81, 0x1d, 0x2a, 0x1d, 0x1d, 0x2a, 0x81, 0x1d, 0x2a, 0x1d, 0x1d, 0x2a,
  0x47, 0x1d, 0x2a, 0x1d, 0x1d, 0x2a, 0x81, 0x1d, 0x2a, 0x1d, 0x1d, 0x2a,
  0x47, 0x1d, 0x2a, 0x1d, 0x1d, 0x2a, 0x81, 0x1d, 0x2a, 0x1d, 0x1d, 0x2a,
  0x47, 0x1d, 0x2a, 0x1d, 0x1d, 0x2a, 0x47, 0x1d, 0x2a, 0x1d, 0x1d, 0x2a,
  0x47, 0x1d, 0x2a, 0x1d, 0x1d, 0x2a, 0x47, 0x1d, 0x2a, 0x1d, 0x1d, 0x2a,
  0xfe, 0x53, 0x1d, 0x2a, 0x1d, 0x1d, 0x2a, 0x02, 0x3b, 0x1d, 0x2a, 0x1d,
  0x1d, 0x2a, 0x1d, 0x1d, 0x2a, 0x1d, 0x1d, 0x2a, 0x1d, 0x1d, 0x2a, 0x1d,
  0x1d, 0x2a, 0x1d, 0x1d, 0x2a, 0x1d, 0x1d, 0x2a, 0x81, 0x1d, 0x2a, 0x1d,
  0x1d, 0x2a, 0x81, 0x1d, 0x2a, 0x1d, 0x1d, 0x2a, 0x81, 0x1d, 0x2a, 0x1d,
  0x1d, 0x2a, 0x81, 0x1d, 0x2a, 0x1d, 0x1d, 0x2a, 0x81, 0x1d, 0x2a, 0x1d,
  0x1d, 0x2a, 0x1d, 0x1d, 0x2a, 0x1d, 0x1d, 0x2a, 0x81, 0x1d, 0x2a, 0x1d,
  0x1d, 0x2a, 0x1d, 0x1d, 0x2a, 0x1d, 0x1d, 0x2a, 0x47, 0x1d, 0x2a, 0x1d,
  0x1d, 0x2a, 0x47, 0x1d, 0x2a, 0x1d, 0x1d, 0x2a, 0x47, 0x1d, 0x2a, 0x1d,
  0x1d, 0x2a, 0x47, 0x1d, 0x2a, 0x1d, 0x1d, 0x2a, 0x47, 0x1d, 0x2a, 0x1d,
  0x1d, 0x2a, 0x1d, 0x1d, 0x2a, 0x1d, 0x1d, 0x2a, 0x81, 0x1d, 0x2a, 0x1d,
  0x1d, 0x2a, 0x81, 0x1d, 0x2a, 0x1d, 0x1d, 0x2a, 0x81, 0x1d, 0x2a, 0x1d,
  0x1d, 0x2a, 0x81, 0x1d, 0x2a, 0x1d, 0x1d, 0x2a, 0x01, 0xd7, 0x1d, 0x2a,
  0x1d, 0x1d, 0x2a, 0x1d, 0x1d, 0x2a, 0x1d, 0x1d, 0x2a, 0x1d, 0x1d, 0x2a,
  0x1d, 0x1d, 0x2a, 0x1d, 0x1d, 0x2a, 0x1d, 0x1d, 0x2a, 0x1d, 0x2a, 0x1d,
  0x1d, 0x2a, 0x1d, 0x81, 0x2a, 0x1d, 0x1d, 0x2a, 0x1d, 0x81, 0x2a, 0x1d,
  0x1d, 0x2a, 0x1d, 0x81, 0x2a, 0x1d, 0x1d, 0x2a, 0x1d, 0x81, 0x2a, 0x1d,
  0x1d, 0x2a, 0x1d, 0x81, 0x2a, 0x1d, 0x1d, 0x2a, 0x1d, 0x81, 0x2a, 0x1d,
  0x1d, 0x2a, 0x1d, 0x81, 0x2a, 0x1d, 0x1d, 0x2a, 0x1d, 0x81, 0x2a, 0x1d,
  0x1d, 0x2a, 0x1d, 0xfc, 0xfd, 0x2a, 0x1d, 0x1d, 0x2a, 0x1d, 0x1d, 0x2a,
  0x1d, 0x1d, 0x2a, 0x1d, 0x1d, 0x2a, 0x1d, 0x1d, 0x2a, 0x1d, 0x1d, 0x2a,
  0x1d, 0x1d, 0x2a, 0x1d, 0x1d, 0x2a, 0x1d, 0x1d, 0x2a, 0x1d, 0x81, 0x2a,
  0x1d, 0x1d, 0x2a, 0x1d, 0x1d, 0x2a, 0x1d, 0x1d, 0x2a, 0x1d, 0x1d, 0x2a,
  0x1d, 0x1d, 0x2a, 0x1d, 0x1d, 0x2a, 0x1d, 0x1d, 0x2a, 0x1d, 0x1d, 0x2a,
  0x1d, 0x1d, 0x2a, 0x1d, 0x1d, 0x2a, 0x1d, 0x1d, 0x2a, 0x1d, 0x1d, 0x2a,
  0x1d, 0x1d, 0x2a, 0x1d, 0x81, 0x2a, 0x1d, 0x1d, 0x2a, 0x1d, 0x1d, 0x2a,
  0x1d, 0x1d, 0x2a, 0x1d, 0x81, 0x2a, 0x1d, 0x1d, 0x2a, 0x1d, 0x1d, 0x2a,
  0x1d, 0x1d, 0x2a, 0x1d, 0x81, 0x2a, 0x1d, 0x1d, 0x2a, 0x1d, 0x1d, 0x2a,
  0x1d, 0x1d, 0x2a, 0x1d, 0x1d, 0x2a, 0x1d, 0x1d, 0x2a, 0x1d, 0x1d, 0x2a,
  0x1d, 0x1d, 0x2a, 0x1d, 0x1d, 0x2a, 0x1d, 0x1d, 0x2a, 0x1d, 0xab, 0x2a,
  0x1d, 0x1d, 0x2a, 0x1d, 0x81, 0x2a, 0x1d, 0x1d, 0x2a, 0x1d, 0x81, 0x2a,
  0x1d, 0x1d, 0x2a, 0x1d, 0x81, 0x2a, 0x1d, 0x1d, 0x2a, 0x1d, 0x1d, 0x2a,
  0x1d, 0x1d, 0x2a, 0x1d, 0x1d, 0x2a, 0x1d, 0x1d, 0x2a, 0x1d, 0x1d, 0x2a,
  0x1d, 0x1d, 0x2a, 0x1d, 0x1d, 0x2a, 0x1d, 0x1d, 0x2a, 0x1d, 0x1d, 0x2a,
  0x1d, 0x1d, 0x2a, 0x1d, 0xe5, 0x2a, 0x1d, 0x1d, 0x2a, 0x1d, 0x1d, 0x2a,
  0x1d, 0x1d, 0x2a, 0x1d, 0x81, 0x2a, 0x1d, 0x1d, 0x2a, 0x1d, 0x1d, 0x2a,
  0x1d, 0x1d, 0x2a, 0x1d, 0x1d, 0x2a, 0x1d, 0x1d, 0x2a, 0x1d, 0x1d, 0x2a,
  0x1d, 0x1d, 0x2a, 0x1d, 0x1d, 0x2a, 0x1d, 0x1d, 0x2a, 0x1d, 0x1d, 0x2a,
  0x1d, 0x1d, 0x2a, 0x1d, 0x81, 0x2a, 0x1d, 0x1d, 0x2a, 0x1d, 0x1d, 0x2a,
  0x1d, 0x1d, 0x2a, 0x1d, 0x1d, 0x2a, 0x1d, 0x1d, 0x2a, 0x1d, 0x1d, 0x2a,
  0x1d, 0x1d, 0x2a, 0x1d, 0x1d, 0x2a, 0x1d, 0x1d, 0x2a, 0x1d, 0xfe, 0xf1,
  0x2a, 0x1d, 0x1d, 0x2a, 0x1d, 0x81, 0x2a, 0x1d, 0x1d, 0x2a, 0x1d, 0x81,
  0x2a, 0x1d, 0x1d, 0x2a, 0x1d, 0x81, 0x2a, 0x1d, 0x1d, 0x2a, 0x1d, 0x00,
  0x00, 0x3e, 0x00, 0x00, 0x00, 0x00, 0x03, 0x84, 0x05, 0x14, 0x00, 0x07,
  0x00, 0x0f, 0x00, 0x17, 0x00, 0x1f, 0x00, 0x27, 0x00, 0x2f, 0x00, 0x37,
  0x00, 0x3f, 0x00, 0x47, 0x00, 0x4f, 0x00, 0x57, 0x00, 0x5f, 0x00, 0x67,
  0x00, 0x6f, 0x00, 0x77, 0x00, 0x7f, 0x00, 0x87, 0x00, 0x8f, 0x00, 0x97,
  0x00, 0x9f, 0x00, 0xa7, 0x00, 0xaf, 0x00, 0xb7, 0x00, 0xbf, 0x00, 0xc7,
  0x00, 0xcf, 0x00, 0xd7, 0x00, 0xdf, 0x00, 0xe7, 0x00, 0xef, 0x00, 0xf7,
  0x00, 0xff, 0x01, 0x07, 0x01, 0x0f, 0x01, 0x17, 0x01, 0x1f, 0x01, 0x27,
  0x01, 0x2f, 0x01, 0x37, 0x01, 0x3f, 0x01, 0x47, 0x01, 0x4f, 0x01, 0x57,
  0x01, 0x5f, 0x01, 0x67, 0x01, 0x6f, 0x01, 0x77, 0x01, 0x7f, 0x01, 0x87,
  0x01, 0x8f, 0x01, 0x97, 0x01, 0x9f, 0x01, 0xa7, 0x01, 0xaf, 0x01, 0xb7,
  0x01, 0xbf, 0x01, 0xc7, 0x01, 0xcf, 0x01, 0xd7, 0x01, 0xdf, 0x01, 0xe7,
  0x01, 0xef, 0x00, 0x00, 0x00, 0x34, 0x36, 0x32, 0x16, 0x14, 0x06, 0x22,
  0x26, 0x34, 0x36, 0x32, 0x16, 0x14, 0x06, 0x22, 0x26, 0x34, 0x36, 0x32,
  0x16, 0x14, 0x06, 0x22, 0x06, 0x34, 0x36, 0x32, 0x16, 0x14, 0x06, 0x22,
  0x36, 0x34, 0x36, 0x32, 0x16, 0x14, 0x06, 0x22, 0x36, 0x34, 0x36, 0x32,
  0x16, 0x14, 0x06, 0x22, 0x36, 0x34, 0x36, 0x32, 0x16, 0x14, 0x06, 0x22,
  0x36, 0x34, 0x36, 0x32, 0x16, 0x14, 0x06, 0x22, 0x36, 0x34, 0x36, 0x32,
  0x16, 0x14, 0x06, 0x22, 0x36, 0x34, 0x36, 0x32, 0x16, 0x14, 0x06, 0x22,
  0x16, 0x34, 0x36, 0x32, 0x16, 0x14, 0x06, 0x22, 0x00, 0x34, 0x36, 0x32,
  0x16, 0x14, 0x06, 0x22, 0x26, 0x34, 0x36, 0x32, 0x16, 0x14, 0x06, 0x22,
  0x26, 0x34, 0x36, 0x32, 0x16, 0x14, 0x06, 0x22, 0x26, 0x34, 0x36, 0x32,
  0x16, 0x14, 0x06, 0x22, 0x06, 0x34, 0x36, 0x32, 0x16, 0x14, 0x06, 0x22,
  0x06, 0x34, 0x36, 0x32, 0x16, 0x14, 0x06, 0x22, 0x06, 0x34, 0x36, 0x32,
  0x16, 0x14, 0x06, 0x22, 0x06, 0x34, 0x36, 0x32, 0x16, 0x14, 0x06, 0x22,
  0x36, 0x34, 0x36, 0x32, 0x16, 0x14, 0x06, 0x22, 0x24, 0x34, 0x36, 0x32,
  0x16, 0x14, 0x06, 0x22, 0x16, 0x34, 0x36, 0x32, 0x16, 0x14, 0x06, 0x22,
  0x26, 0x34, 0x36, 0x32, 0x16, 0x14, 0x06, 0x22, 0x16, 0x34, 0x36, 0x32,
  0x16, 0x14, 0x06, 0x22, 0x06, 0x34, 0x36, 0x32, 0x16, 0x14, 0x06, 0x22,
  0x06, 0x34, 0x36, 0x32, 0x16, 0x14, 0x06, 0x22, 0x06, 0x34, 0x36, 0x32,
  0x16, 0x14, 0x06, 0x22, 0x06, 0x34, 0x36, 0x32, 0x16, 0x14, 0x06, 0x22,
  0x26, 0x34, 0x36, 0x32, 0x16, 0x14, 0x06, 0x22, 0x06, 0x34, 0x36, 0x32,
  0x16, 0x14, 0x06, 0x22, 0x26, 0x34, 0x36, 0x32, 0x16, 0x14, 0x06, 0x22,
  0x36, 0x34, 0x36, 0x32, 0x16, 0x14, 0x06, 0x22, 0x26, 0x34, 0x36, 0x32,
  0x16, 0x14, 0x06, 0x22, 0x26, 0x34, 0x36, 0x32, 0x16, 0x14, 0x06, 0x22,
  0x26, 0x34, 0x36, 0x32, 0x16, 0x14, 0x06, 0x22, 0x02, 0x34, 0x36, 0x32,
  0x16, 0x14, 0x06, 0x22, 0x36, 0x34, 0x36, 0x32, 0x16, 0x14, 0x06, 0x22,
  0x26, 0x34, 0x36, 0x32, 0x16, 0x14, 0x06, 0x22, 0x26, 0x34, 0x36, 0x32,
  0x16, 0x14, 0x06, 0x22, 0x26, 0x34, 0x36, 0x32, 0x16, 0x14, 0x06, 0x22,
  0x36, 0x34, 0x36, 0x32, 0x16, 0x14, 0x06, 0x22, 0x36, 0x34, 0x36, 0x32,
  0x16, 0x14, 0x06, 0x22, 0x36, 0x34, 0x36, 0x32, 0x16, 0x14, 0x06, 0x22,
  0x24, 0x34, 0x36, 0x32, 0x16, 0x14, 0x06, 0x22, 0x12, 0x34, 0x36, 0x32,
  0x16, 0x14, 0x06, 0x22, 0x00, 0x34, 0x36, 0x32, 0x16, 0x14, 0x06, 0x22,
  0x24, 0x34, 0x36, 0x32, 0x16, 0x14, 0x06, 0x22, 0x02, 0x34, 0x36, 0x32,
  0x16, 0x14, 0x06, 0x22, 0x26, 0x34, 0x36, 0x32, 0x16, 0x14, 0x06, 0x22,
  0x06, 0x34, 0x36, 0x32, 0x16, 0x14, 0x06, 0x22, 0x06, 0x34, 0x36, 0x32,
  0x16, 0x14, 0x06, 0x22, 0x06, 0x34, 0x36, 0x32, 0x16, 0x14, 0x06, 0x22,
  0x06, 0x34, 0x36, 0x32, 0x16, 0x14, 0x06, 0x22, 0x06, 0x34, 0x36, 0x32,
  0x16, 0x14, 0x06, 0x22, 0x06, 0x34, 0x36, 0x32, 0x16, 0x14, 0x06, 0x22,
  0x06, 0x34, 0x36, 0x32, 0x16, 0x14, 0x06, 0x22, 0x36, 0x34, 0x36, 0x32,
  0x16, 0x14, 0x06, 0x22, 0x26, 0x34, 0x36, 0x32, 0x16, 0x14, 0x06, 0x22,
  0x26, 0x34, 0x36, 0x32, 0x16, 0x14, 0x06, 0x22, 0x26, 0x34, 0x36, 0x32,
  0x16, 0x14, 0x06, 0x22, 0x26, 0x34, 0x36, 0x32, 0x16, 0x14, 0x06, 0x22,
  0x26, 0x34, 0x36, 0x32, 0x16, 0x14, 0x06, 0x22, 0x01, 0xf4, 0x1d, 0x2a,
  0x1d, 0x1d, 0x2a, 0x81, 0x1d, 0x2a, 0x1d, 0x1d, 0x2a, 0x81, 0x1d, 0x2a,
  0x1d, 0x1d, 0x2a, 0xe5, 0x1d, 0x2a, 0x1d, 0x1d, 0x2a, 0x47, 0x1d, 0x2a,
  0x1d, 0x1d, 0x2a, 0x47, 0x1d, 0x2a, 0x1d, 0x1d, 0x2a, 0x47, 0x1d, 0x2a,
  0x1d, 0x1d, 0x2a, 0x47, 0x1d, 0x2a, 0x1d, 0x1d, 0x2a, 0x47, 0x1d, 0x2a,
  0x1d, 0x1d, 0x2a, 0x47, 0x1d, 0x2a, 0x1d, 0x1d, 0x2a, 0x47, 0x1d, 0x2a,
  0x1d, 0x1d, 0x2a, 0xfd, 0x27, 0x1d, 0x2a, 0x1d, 0x1d, 0x2a, 0x1d, 0x1d,
  0x2a, 0x1d, 0x1d, 0x2a, 0x1d, 0x1d, 0x2a, 0x1d, 0x1d, 0x2a, 0x81, 0x1d,
  0x2a, 0x1d, 0x1d, 0x2a, 0x1d, 0x1d, 0x2a, 0x1d, 0x1d, 0x2a, 0x1d, 0x1d,
  0x2a, 0x1d, 0x1d, 0x2a, 0x1d, 0x1d, 0x2a, 0x1d, 0x1d, 0x2a, 0x1d, 0x1d,
  0x2a, 0x1d, 0x1d, 0x2a, 0x47, 0x1d, 0x2a, 0x1d, 0x1d, 0x2a, 0x01, 0xd7,
  0x1d, 0x2a, 0x1d, 0x1d, 0x2a, 0x47, 0x1d, 0x2a, 0x1d, 0x1d, 0x2a, 0x81,
  0x1d, 0x2a, 0x1d, 0x1d, 0x2a, 0xab, 0x1d, 0x2a, 0x1d, 0x1d, 0x2a, 0x1d,
  0x1d, 0x2a, 0x1d, 0x1d, 0x2a, 0x1d, 0x1d, 0x2a, 0x1d, 0x1d, 0x2a, 0x1d,
  0x1d, 0x2a, 0x1d, 0x1d, 0x2a, 0x1d, 0x1d, 0x2a, 0x1d, 0x1d, 0x2a, 0x81,
  0x1d, 0x2a, 0x1d, 0x1d, 0x2a, 0x1d, 0x1d, 0x2a, 0x1d, 0x1d, 0x2a, 0x81,
  0x1d, 0x2a, 0x1d, 0x1d, 0x2a, 0x47, 0x1d, 0x2a, 0x1d, 0x1d, 0x2a, 0x1d,
  0x1d, 0x2a, 0x1d, 0x1d, 0x2a, 0x1d, 0x1d, 0x2a, 0x1d, 0x1d, 0x2a, 0x1d,
  0x1d, 0x2a, 0x1d, 0x1d, 0x2a, 0xe5, 0x1d, 0x2a, 0x1d, 0x1d, 0x2a, 0x47,
  0x1d, 0x2a, 0x1d, 0x1d, 0x2a, 0xe5, 0x1d, 0x2a, 0x1d, 0x1d, 0x2a, 0x81,
  0x1d, 0x2a, 0x1d, 0x1d, 0x2a, 0x81, 0x1d, 0x2a, 0x1d, 0x1d, 0x2a, 0x47,
  0x1d, 0x2a, 0x1d, 0x1d, 0x2a, 0x47, 0x1d, 0x2a, 0x1d, 0x1d, 0x2a, 0x47,
  0x1d, 0x2a, 0x1d, 0x1d, 0x2a, 0xfe, 0x53, 0x1d, 0x2a, 0x1d, 0x1d, 0x2a,
  0x47, 0x1d, 0x2a, 0x1d, 0x1d, 0x2a, 0x01, 0x73, 0x1d, 0x2a, 0x1d, 0x1d,
  0x2a, 0xfe, 0x53, 0x1d, 0x2a, 0x1d, 0x1d, 0x2a, 0x81, 0x1d, 0x2a, 0x1d,
  0x1d, 0x2a, 0x81, 0x1d, 0x2a, 0x1d, 0x1d, 0x2a, 0x1d, 0x1d, 0x2a, 0x1d,
  0x1d, 0x2a, 0x1d, 0x1d, 0x2a, 0x1d, 0x1d, 0x2a, 0x1d, 0x1d, 0x2a, 0x1d,
  0x1d, 0x2a, 0x1d, 0x1d, 0x2a, 0x1d, 0x1d, 0x2a, 0x1d, 0x1d, 0x2a, 0x1d,
  0x1d, 0x2a, 0x1d, 0x1d, 0x2a, 0x1d, 0x1d, 0x2a, 0x1d, 0x1d, 0x2a, 0x1d,
  0x1d, 0x2a, 0x47, 0x1d, 0x2a, 0x1d, 0x1d, 0x2a, 0x1d, 0x1d, 0x2a, 0x1d,
  0x1d, 0x2a, 0x1d, 0x1d, 0x2a, 0x1d, 0x1d, 0x2a, 0x1d, 0x1d, 0x2a, 0x1d,
  0x1d, 0x2a, 0x1d, 0x1d, 0x2a, 0x1d, 0x1d, 0x2a, 0x1d, 0x1d, 0x2a, 0x1d,
  0x1d, 0x2a, 0x03, 0xa1, 0x2a, 0x1d, 0x1d, 0x2a, 0x1d, 0x1d, 0x2a, 0x1d,
  0x1d, 0x2a, 0x1d, 0x1d, 0x2a, 0x1d, 0x1d, 0x2a, 0x1d, 0x47, 0x2a, 0x1d,
  0x1d, 0x2a, 0x1d, 0x1d, 0x2a, 0x1d, 0x1d, 0x2a, 0x1d, 0x1d, 0x2a, 0x1d,
  0x1d, 0x2a, 0x1d, 0x1d, 0x2a, 0x1d, 0x1d, 0x2a, 0x1d, 0x1d, 0x2a, 0x1d,
  0x1d, 0x2a, 0x1d, 0x1d, 0x2a, 0x1d, 0x1d, 0x2a, 0x1d, 0x1d, 0x2a, 0x1d,
  0x1d, 0x2a, 0x1d, 0x47, 0x2a, 0x1d, 0x1d, 0x2a, 0x1d, 0x01, 0x49, 0x2a,
  0x1d, 0x1d, 0x2a, 0x1d, 0x81, 0x2a, 0x1d, 0x1d, 0x2a, 0x1d, 0x81, 0x2a,
  0x1d, 0x1d, 0x2a, 0x1d, 0x1d, 0x2a, 0x1d, 0x1d, 0x2a, 0x1d, 0x47, 0x2a,
  0x1d, 0x1d, 0x2a, 0x1d, 0x47, 0x2a, 0x1d, 0x1d, 0x2a, 0x1d, 0x47, 0x2a,
  0x1d, 0x1d, 0x2a, 0x1d, 0x47, 0x2a, 0x1d, 0x1d, 0x2a, 0x1d, 0x81, 0x2a,
  0x1d, 0x1d, 0x2a, 0x1d, 0x1d, 0x2a, 0x1d, 0x1d, 0x2a, 0x1d, 0xab, 0x2a,
  0x1d, 0x1d, 0x2a, 0x1d, 0x1d, 0x2a, 0x1d, 0x1d, 0x2a, 0x1d, 0x47, 0x2a,
  0x1d, 0x1d, 0x2a, 0x1d, 0x47, 0x2a, 0x1d, 0x1d, 0x2a, 0x1d, 0x47, 0x2a,
  0x1d, 0x1d, 0x2a, 0x1d, 0x47, 0x2a, 0x1d, 0x1d, 0x2a, 0x1d, 0x47, 0x2a,
  0x1d, 0x1d, 0x2a, 0x1d, 0x1d, 0x2a, 0x1d, 0x1d, 0x2a, 0x1d, 0x47, 0x2a,
  0x1d, 0x1d, 0x2a, 0x1d, 0x1d, 0x2a, 0x1d, 0x1d, 0x2a, 0x1d, 0xe5, 0x2a,
  0x1d, 0x1d, 0x2a, 0x1d, 0x81, 0x2a, 0x1d, 0x1d, 0x2a, 0x1d, 0x81, 0x2a,
  0x1d, 0x1d, 0x2a, 0x1d, 0x81, 0x2a, 0x1d, 0x1d, 0x2a, 0x1d, 0xfd, 0xc5,
  0x2a, 0x1d, 0x1d, 0x2a, 0x1d, 0x1d, 0x2a, 0x1d, 0x1d, 0x2a, 0x1d, 0x1d,
  0x2a, 0x1d, 0x1d, 0x2a, 0x1d, 0x1d, 0x2a, 0x1d, 0x1d, 0x2a, 0x1d, 0x81,
  0x2a, 0x1d, 0x1d, 0x2a, 0x1d, 0x1d, 0x2a, 0x1d, 0x1d, 0x2a, 0x1d, 0x1d,
  0x2a, 0x1d, 0x1d, 0x2a, 0x1d, 0x1d, 0x2a, 0x1d, 0x1d, 0x2a, 0x1d, 0x1d,
  0x2a, 0x1d, 0x1d, 0x2a, 0x1d, 0x02, 0x75, 0x2a, 0x1d, 0x1d, 0x2a, 0x1d,
  0xfe, 0x29, 0x2a, 0x1d, 0x1d, 0x2a, 0x1d, 0x1d, 0x2a, 0x1d, 0x1d, 0x2a,
  0x1d, 0x02, 0x11, 0x2a, 0x1d, 0x1d, 0x2a, 0x1d, 0x1d, 0x2a, 0x1d, 0x1d,
  0x2a, 0x1d, 0x47, 0x2a, 0x1d, 0x1d, 0x2a, 0x1d, 0x47, 0x2a, 0x1d, 0x1d,
  0x2a, 0x1d, 0x47, 0x2a, 0x1d, 0x1d, 0x2a, 0x1d, 0x47, 0x2a, 0x1d, 0x1d,
  0x2a, 0x1d, 0x47, 0x2a, 0x1d, 0x1d, 0x2a, 0x1d, 0x47, 0x2a, 0x1d, 0x1d,
  0x2a, 0x1d, 0x47, 0x2a, 0x1d, 0x1d, 0x2a, 0x1d, 0x1d, 0x2a, 0x1d, 0x1d,
  0x2a, 0x1d, 0xe5, 0x2a, 0x1d, 0x1d, 0x2a, 0x1d, 0x81, 0x2a, 0x1d, 0x1d,
  0x2a, 0x1d, 0x81, 0x2a, 0x1d, 0x1d, 0x2a, 0x1d, 0x81, 0x2a, 0x1d, 0x1d,
  0x2a, 0x1d, 0x81, 0x2a, 0x1d, 0x1d, 0x2a, 0x1d, 0x00, 0x30, 0x00, 0x00,
  0x00, 0x00, 0x03, 0x84, 0x03, 0xe8, 0x00, 0x07, 0x00, 0x0f, 0x00, 0x17,
  0x00, 0x1f, 0x00, 0x27, 0x00, 0x2f, 0x00, 0x37, 0x00, 0x3f, 0x00, 0x47,
  0x00, 0x4f, 0x00, 0x57, 0x00, 0x5f, 0x00, 0x67, 0x00, 0x6f, 0x00, 0x77,
  0x00, 0x7f, 0x00, 0x87, 0x00, 0x8f, 0x00, 0x97, 0x00, 0x9f, 0x00, 0xa7,
  0x00, 0xaf, 0x00, 0xb7, 0x00, 0xbf, 0x00, 0xc7, 0x00, 0xcf, 0x00, 0xd7,
  0x00, 0xdf, 0x00, 0xe7, 0x00, 0xef, 0x00, 0xf7, 0x00, 0xff, 0x01, 0x07,
  0x01, 0x0f, 0x01, 0x17, 0x01, 0x1f, 0x01, 0x27, 0x01, 0x2f, 0x01, 0x37,
  0x01, 0x3f, 0x01, 0x47, 0x01, 0x4f, 0x01, 0x57, 0x01, 0x5f, 0x01, 0x67,
  0x01, 0x6f, 0x01, 0x77, 0x01, 0x7f, 0x00, 0x00, 0x3c, 0x01, 0x36, 0x32,
  0x16, 0x14, 0x06, 0x22, 0x16, 0x34, 0x36, 0x32, 0x16, 0x14, 0x06, 0x22,
  0x16, 0x34, 0x36, 0x32, 0x16, 0x14, 0x06, 0x22, 0x36, 0x34, 0x36, 0x32,
  0x16, 0x14, 0x06, 0x22, 0x36, 0x34, 0x36, 0x32, 0x16, 0x14, 0x06, 0x22,
  0x36, 0x34, 0x36, 0x32, 0x16, 0x14, 0x06, 0x22, 0x36, 0x34, 0x36, 0x32,
  0x16, 0x14, 0x06, 0x22, 0x26, 0x34, 0x36, 0x32, 0x16, 0x14, 0x06, 0x22,
  0x26, 0x34, 0x36, 0x32, 0x16, 0x14, 0x06, 0x22, 0x26, 0x34, 0x36, 0x32,
  0x16, 0x14, 0x06, 0x22, 0x26, 0x34, 0x36, 0x32, 0x16, 0x14, 0x06, 0x22,
  0x26, 0x34, 0x36, 0x32, 0x16, 0x14, 0x06, 0x22, 0x26, 0x34, 0x36, 0x32,
  0x16, 0x14, 0x06, 0x22, 0x26, 0x34, 0x36, 0x32, 0x16, 0x14, 0x06, 0x22,
  0x26, 0x34, 0x36, 0x32, 0x16, 0x14, 0x06, 0x22, 0x26, 0x34, 0x36, 0x32,
  0x16, 0x14, 0x06, 0x22, 0x26, 0x34, 0x36, 0x32, 0x16, 0x14, 0x06, 0x22,
  0x26, 0x34, 0x36, 0x32, 0x16, 0x14, 0x06, 0x22, 0x36, 0x34, 0x36, 0x32,
  0x16, 0x14, 0x06, 0x22, 0x06, 0x34, 0x36, 0x32, 0x16, 0x14, 0x06, 0x22,
  0x06, 0x34, 0x36, 0x32, 0x16, 0x14, 0x06, 0x22, 0x06, 0x34, 0x36, 0x32,
  0x16, 0x14, 0x06, 0x22, 0x06, 0x34, 0x36, 0x32, 0x16, 0x14, 0x06, 0x22,
  0x04, 0x34, 0x36, 0x32, 0x16, 0x14, 0x06, 0x22, 0x36, 0x34, 0x36, 0x32,
  0x16, 0x14, 0x06, 0x22, 0x26, 0x34, 0x36, 0x32, 0x16, 0x14, 0x06, 0x22,
  0x24, 0x34, 0x36, 0x32, 0x16, 0x14, 0x06, 0x22, 0x24, 0x34, 0x36, 0x32,
  0x16, 0x14, 0x06, 0x22, 0x00, 0x34, 0x36, 0x32, 0x16, 0x14, 0x06, 0x22,
  0x26, 0x34, 0x36, 0x32, 0x16, 0x14, 0x06, 0x22, 0x36, 0x34, 0x36, 0x32,
  0x16, 0x14, 0x06, 0x22, 0x26, 0x34, 0x36, 0x32, 0x16, 0x14, 0x06, 0x22,
  0x36, 0x34, 0x36, 0x32, 0x16, 0x14, 0x06, 0x22, 0x36, 0x34, 0x36, 0x32,
  0x16, 0x14, 0x06, 0x22, 0x36, 0x34, 0x36, 0x32, 0x16, 0x14, 0x06, 0x22,
  0x36, 0x34, 0x36, 0x32, 0x16, 0x14, 0x06, 0x22, 0x06, 0x34, 0x36, 0x32,
  0x16, 0x14, 0x06, 0x22, 0x26, 0x34, 0x36, 0x32, 0x16, 0x14, 0x06, 0x22,
  0x26, 0x34, 0x36, 0x32, 0x16, 0x14, 0x06, 0x22, 0x26, 0x34, 0x36, 0x32,
  0x16, 0x14, 0x06, 0x22, 0x04, 0x34, 0x36, 0x32, 0x16, 0x14, 0x06, 0x22,
  0x36, 0x34, 0x36, 0x32, 0x16, 0x14, 0x06, 0x22, 0x36, 0x34, 0x36, 0x32,
  0x16, 0x14, 0x06, 0x22, 0x26, 0x34, 0x36, 0x32, 0x16, 0x14, 0x06, 0x22,
  0x16, 0x34, 0x36, 0x32, 0x16, 0x14, 0x06, 0x22, 0x26, 0x34, 0x36, 0x32,
  0x16, 0x14, 0x06, 0x22, 0x02, 0x34, 0x36, 0x32, 0x16, 0x14, 0x06, 0x22,
  0x36, 0x34, 0x36, 0x32, 0x16, 0x14, 0x06, 0x22, 0x1d, 0x2a, 0x1d, 0x1d,
  0x2a, 0x47, 0x1d, 0x2a, 0x1d, 0x1d, 0x2a, 0x47, 0x1d, 0x2a, 0x1d, 0x1d,
  0x2a, 0x47, 0x1d, 0x2a, 0x1d, 0x1d, 0x2a, 0x47, 0x1d, 0x2a, 0x1d, 0x1d,
  0x2a, 0x47, 0x1d, 0x2a, 0x1d, 0x1d, 0x2a, 0x47, 0x1d, 0x2a, 0x1d, 0x1d,
  0x2a, 0x1d, 0x1d, 0x2a, 0x1d, 0x1d, 0x2a, 0x81, 0x1d, 0x2a, 0x1d, 0x1d,
  0x2a, 0x81, 0x1d, 0x2a, 0x1d, 0x1d, 0x2a, 0x81, 0x1d, 0x2a, 0x1d, 0x1d,
  0x2a, 0x81, 0x1d, 0x2a, 0x1d, 0x1d, 0x2a, 0x81, 0x1d, 0x2a, 0x1d, 0x1d,
  0x2a, 0x81, 0x1d, 0x2a, 0x1d, 0x1d, 0x2a, 0x1d, 0x1d, 0x2a, 0x1d, 0x1d,
  0x2a, 0x1d, 0x1d, 0x2a, 0x1d, 0x1d, 0x2a, 0x1d, 0x1d, 0x2a, 0x1d, 0x1d,
  0x2a, 0x1d, 0x1d, 0x2a, 0x1d, 0x1d, 0x2a, 0x47, 0x1d, 0x2a, 0x1d, 0x1d,
  0x2a, 0x1d, 0x1d, 0x2a, 0x1d, 0x1d, 0x2a, 0x1d, 0x1d, 0x2a, 0x1d, 0x1d,
  0x2a, 0x1d, 0x1d, 0x2a, 0x1d, 0x1d, 0x2a, 0x1d, 0x1d, 0x2a, 0x1d, 0x1d,
  0x2a, 0x02, 0x3b, 0x1d, 0x2a, 0x1d, 0x1d, 0x2a, 0x47, 0x1d, 0x2a, 0x1d,
  0x1d, 0x2a, 0x81, 0x1d, 0x2a, 0x1d, 0x1d, 0x2a, 0xfd, 0xef, 0x1d, 0x2a,
  0x1d, 0x1d, 0x2a, 0x01, 0x73, 0x1d, 0x2a, 0x1d, 0x1d, 0x2a, 0xfe, 0x53,
  0x1d, 0x2a, 0x1d, 0x1d, 0x2a, 0x81, 0x1d, 0x2a, 0x1d, 0x1d, 0x2a, 0x47,
  0x1d, 0x2a, 0x1d, 0x1d, 0x2a, 0x1d, 0x1d, 0x2a, 0x1d, 0x1d, 0x2a, 0x47,
  0x1d, 0x2a, 0x1d, 0x1d, 0x2a, 0x47, 0x1d, 0x2a, 0x1d, 0x1d, 0x2a, 0x47,
  0x1d, 0x2a, 0x1d, 0x1d, 0x2a, 0x47, 0x1d, 0x2a, 0x1d, 0x1d, 0x2a, 0x1d,
  0x1d, 0x2a, 0x1d, 0x1d, 0x2a, 0x81, 0x1d, 0x2a, 0x1d, 0x1d, 0x2a, 0x81,
  0x1d, 0x2a, 0x1d, 0x1d, 0x2a, 0x81, 0x1d, 0x2a, 0x1d, 0x1d, 0x2a, 0x01,
  0x0f, 0x1d, 0x2a, 0x1d, 0x1d, 0x2a, 0x47, 0x1d, 0x2a, 0x1d, 0x1d, 0x2a,
  0x47, 0x1d, 0x2a, 0x1d, 0x1d, 0x2a, 0x81, 0x1d, 0x2a, 0x1d, 0x1d, 0x2a,
  0x47, 0x1d, 0x2a, 0x1d, 0x1d, 0x2a, 0x81, 0x1d, 0x2a, 0x1d, 0x1d, 0x2a,
  0x1d, 0x1d, 0x2a, 0x1d, 0x1d, 0x2a, 0x47, 0x1d, 0x2a, 0x1d, 0x1d, 0x2a,
  0xe5, 0x2a, 0x1d, 0x1d, 0x2a, 0x1d, 0x47, 0x2a, 0x1d, 0x1d, 0x2a, 0x1d,
  0x47, 0x2a, 0x1d, 0x1d, 0x2a, 0x1d, 0x1d, 0x2a, 0x1d, 0x1d, 0x2a, 0x1d,
  0x1d, 0x2a, 0x1d, 0x1d, 0x2a, 0x1d, 0x1d, 0x2a, 0x1d, 0x1d, 0x2a, 0x1d,
  0x1d, 0x2a, 0x1d, 0x1d, 0x2a, 0x1d, 0x81, 0x2a, 0x1d, 0x1d, 0x2a, 0x1d,
  0x1d, 0x2a, 0x1d, 0x1d, 0x2a, 0x1d, 0x1d, 0x2a, 0x1d, 0x1d, 0x2a, 0x1d,
  0x1d, 0x2a, 0x1d, 0x1d, 0x2a, 0x1d, 0x1d, 0x2a, 0x1d, 0x1d, 0x2a, 0x1d,
  0x81, 0x2a, 0x1d, 0x1d, 0x2a, 0x1d, 0x81, 0x2a, 0x1d, 0x1d, 0x2a, 0x1d,
  0x81, 0x2a, 0x1d, 0x1d, 0x2a, 0x1d, 0x81, 0x2a, 0x1d, 0x1d, 0x2a, 0x1d,
  0x81, 0x2a, 0x1d, 0x1d, 0x2a, 0x1d, 0x81, 0x2a, 0x1d, 0x1d, 0x2a, 0x1d,
  0x1d, 0x2a, 0x1d, 0x1d, 0x2a, 0x1d, 0x47, 0x2a, 0x1d, 0x1d, 0x2a, 0x1d,
  0x47, 0x2a, 0x1d, 0x1d, 0x2a, 0x1d, 0x47, 0x2a, 0x1d, 0x1d, 0x2a, 0x1d,
  0x47, 0x2a, 0x1d, 0x1d, 0x2a, 0x1d, 0xab, 0x2a, 0x1d, 0x1d, 0x2a, 0x1d,
  0x81, 0x2a, 0x1d, 0x1d, 0x2a, 0x1d, 0x1d, 0x2a, 0x1d, 0x1d, 0x2a, 0x1d,
  0x1d, 0x2a, 0x1d, 0x1d, 0x2a, 0x1d, 0x1d, 0x2a, 0x1d, 0x1d, 0x2a, 0x1d,
  0x02, 0x11, 0x2a, 0x1d, 0x1d, 0x2a, 0x1d, 0x81, 0x2a, 0x1d, 0x1d, 0x2a,
  0x1d, 0x1d, 0x2a, 0x1d, 0x1d, 0x2a, 0x1d, 0x81, 0x2a, 0x1d, 0x1d, 0x2a,
  0x1d, 0x1d, 0x2a, 0x1d, 0x1d, 0x2a, 0x1d, 0x1d, 0x2a, 0x1d, 0x1d, 0x2a,
  0x1d, 0x1d, 0x2a, 0x1d, 0x1d, 0x2a, 0x1d, 0x1d, 0x2a, 0x1d, 0x1d, 0x2a,
  0x1d, 0x47, 0x2a, 0x1d, 0x1d, 0x2a, 0x1d, 0x1d, 0x2a, 0x1d, 0x1d, 0x2a,
  0x1d, 0x1d, 0x2a, 0x1d, 0x1d, 0x2a, 0x1d, 0x1d, 0x2a, 0x1d, 0x1d, 0x2a,
  0x1d, 0x47, 0x2a, 0x1d, 0x1d, 0x2a, 0x1d, 0x1d, 0x2a, 0x1d, 0x1d, 0x2a,
  0x1d, 0x1d, 0x2a, 0x1d, 0x1d, 0x2a, 0x1d, 0x81, 0x2a, 0x1d, 0x1d, 0x2a,
  0x1d, 0xab, 0x2a, 0x1d, 0x1d, 0x2a, 0x1d, 0x1d, 0x2a, 0x1d, 0x1d, 0x2a,
  0x1d, 0xfe, 0xf1, 0x2a, 0x1d, 0x1d, 0x2a, 0x1d, 0x1d, 0x2a, 0x1d, 0x1d,
  0x2a, 0x1d, 0x00, 0x00, 0x00, 0x3e, 0x00, 0x00, 0x00, 0x00, 0x03, 0x84,
  0x05, 0x14, 0x00, 0x07, 0x00, 0x0f, 0x00, 0x17, 0x00, 0x1f, 0x00, 0x27,
  0x00, 0x2f, 0x00, 0x37, 0x00, 0x3f, 0x00, 0x47, 0x00, 0x4f, 0x00, 0x57,
  0x00, 0x5f, 0x00, 0x67, 0x00, 0x6f, 0x00, 0x77, 0x00, 0x7f, 0x00, 0x87,
  0x00, 0x8f, 0x00, 0x97, 0x00, 0x9f, 0x00, 0xa7, 0x00, 0xaf, 0x00, 0xb7,
  0x00, 0xbf, 0x00, 0xc7, 0x00, 0xcf, 0x00, 0xd7, 0x00, 0xdf, 0x00, 0xe7,
  0x00, 0xef, 0x00, 0xf7, 0x00, 0xff, 0x01, 0x07, 0x01, 0x0f, 0x01, 0x17,
  0x01, 0x1f, 0x01, 0x27, 0x01, 0x2f, 0x01, 0x37, 0x01, 0x3f, 0x01, 0x47,
  0x01, 0x4f, 0x01, 0x57, 0x01, 0x5f, 0x01, 0x67, 0x01, 0x6f, 0x01, 0x77,
  0x01, 0x7f, 0x01, 0x87, 0x01, 0x8f, 0x01, 0x97, 0x01, 0x9f, 0x01, 0xa7,
  0x01, 0xaf, 0x01, 0xb7, 0x01, 0xbf, 0x01, 0xc7, 0x01, 0xcf, 0x01, 0xd7,
  0x01, 0xdf, 0x01, 0xe7, 0x01, 0xef, 0x00, 0x00, 0x00, 0x34, 0x36, 0x32,
  0x16, 0x14, 0x06, 0x22, 0x26, 0x34, 0x36, 0x32, 0x16, 0x14, 0x06, 0x22,
  0x26, 0x34, 0x36, 0x32, 0x16, 0x14, 0x06, 0x22, 0x06, 0x34, 0x36, 0x32,
  0x16, 0x14, 0x06, 0x22, 0x36, 0x34, 0x36, 0x32, 0x16, 0x14, 0x06, 0x22,
  0x36, 0x34, 0x36, 0x32, 0x16, 0x14, 0x06, 0x22, 0x36, 0x34, 0x36, 0x32,
  0x16, 0x14, 0x06, 0x22, 0x36, 0x34, 0x36, 0x32, 0x16, 0x14, 0x06, 0x22,
  0x36, 0x34, 0x36, 0x32, 0x16, 0x14, 0x06, 0x22, 0x36, 0x34, 0x36, 0x32,
  0x16, 0x14, 0x06, 0x22, 0x16, 0x34, 0x36, 0x32, 0x16, 0x14, 0x06, 0x22,
  0x26, 0x34, 0x36, 0x32, 0x16, 0x14, 0x06, 0x22, 0x26, 0x34, 0x36, 0x32,
  0x16, 0x14, 0x06, 0x22, 0x26, 0x34, 0x36, 0x32, 0x16, 0x14, 0x06, 0x22,
  0x26, 0x34, 0x36, 0x32, 0x16, 0x14, 0x06, 0x22, 0x26, 0x34, 0x36, 0x32,
  0x16, 0x14, 0x06, 0x22, 0x26, 0x34, 0x36, 0x32, 0x16, 0x14, 0x06, 0x22,
  0x06, 0x34, 0x36, 0x32, 0x16, 0x14, 0x06, 0x22, 0x06, 0x34, 0x36, 0x32,
  0x16, 0x14, 0x06, 0x22, 0x06, 0x34, 0x36, 0x32, 0x16, 0x14, 0x06, 0x22,
  0x06, 0x34, 0x36, 0x32, 0x16, 0x14, 0x06, 0x22, 0x26, 0x34, 0x36, 0x32,
  0x16, 0x14, 0x06, 0x22, 0x16, 0x34, 0x36, 0x32, 0x16, 0x14, 0x06, 0x22,
  0x06, 0x34, 0x36, 0x32, 0x16, 0x14, 0x06, 0x22, 0x06, 0x34, 0x36, 0x32,
  0x16, 0x14, 0x06, 0x22, 0x06, 0x34, 0x36, 0x32, 0x16, 0x14, 0x06, 0x22,
  0x06, 0x34, 0x36, 0x32, 0x16, 0x14, 0x06, 0x22, 0x26, 0x34, 0x36, 0x32,
  0x16, 0x14, 0x06, 0x22, 0x06, 0x34, 0x36, 0x32, 0x16, 0x14, 0x06, 0x22,
  0x06, 0x34, 0x36, 0x32, 0x16, 0x14, 0x06, 0x22, 0x36, 0x34, 0x36, 0x32,
  0x16, 0x14, 0x06, 0x22, 0x26, 0x34, 0x36, 0x32, 0x16, 0x14, 0x06, 0x22,
  0x26, 0x34, 0x36, 0x32, 0x16, 0x14, 0x06, 0x22, 0x36, 0x34, 0x36, 0x32,
  0x16, 0x14, 0x06, 0x22, 0x26, 0x34, 0x36, 0x32, 0x16, 0x14, 0x06, 0x22,
  0x26, 0x34, 0x36, 0x32, 0x16, 0x14, 0x06, 0x22, 0x26, 0x34, 0x36, 0x32,
  0x16, 0x14, 0x06, 0x22, 0x02, 0x34, 0x36, 0x32, 0x16, 0x14, 0x06, 0x22,
  0x26, 0x34, 0x36, 0x32, 0x16, 0x14, 0x06, 0x22, 0x26, 0x34, 0x36, 0x32,
  0x16, 0x14, 0x06, 0x22, 0x26, 0x34, 0x36, 0x32, 0x16, 0x14, 0x06, 0x22,
  0x26, 0x34, 0x36, 0x32, 0x16, 0x14, 0x06, 0x22, 0x36, 0x34, 0x36, 0x32,
  0x16, 0x14, 0x06, 0x22, 0x36, 0x34, 0x36, 0x32, 0x16, 0x14, 0x06, 0x22,
  0x36, 0x34, 0x36, 0x32, 0x16, 0x14, 0x06, 0x22, 0x24, 0x34, 0x36, 0x32,
  0x16, 0x14, 0x06, 0x22, 0x12, 0x34, 0x36, 0x32, 0x16, 0x14, 0x06, 0x22,
  0x00, 0x34, 0x36, 0x32, 0x16, 0x14, 0x06, 0x22, 0x24, 0x34, 0x36, 0x32,
  0x16, 0x14, 0x06, 0x22, 0x02, 0x34, 0x36, 0x32, 0x16, 0x14, 0x06, 0x22,
  0x26, 0x34, 0x36, 0x32, 0x16, 0x14, 0x06, 0x22, 0x06, 0x34, 0x36, 0x32,
  0x16, 0x14, 0x06, 0x22, 0x06, 0x34, 0x36, 0x32, 0x16, 0x14, 0x06, 0x22,
  0x06, 0x34, 0x36, 0x32, 0x16, 0x14, 0x06, 0x22, 0x06, 0x34, 0x36, 0x32,
  0x16, 0x14, 0x06, 0x22, 0x06, 0x34, 0x36, 0x32, 0x16, 0x14, 0x06, 0x22,
  0x36, 0x34, 0x36, 0x32, 0x16, 0x14, 0x06, 0x22, 0x26, 0x34, 0x36, 0x32,
  0x16, 0x14, 0x06, 0x22, 0x26, 0x34, 0x36, 0x32, 0x16, 0x14, 0x06, 0x22,
  0x26, 0x34, 0x36, 0x32, 0x16, 0x14, 0x06, 0x22, 0x26, 0x34, 0x36, 0x32,
  0x16, 0x14, 0x06, 0x22, 0x12, 0x34, 0x36, 0x32, 0x16, 0x14, 0x06, 0x22,
  0x01, 0xf4, 0x1d, 0x2a, 0x1d, 0x1d, 0x2a, 0x81, 0x1d, 0x2a, 0x1d, 0x1d,
  0x2a, 0x81, 0x1d, 0x2a, 0x1d, 0x1d, 0x2a, 0xe5, 0x1d, 0x2a, 0x1d, 0x1d,
  0x2a, 0x47, 0x1d, 0x2a, 0x1d, 0x1d, 0x2a, 0x47, 0x1d, 0x2a, 0x1d, 0x1d,
  0x2a, 0x47, 0x1d, 0x2a, 0x1d, 0x1d, 0x2a, 0x47, 0x1d, 0x2a, 0x1d, 0x1d,
  0x2a, 0x47, 0x1d, 0x2a, 0x1d, 0x1d, 0x2a, 0x47, 0x1d, 0x2a, 0x1d, 0x1d,
  0x2a, 0x47, 0x1d, 0x2a, 0x1d, 0x1d, 0x2a, 0x1d, 0x1d, 0x2a, 0x1d, 0x1d,
  0x2a, 0x1d, 0x1d, 0x2a, 0x1d, 0x1d, 0x2a, 0x1d, 0x1d, 0x2a, 0x1d, 0x1d,
  0x2a, 0x1d, 0x1d, 0x2a, 0x1d, 0x1d, 0x2a, 0x1d, 0x1d, 0x2a, 0x1d, 0x1d,
  0x2a, 0x81, 0x1d, 0x2a, 0x1d, 0x1d, 0x2a, 0x1d, 0x1d, 0x2a, 0x1d, 0x1d,
  0x2a, 0x1d, 0x1d, 0x2a, 0x1d, 0x1d, 0x2a, 0x1d, 0x1d, 0x2a, 0x1d, 0x1d,
  0x2a, 0x1d, 0x1d, 0x2a, 0x1d, 0x1d, 0x2a, 0x81, 0x1d, 0x2a, 0x1d, 0x1d,
  0x2a, 0xab, 0x1d, 0x2a, 0x1d, 0x1d, 0x2a, 0x1d, 0x1d, 0x2a, 0x1d, 0x1d,
  0x2a, 0x1d, 0x1d, 0x2a, 0x1d, 0x1d, 0x2a, 0x1d, 0x1d, 0x2a, 0x1d, 0x1d,
  0x2a, 0x1d, 0x1d, 0x2a, 0x1d, 0x1d, 0x2a, 0x81, 0x1d, 0x2a, 0x1d, 0x1d,
  0x2a, 0x1d, 0x1d, 0x2a, 0x1d, 0x1d, 0x2a, 0x1d, 0x1d, 0x2a, 0x1d, 0x1d,
  0x2a, 0x47, 0x1d, 0x2a, 0x1d, 0x1d, 0x2a, 0x1d, 0x1d, 0x2a, 0x1d, 0x1d,
  0x2a, 0xe5, 0x1d, 0x2a, 0x1d, 0x1d, 0x2a, 0x47, 0x1d, 0x2a, 0x1d, 0x1d,
  0x2a, 0x1d, 0x1d, 0x2a, 0x1d, 0x1d, 0x2a, 0x1d, 0x1d, 0x2a, 0x1d, 0x1d,
  0x2a, 0x1d, 0x1d, 0x2a, 0x1d, 0x1d, 0x2a, 0xe5, 0x1d, 0x2a, 0x1d, 0x1d,
  0x2a, 0x81, 0x1d, 0x2a, 0x1d, 0x1d, 0x2a, 0x81, 0x1d, 0x2a, 0x1d, 0x1d,
  0x2a, 0x81, 0x1d, 0x2a, 0x1d, 0x1d, 0x2a, 0x1d, 0x1d, 0x2a, 0x1d, 0x1d,
  0x2a, 0x47, 0x1d, 0x2a, 0x1d, 0x1d, 0x2a, 0x47, 0x1d, 0x2a, 0x1d, 0x1d,
  0x2a, 0x47, 0x1d, 0x2a, 0x1d, 0x1d, 0x2a, 0xfe, 0x53, 0x1d, 0x2a, 0x1d,
  0x1d, 0x2a, 0x47, 0x1d, 0x2a, 0x1d, 0x1d, 0x2a, 0x01, 0x73, 0x1d, 0x2a,
  0x1d, 0x1d, 0x2a, 0xfe, 0x53, 0x1d, 0x2a, 0x1d, 0x1d, 0x2a, 0x81, 0x1d,
  0x2a, 0x1d, 0x1d, 0x2a, 0x81, 0x1d, 0x2a, 0x1d, 0x1d, 0x2a, 0x1d, 0x1d,
  0x2a, 0x1d, 0x1d, 0x2a, 0x1d, 0x1d, 0x2a, 0x1d, 0x1d, 0x2a, 0x1d, 0x1d,
  0x2a, 0x1d, 0x1d, 0x2a, 0x1d, 0x1d, 0x2a, 0x1d, 0x1d, 0x2a, 0x1d, 0x1d,
  0x2a, 0x1d, 0x1d, 0x2a, 0x47, 0x1d, 0x2a, 0x1d, 0x1d, 0x2a, 0x1d, 0x1d,
  0x2a, 0x1d, 0x1d, 0x2a, 0x1d, 0x1d, 0x2a, 0x1d, 0x1d, 0x2a, 0x1d, 0x1d,
  0x2a, 0x1d, 0x1d, 0x2a, 0x1d, 0x1d, 0x2a, 0x1d, 0x1d, 0x2a, 0x47, 0x1d,
  0x2a, 0x1d, 0x1d, 0x2a, 0x03, 0xa1, 0x2a, 0x1d, 0x1d, 0x2a, 0x1d, 0x1d,
  0x2a, 0x1d, 0x1d, 0x2a, 0x1d, 0x1d, 0x2a, 0x1d, 0x1d, 0x2a, 0x1d, 0x47,
  0x2a, 0x1d, 0x1d, 0x2a, 0x1d, 0x1d, 0x2a, 0x1d, 0x1d, 0x2a, 0x1d, 0x1d,
  0x2a, 0x1d, 0x1d, 0x2a, 0x1d, 0x1d, 0x2a, 0x1d, 0x1d, 0x2a, 0x1d, 0x1d,
  0x2a, 0x1d, 0x1d, 0x2a, 0x1d, 0x1d, 0x2a, 0x1d, 0x1d, 0x2a, 0x1d, 0x1d,
  0x2a, 0x1d, 0x1d, 0x2a, 0x1d, 0x47, 0x2a, 0x1d, 0x1d, 0x2a, 0x1d, 0x81,
  0x2a, 0x1d, 0x1d, 0x2a, 0x1d, 0x81, 0x2a, 0x1d, 0x1d, 0x2a, 0x1d, 0x81,
  0x2a, 0x1d, 0x1d, 0x2a, 0x1d, 0x81, 0x2a, 0x1d, 0x1d, 0x2a, 0x1d, 0x81,
  0x2a, 0x1d, 0x1d, 0x2a, 0x1d, 0x1d, 0x2a, 0x1d, 0x1d, 0x2a, 0x1d, 0x47,
  0x2a, 0x1d, 0x1d, 0x2a, 0x1d, 0x47, 0x2a, 0x1d, 0x1d, 0x2a, 0x1d, 0x47,
  0x2a, 0x1d, 0x1d, 0x2a, 0x1d, 0xab, 0x2a, 0x1d, 0x1d, 0x2a, 0x1d, 0x1d,
  0x2a, 0x1d, 0x1d, 0x2a, 0x1d, 0x47, 0x2a, 0x1d, 0x1d, 0x2a, 0x1d, 0x47,
  0x2a, 0x1d, 0x1d, 0x2a, 0x1d, 0x47, 0x2a, 0x1d, 0x1d, 0x2a, 0x1d, 0x47,
  0x2a, 0x1d, 0x1d, 0x2a, 0x1d, 0x47, 0x2a, 0x1d, 0x1d, 0x2a, 0x1d, 0x1d,
  0x2a, 0x1d, 0x1d, 0x2a, 0x1d, 0x47, 0x2a, 0x1d, 0x1d, 0x2a, 0x1d, 0x47,
  0x2a, 0x1d, 0x1d, 0x2a, 0x1d, 0x1d, 0x2a, 0x1d, 0x1d, 0x2a, 0x1d, 0x81,
  0x2a, 0x1d, 0x1d, 0x2a, 0x1d, 0x1d, 0x2a, 0x1d, 0x1d, 0x2a, 0x1d, 0xe5,
  0x2a, 0x1d, 0x1d, 0x2a, 0x1d, 0x81, 0x2a, 0x1d, 0x1d, 0x2a, 0x1d, 0x81,
  0x2a, 0x1d, 0x1d, 0x2a, 0x1d, 0x81, 0x2a, 0x1d, 0x1d, 0x2a, 0x1d, 0xfd,
  0xc5, 0x2a, 0x1d, 0x1d, 0x2a, 0x1d, 0x1d, 0x2a, 0x1d, 0x1d, 0x2a, 0x1d,
  0x1d, 0x2a, 0x1d, 0x1d, 0x2a, 0x1d, 0x1d, 0x2a, 0x1d, 0x1d, 0x2a, 0x1d,
  0x81, 0x2a, 0x1d, 0x1d, 0x2a, 0x1d, 0x1d, 0x2a, 0x1d, 0x1d, 0x2a, 0x1d,
  0x1d, 0x2a, 0x1d, 0x1d, 0x2a, 0x1d, 0x1d, 0x2a, 0x1d, 0x1d, 0x2a, 0x1d,
  0x1d, 0x2a, 0x1d, 0x1d, 0x2a, 0x1d, 0x02, 0x75, 0x2a, 0x1d, 0x1d, 0x2a,
  0x1d, 0xfe, 0x29, 0x2a, 0x1d, 0x1d, 0x2a, 0x1d, 0x1d, 0x2a, 0x1d, 0x1d,
  0x2a, 0x1d, 0x02, 0x11, 0x2a, 0x1d, 0x1d, 0x2a, 0x1d, 0x1d, 0x2a, 0x1d,
  0x1d, 0x2a, 0x1d, 0x47, 0x2a, 0x1d, 0x1d, 0x2a, 0x1d, 0x47, 0x2a, 0x1d,
  0x1d, 0x2a, 0x1d, 0x47, 0x2a, 0x1d, 0x1d, 0x2a, 0x1d, 0x47, 0x2a, 0x1d,
  0x1d, 0x2a, 0x1d, 0x47, 0x2a, 0x1d, 0x1d, 0x2a, 0x1d, 0x1d, 0x2a, 0x1d,
  0x1d, 0x2a, 0x1d, 0x81, 0x2a, 0x1d, 0x1d, 0x2a, 0x1d, 0x81, 0x2a, 0x1d,
  0x1d, 0x2a, 0x1d, 0x81, 0x2a, 0x1d, 0x1d, 0x2a, 0x1d, 0x81, 0x2a, 0x1d,
  0x1d, 0x2a, 0x1d, 0x01, 0x49, 0x2a, 0x1d, 0x1d, 0x2a, 0x1d, 0x00, 0x00,
  0x00, 0x3c, 0x00, 0x00, 0x00, 0x00, 0x03, 0x84, 0x03, 0xe8, 0x00, 0x07,
  0x00, 0x0f, 0x00, 0x17, 0x00, 0x1f, 0x00, 0x27, 0x00, 0x2f, 0x00, 0x37,
  0x00, 0x3f, 0x00, 0x47, 0x00, 0x4f, 0x00, 0x57, 0x00, 0x5f, 0x00, 0x67,
  0x00, 0x6f, 0x00, 0x77, 0x00, 0x7f, 0x00, 0x87, 0x00, 0x8f, 0x00, 0x97,
  0x00, 0x9f, 0x00, 0xa7, 0x00, 0xaf, 0x00, 0xb7, 0x00, 0xbf, 0x00, 0xc7,
  0x00, 0xcf, 0x00, 0xd7, 0x00, 0xdf, 0x00, 0xe7, 0x00, 0xef, 0x00, 0xf7,
  0x00, 0xff, 0x01, 0x07, 0x01, 0x0f, 0x01, 0x17, 0x01, 0x1f, 0x01, 0x27,
  0x01, 0x2f, 0x01, 0x37, 0x01, 0x3f, 0x01, 0x47, 0x01, 0x4f, 0x01, 0x57,
  0x01, 0x5f, 0x01, 0x67, 0x01, 0x6f, 0x01, 0x77, 0x01, 0x7f, 0x01, 0x87,
  0x01, 0x8f, 0x01, 0x97, 0x01, 0x9f, 0x01, 0xa7, 0x01, 0xaf, 0x01, 0xb7,
  0x01, 0xbf, 0x01, 0xc7, 0x01, 0xcf, 0x01, 0xd7, 0x01, 0xdf, 0x00, 0x00,
  0x36, 0x34, 0x36, 0x32, 0x16, 0x14, 0x06, 0x22, 0x36, 0x34, 0x36, 0x32,
  0x16, 0x14, 0x06, 0x22, 0x36, 0x34, 0x36, 0x32, 0x16, 0x14, 0x06, 0x22,
  0x36, 0x34, 0x36, 0x32, 0x16, 0x14, 0x06, 0x22, 0x36, 0x34, 0x36, 0x32,
  0x16, 0x14, 0x06, 0x22, 0x24, 0x34, 0x36, 0x32, 0x16, 0x14, 0x06, 0x22,
  0x26, 0x34, 0x36, 0x32, 0x16, 0x14, 0x06, 0x22, 0x36, 0x34, 0x36, 0x32,
  0x16, 0x14, 0x06, 0x22, 0x26, 0x34, 0x36, 0x32, 0x16, 0x14, 0x06, 0x22,
  0x26, 0x34, 0x36, 0x32, 0x16, 0x14, 0x06, 0x22, 0x36, 0x34, 0x36, 0x32,
  0x16, 0x14, 0x06, 0x22, 0x26, 0x34, 0x36, 0x32, 0x16, 0x14, 0x06, 0x22,
  0x36, 0x34, 0x36, 0x32, 0x16, 0x14, 0x06, 0x22, 0x26, 0x34, 0x36, 0x32,
  0x16, 0x14, 0x06, 0x22, 0x24, 0x34, 0x36, 0x32, 0x16, 0x14, 0x06, 0x22,
  0x26, 0x34, 0x36, 0x32, 0x16, 0x14, 0x06, 0x22, 0x24, 0x34, 0x36, 0x32,
  0x16, 0x14, 0x06, 0x22, 0x26, 0x34, 0x36, 0x32, 0x16, 0x14, 0x06, 0x22,
  0x24, 0x34, 0x36, 0x32, 0x16, 0x14, 0x06, 0x22, 0x36, 0x34, 0x36, 0x32,
  0x16, 0x14, 0x06, 0x22, 0x26, 0x34, 0x36, 0x32, 0x16, 0x14, 0x06, 0x22,
  0x24, 0x34, 0x36, 0x32, 0x16, 0x14, 0x06, 0x22, 0x26, 0x34, 0x36, 0x32,
  0x16, 0x14, 0x06, 0x22, 0x36, 0x34, 0x36, 0x32, 0x16, 0x14, 0x06, 0x22,
  0x26, 0x34, 0x36, 0x32, 0x16, 0x14, 0x06, 0x22, 0x04, 0x34, 0x36, 0x32,
  0x16, 0x14, 0x06, 0x22, 0x26, 0x34, 0x36, 0x32, 0x16, 0x14, 0x06, 0x22,
  0x24, 0x34, 0x36, 0x32, 0x16, 0x14, 0x06, 0x22, 0x26, 0x34, 0x36, 0x32,
  0x16, 0x14, 0x06, 0x22, 0x24, 0x34, 0x36, 0x32, 0x16, 0x14, 0x06, 0x22,
  0x36, 0x34, 0x36, 0x32, 0x16, 0x14, 0x06, 0x22, 0x26, 0x34, 0x36, 0x32,
  0x16, 0x14, 0x06, 0x22, 0x36, 0x34, 0x36, 0x32, 0x16, 0x14, 0x06, 0x22,
  0x24, 0x34, 0x36, 0x32, 0x16, 0x14, 0x06, 0x22, 0x36, 0x34, 0x36, 0x32,
  0x16, 0x14, 0x06, 0x22, 0x26, 0x34, 0x36, 0x32, 0x16, 0x14, 0x06, 0x22,
  0x24, 0x34, 0x36, 0x32, 0x16, 0x14, 0x06, 0x22, 0x26, 0x34, 0x36, 0x32,
  0x16, 0x14, 0x06, 0x22, 0x24, 0x34, 0x36, 0x32, 0x16, 0x14, 0x06, 0x22,
  0x36, 0x34, 0x36, 0x32, 0x16, 0x14, 0x06, 0x22, 0x24, 0x34, 0x36, 0x32,
  0x16, 0x14, 0x06, 0x22, 0x26, 0x34, 0x36, 0x32, 0x16, 0x14, 0x06, 0x22,
  0x26, 0x34, 0x36, 0x32, 0x16, 0x14, 0x06, 0x22, 0x26, 0x34, 0x36, 0x32,
  0x16, 0x14, 0x06, 0x22, 0x26, 0x34, 0x36, 0x32, 0x16, 0x14, 0x06, 0x22,
  0x26, 0x34, 0x36, 0x32, 0x16, 0x14, 0x06, 0x22, 0x24, 0x34, 0x36, 0x32,
  0x16, 0x14, 0x06, 0x22, 0x26, 0x34, 0x36, 0x32, 0x16, 0x14, 0x06, 0x22,
  0x26, 0x34, 0x36, 0x32, 0x16, 0x14, 0x06, 0x22, 0x26, 0x34, 0x36, 0x32,
  0x16, 0x14, 0x06, 0x22, 0x04, 0x34, 0x36, 0x32, 0x16, 0x14, 0x06, 0x22,
  0x06, 0x34, 0x36, 0x32, 0x16, 0x14, 0x06, 0x22, 0x00, 0x34, 0x36, 0x32,
  0x16, 0x14, 0x06, 0x22, 0x36, 0x34, 0x36, 0x32, 0x16, 0x14, 0x06, 0x22,
  0x36, 0x34, 0x36, 0x32, 0x16, 0x14, 0x06, 0x22, 0x36, 0x34, 0x36, 0x32,
  0x16, 0x14, 0x06, 0x22, 0x36, 0x34, 0x36, 0x32, 0x16, 0x14, 0x06, 0x22,
  0x26, 0x34, 0x36, 0x32, 0x16, 0x14, 0x06, 0x22, 0x36, 0x34, 0x36, 0x32,
  0x16, 0x14, 0x06, 0x22, 0x36, 0x34, 0x36, 0x32, 0x16, 0x14, 0x06, 0x22,
  0xc8, 0x1d, 0x2a, 0x1d, 0x1d, 0x2a, 0x47, 0x1d, 0x2a, 0x1d, 0x1d, 0x2a,
  0x47, 0x1d, 0x2a, 0x1d, 0x1d, 0x2a, 0x47, 0x1d, 0x2a, 0x1d, 0x1d, 0x2a,
  0x47, 0x1d, 0x2a, 0x1d, 0x1d, 0x2a, 0xfe, 0x53, 0x1d, 0x2a, 0x1d, 0x1d,
  0x2a, 0x81, 0x1d, 0x2a, 0x1d, 0x1d, 0x2a, 0x47, 0x1d, 0x2a, 0x1d, 0x1d,
  0x2a, 0x81, 0x1d, 0x2a, 0x1d, 0x1d, 0x2a, 0x81, 0x1d, 0x2a, 0x1d, 0x1d,
  0x2a, 0x47, 0x1d, 0x2a, 0x1d, 0x1d, 0x2a, 0x81, 0x1d, 0x2a, 0x1d, 0x1d,
  0x2a, 0x47, 0x1d, 0x2a, 0x1d, 0x1d, 0x2a, 0x81, 0x1d, 0x2a, 0x1d, 0x1d,
  0x2a, 0x01, 0x0f, 0x1d, 0x2a, 0x1d, 0x1d, 0x2a, 0x81, 0x1d, 0x2a, 0x1d,
  0x1d, 0x2a, 0x01, 0x0f, 0x1d, 0x2a, 0x1d, 0x1d, 0x2a, 0x81, 0x1d, 0x2a,
  0x1d, 0x1d, 0x2a, 0x01, 0x0f, 0x1d, 0x2a, 0x1d, 0x1d, 0x2a, 0x47, 0x1d,
  0x2a, 0x1d, 0x1d, 0x2a, 0xe5, 0x1d, 0x2a, 0x1d, 0x1d, 0x2a, 0xfd, 0xef,
  0x1d, 0x2a, 0x1d, 0x1d, 0x2a, 0x81, 0x1d, 0x2a, 0x1d, 0x1d, 0x2a, 0x47,
  0x1d, 0x2a, 0x1d, 0x1d, 0x2a, 0x81, 0x1d, 0x2a, 0x1d, 0x1d, 0x2a, 0x01,
  0x0f, 0x1d, 0x2a, 0x1d, 0x1d, 0x2a, 0x81, 0x1d, 0x2a, 0x1d, 0x1d, 0x2a,
  0x01, 0x0f, 0x1d, 0x2a, 0x1d, 0x1d, 0x2a, 0x81, 0x1d, 0x2a, 0x1d, 0x1d,
  0x2a, 0x01, 0x0f, 0x1d, 0x2a, 0x1d, 0x1d, 0x2a, 0x47, 0x1d, 0x2a, 0x1d,
  0x1d, 0x2a, 0x81, 0x1d, 0x2a, 0x1d, 0x1d, 0x2a, 0x47, 0x1d, 0x2a, 0x1d,
  0x1d, 0x2a, 0xfd, 0x27, 0x1d, 0x2a, 0x1d, 0x1d, 0x2a, 0x47, 0x1d, 0x2a,
  0x1d, 0x1d, 0x2a, 0xe5, 0x1d, 0x2a, 0x1d, 0x1d, 0x2a, 0x02, 0x9f, 0x1d,
  0x2a, 0x1d, 0x1d, 0x2a, 0x81, 0x1d, 0x2a, 0x1d, 0x1d, 0x2a, 0xfd, 0xef,
  0x1d, 0x2a, 0x1d, 0x1d, 0x2a, 0x47, 0x1d, 0x2a, 0x1d, 0x1d, 0x2a, 0x01,
  0xd7, 0x1d, 0x2a, 0x1d, 0x1d, 0x2a, 0x81, 0x1d, 0x2a, 0x1d, 0x1d, 0x2a,
  0x81, 0x1d, 0x2a, 0x1d, 0x1d, 0x2a, 0x81, 0x1d, 0x2a, 0x1d, 0x1d, 0x2a,
  0x81, 0x1d, 0x2a, 0x1d, 0x1d, 0x2a, 0x81, 0x1d, 0x2a, 0x1d, 0x1d, 0x2a,
  0x01, 0x73, 0x1d, 0x2a, 0x1d, 0x1d, 0x2a, 0x81, 0x1d, 0x2a, 0x1d, 0x1d,
  0x2a, 0x81, 0x1d, 0x2a, 0x1d, 0x1d, 0x2a, 0x81, 0x1d, 0x2a, 0x1d, 0x1d,
  0x2a, 0x01, 0xd7, 0x1d, 0x2a, 0x1d, 0x1d, 0x2a, 0xe5, 0x1d, 0x2a, 0x1d,
  0x1d, 0x2a, 0xfe, 0xb7, 0x1d, 0x2a, 0x1d, 0x1d, 0x2a, 0x47, 0x1d, 0x2a,
  0x1d, 0x1d, 0x2a, 0x47, 0x1d, 0x2a, 0x1d, 0x1d, 0x2a, 0x47, 0x1d, 0x2a,
  0x1d, 0x1d, 0x2a, 0x47, 0x1d, 0x2a, 0x1d, 0x1d, 0x2a, 0x81, 0x1d, 0x2a,
  0x1d, 0x1d, 0x2a, 0x47, 0x1d, 0x2a, 0x1d, 0x1d, 0x2a, 0x47, 0x1d, 0x2a,
  0x1d, 0x1d, 0x2a, 0x1d, 0x2a, 0x1d, 0x1d, 0x2a, 0x1d, 0x1d, 0x2a, 0x1d,
  0x1d, 0x2a, 0x1d, 0x1d, 0x2a, 0x1d, 0x1d, 0x2a, 0x1d, 0x1d, 0x2a, 0x1d,
  0x1d, 0x2a, 0x1d, 0x1d, 0x2a, 0x1d, 0x1d, 0x2a, 0x1d, 0x81, 0x2a, 0x1d,
  0x1d, 0x2a, 0x1d, 0x1d, 0x2a, 0x1d, 0x1d, 0x2a, 0x1d, 0x81, 0x2a, 0x1d,
  0x1d, 0x2a, 0x1d, 0x1d, 0x2a, 0x1d, 0x1d, 0x2a, 0x1d, 0x1d, 0x2a, 0x1d,
  0x1d, 0x2a, 0x1d, 0x81, 0x2a, 0x1d, 0x1d, 0x2a, 0x1d, 0x1d, 0x2a, 0x1d,
  0x1d, 0x2a, 0x1d, 0x81, 0x2a, 0x1d, 0x1d, 0x2a, 0x1d, 0x1d, 0x2a, 0x1d,
  0x1d, 0x2a, 0x1d, 0x1d, 0x2a, 0x1d, 0x1d, 0x2a, 0x1d, 0x1d, 0x2a, 0x1d,
  0x1d, 0x2a, 0x1d, 0x1d, 0x2a, 0x1d, 0x1d, 0x2a, 0x1d, 0x1d, 0x2a, 0x1d,
  0x1d, 0x2a, 0x1d, 0x1d, 0x2a, 0x1d, 0x1d, 0x2a, 0x1d, 0x1d, 0x2a, 0x1d,
  0x1d, 0x2a, 0x1d, 0x1d, 0x2a, 0x1d, 0x1d, 0x2a, 0x1d, 0x81, 0x2a, 0x1d,
  0x1d, 0x2a, 0x1d, 0x1d, 0x2a, 0x1d, 0x1d, 0x2a, 0x1d, 0x81, 0x2a, 0x1d,
  0x1d, 0x2a, 0x1d, 0x1d, 0x2a, 0x1d, 0x1d, 0x2a, 0x1d, 0x47, 0x2a, 0x1d,
  0x1d, 0x2a, 0x1d, 0x1d, 0x2a, 0x1d, 0x1d, 0x2a, 0x1d, 0x1d, 0x2a, 0x1d,
  0x1d, 0x2a, 0x1d, 0x1d, 0x2a, 0x1d, 0x1d, 0x2a, 0x1d, 0x1d, 0x2a, 0x1d,
  0x1d, 0x2a, 0x1d, 0x1d, 0x2a, 0x1d, 0x1d, 0x2a, 0x1d, 0x81, 0x2a, 0x1d,
  0x1d, 0x2a, 0x1d, 0x1d, 0x2a, 0x1d, 0x1d, 0x2a, 0x1d, 0x81, 0x2a, 0x1d,
  0x1d, 0x2a, 0x1d, 0x1d, 0x2a, 0x1d, 0x1d, 0x2a, 0x1d, 0x1d, 0x2a, 0x1d,
  0x1d, 0x2a, 0x1d, 0x1d, 0x2a, 0x1d, 0x1d, 0x2a, 0x1d, 0x1d, 0x2a, 0x1d,
  0x1d, 0x2a, 0x1d, 0x81, 0x2a, 0x1d, 0x1d, 0x2a, 0x1d, 0x1d, 0x2a, 0x1d,
  0x1d, 0x2a, 0x1d, 0x1d, 0x2a, 0x1d, 0x1d, 0x2a, 0x1d, 0x1d, 0x2a, 0x1d,
  0x1d, 0x2a, 0x1d, 0x1d, 0x2a, 0x1d, 0x1d, 0x2a, 0x1d, 0x1d, 0x2a, 0x1d,
  0x1d, 0x2a, 0x1d, 0x1d, 0x2a, 0x1d, 0x1d, 0x2a, 0x1d, 0x81, 0x2a, 0x1d,
  0x1d, 0x2a, 0x1d, 0x1d, 0x2a, 0x1d, 0x1d, 0x2a, 0x1d, 0x1d, 0x2a, 0x1d,
  0x1d, 0x2a, 0x1d, 0x1d, 0x2a, 0x1d, 0x1d, 0x2a, 0x1d, 0x1d, 0x2a, 0x1d,
  0x1d, 0x2a, 0x1d, 0xab, 0x2a, 0x1d, 0x1d, 0x2a, 0x1d, 0xab, 0x2a, 0x1d,
  0x1d, 0x2a, 0x1d, 0xfe, 0x8d, 0x2a, 0x1d, 0x1d, 0x2a, 0x1d, 0x1d, 0x2a,
  0x1d, 0x1d, 0x2a, 0x1d, 0x1d, 0x2a, 0x1d, 0x1d, 0x2a, 0x1d, 0x1d, 0x2a,
  0x1d, 0x1d, 0x2a, 0x1d, 0x1d, 0x2a, 0x1d, 0x1d, 0x2a, 0x1d, 0x81, 0x2a,
  0x1d, 0x1d, 0x2a, 0x1d, 0x1d, 0x2a, 0x1d, 0x1d, 0x2a, 0x1d, 0x1d, 0x2a,
  0x1d, 0x1d, 0x2a, 0x1d, 0x00, 0x23, 0x00, 0x00, 0x00, 0x00, 0x01, 0xf4,
  0x05, 0x14, 0x00, 0x07, 0x00, 0x0f, 0x00, 0x17, 0x00, 0x1f, 0x00, 0x27,
  0x00, 0x2f, 0x00, 0x37, 0x00, 0x3f, 0x00, 0x47, 0x00, 0x4f, 0x00, 0x57,
  0x00, 0x5f, 0x00, 0x67, 0x00, 0x6f, 0x00, 0x77, 0x00, 0x7f, 0x00, 0x87,
  0x00, 0x8f, 0x00, 0x97, 0x00, 0x9f, 0x00, 0xa7, 0x00, 0xaf, 0x00, 0xb7,
  0x00, 0xbf, 0x00, 0xc7, 0x00, 0xcf, 0x00, 0xd7, 0x00, 0xdf, 0x00, 0xe7,
  0x00, 0xef, 0x00, 0xf7, 0x00, 0xff, 0x01, 0x07, 0x01, 0x0f, 0x01, 0x17,
  0x00, 0x00, 0x36, 0x34, 0x36, 0x32, 0x16, 0x14, 0x06, 0x22, 0x26, 0x34,
  0x36, 0x32, 0x16, 0x14, 0x06, 0x22, 0x26, 0x34, 0x36, 0x32, 0x16, 0x14,
  0x06, 0x22, 0x26, 0x34, 0x36, 0x32, 0x16, 0x14, 0x06, 0x22, 0x26, 0x34,
  0x36, 0x32, 0x16, 0x14, 0x06, 0x22, 0x26, 0x34, 0x36, 0x32, 0x16, 0x14,
  0x06, 0x22, 0x26, 0x34, 0x36, 0x32, 0x16, 0x14, 0x06, 0x22, 0x26, 0x34,
  0x36, 0x32, 0x16, 0x14, 0x06, 0x22, 0x26, 0x34, 0x36, 0x32, 0x16, 0x14,
  0x06, 0x22, 0x26, 0x34, 0x36, 0x32, 0x16, 0x14, 0x06, 0x22, 0x36, 0x34,
  0x36, 0x32, 0x16, 0x14, 0x06, 0x22, 0x06, 0x34, 0x36, 0x32, 0x16, 0x14,
  0x06, 0x22, 0x06, 0x34, 0x36, 0x32, 0x16, 0x14, 0x06, 0x22, 0x06, 0x34,
  0x36, 0x32, 0x16, 0x14, 0x06, 0x22, 0x06, 0x34, 0x36, 0x32, 0x16, 0x14,
  0x06, 0x22, 0x06, 0x34, 0x36, 0x32, 0x16, 0x14, 0x06, 0x22, 0x06, 0x34,
  0x36, 0x32, 0x16, 0x14, 0x06, 0x22, 0x06, 0x34, 0x36, 0x32, 0x16, 0x14,
  0x06, 0x22, 0x02, 0x34, 0x36, 0x32, 0x16, 0x14, 0x06, 0x22, 0x16, 0x34,
  0x36, 0x32, 0x16, 0x14, 0x06, 0x22, 0x26, 0x34, 0x36, 0x32, 0x16, 0x14,
  0x06, 0x22, 0x16, 0x34, 0x36, 0x32, 0x16, 0x14, 0x06, 0x22, 0x26, 0x34,
  0x36, 0x32, 0x16, 0x14, 0x06, 0x22, 0x04, 0x34, 0x36, 0x32, 0x16, 0x14,
  0x06, 0x22, 0x26, 0x34, 0x36, 0x32, 0x16, 0x14, 0x06, 0x22, 0x36, 0x34,
  0x36, 0x32, 0x16, 0x14, 0x06, 0x22, 0x26, 0x34, 0x36, 0x32, 0x16, 0x14,
  0x06, 0x22, 0x26, 0x34, 0x36, 0x32, 0x16, 0x14, 0x06, 0x22, 0x06, 0x34,
  0x36, 0x32, 0x16, 0x14, 0x06, 0x22, 0x06, 0x34, 0x36, 0x32, 0x16, 0x14,
  0x06, 0x22, 0x06, 0x34, 0x36, 0x32, 0x16, 0x14, 0x06, 0x22, 0x12, 0x34,
  0x36, 0x32, 0x16, 0x14, 0x06, 0x22, 0x06, 0x34, 0x36, 0x32, 0x16, 0x14,
  0x06, 0x22, 0x36, 0x34, 0x36, 0x32, 0x16, 0x14, 0x06, 0x22, 0x26, 0x34,
  0x36, 0x32, 0x16, 0x14, 0x06, 0x22, 0xc8, 0x1d, 0x2a, 0x1d, 0x1d, 0x2a,
  0x81, 0x1d, 0x2a, 0x1d, 0x1d, 0x2a, 0x1d, 0x1d, 0x2a, 0x1d, 0x1d, 0x2a,
  0x1d, 0x1d, 0x2a, 0x1d, 0x1d, 0x2a, 0x1d, 0x1d, 0x2a, 0x1d, 0x1d, 0x2a,
  0x1d, 0x1d, 0x2a, 0x1d, 0x1d, 0x2a, 0x1d, 0x1d, 0x2a, 0x1d, 0x1d, 0x2a,
  0x1d, 0x1d, 0x2a, 0x1d, 0x1d, 0x2a, 0x1d, 0x1d, 0x2a, 0x1d, 0x1d, 0x2a,
  0x1d, 0x1d, 0x2a, 0x1d, 0x1d, 0x2a, 0x47, 0x1d, 0x2a, 0x1d, 0x1d, 0x2a,
  0x1d, 0x1d, 0x2a, 0x1d, 0x1d, 0x2a, 0x1d, 0x1d, 0x2a, 0x1d, 0x1d, 0x2a,
  0x1d, 0x1d, 0x2a, 0x1d, 0x1d, 0x2a, 0x1d, 0x1d, 0x2a, 0x1d, 0x1d, 0x2a,
  0x1d, 0x1d, 0x2a, 0x1d, 0x1d, 0x2a, 0x1d, 0x1d, 0x2a, 0x1d, 0x1d, 0x2a,
  0x1d, 0x1d, 0x2a, 0x1d, 0x1d, 0x2a, 0x1d, 0x1d, 0x2a, 0x1d, 0x1d, 0x2a,
  0x47, 0x1d, 0x2a, 0x1d, 0x1d, 0x2a, 0x1d, 0x1d, 0x2a, 0x1d, 0x1d, 0x2a,
  0x47, 0x1d, 0x2a, 0x1d, 0x1d, 0x2a, 0x1d, 0x1d, 0x2a, 0x1d, 0x1d, 0x2a,
  0xfe, 0x53, 0x1d, 0x2a, 0x1d, 0x1d, 0x2a, 0x1d, 0x1d, 0x2a, 0x1d, 0x1d,
  0x2a, 0xab, 0x1d, 0x2a, 0x1d, 0x1d, 0x2a, 0x1d, 0x1d, 0x2a, 0x1d, 0x1d,
  0x2a, 0x1d, 0x1d, 0x2a, 0x1d, 0x1d, 0x2a, 0x81, 0x1d, 0x2a, 0x1d, 0x1d,
  0x2a, 0x1d, 0x1d, 0x2a, 0x1d, 0x1d, 0x2a, 0x1d, 0x1d, 0x2a, 0x1d, 0x1d,
  0x2a, 0xab, 0x1d, 0x2a, 0x1d, 0x1d, 0x2a, 0x1d, 0x1d, 0x2a, 0x1d, 0x1d,
  0x2a, 0x47, 0x1d, 0x2a, 0x1d, 0x1d, 0x2a, 0x1d, 0x1d, 0x2a, 0x1d, 0x1d,
  0x2a, 0x1d, 0x2a, 0x1d, 0x1d, 0x2a, 0x1d, 0x1d, 0x2a, 0x1d, 0x1d, 0x2a,
  0x1d, 0x81, 0x2a, 0x1d, 0x1d, 0x2a, 0x1d, 0x81, 0x2a, 0x1d, 0x1d, 0x2a,
  0x1d, 0x81, 0x2a, 0x1d, 0x1d, 0x2a, 0x1d, 0x81, 0x2a, 0x1d, 0x1d, 0x2a,
  0x1d, 0x81, 0x2a, 0x1d, 0x1d, 0x2a, 0x1d, 0x81, 0x2a, 0x1d, 0x1d, 0x2a,
  0x1d, 0x81, 0x2a, 0x1d, 0x1d, 0x2a, 0x1d, 0x81, 0x2a, 0x1d, 0x1d, 0x2a,
  0x1d, 0x1d, 0x2a, 0x1d, 0x1d, 0x2a, 0x1d, 0x47, 0x2a, 0x1d, 0x1d, 0x2a,
  0x1d, 0x47, 0x2a, 0x1d, 0x1d, 0x2a, 0x1d, 0x47, 0x2a, 0x1d, 0x1d, 0x2a,
  0x1d, 0x47, 0x2a, 0x1d, 0x1d, 0x2a, 0x1d, 0x47, 0x2a, 0x1d, 0x1d, 0x2a,
  0x1d, 0x47, 0x2a, 0x1d, 0x1d, 0x2a, 0x1d, 0x47, 0x2a, 0x1d, 0x1d, 0x2a,
  0x1d, 0x03, 0x3d, 0x2a, 0x1d, 0x1d, 0x2a, 0x1d, 0x47, 0x2a, 0x1d, 0x1d,
  0x2a, 0x1d, 0x81, 0x2a, 0x1d, 0x1d, 0x2a, 0x1d, 0x47, 0x2a, 0x1d, 0x1d,
  0x2a, 0x1d, 0x81, 0x2a, 0x1d, 0x1d, 0x2a, 0x1d, 0x47, 0x2a, 0x1d, 0x1d,
  0x2a, 0x1d, 0x81, 0x2a, 0x1d, 0x1d, 0x2a, 0x1d, 0x81, 0x2a, 0x1d, 0x1d,
  0x2a, 0x1d, 0x81, 0x2a, 0x1d, 0x1d, 0x2a, 0x1d, 0x81, 0x2a, 0x1d, 0x1d,
  0x2a, 0x1d, 0x47, 0x2a, 0x1d, 0x1d, 0x2a, 0x1d, 0x47, 0x2a, 0x1d, 0x1d,
  0x2a, 0x1d, 0x47, 0x2a, 0x1d, 0x1d, 0x2a, 0x1d, 0x01, 0x49, 0x2a, 0x1d,
  0x1d, 0x2a, 0x1d, 0x47, 0x2a, 0x1d, 0x1d, 0x2a, 0x1d, 0x1d, 0x2a, 0x1d,
  0x1d, 0x2a, 0x1d, 0x81, 0x2a, 0x1d, 0x1d, 0x2a, 0x1d, 0x00, 0x00, 0x00,
  0x00, 0x47, 0x00, 0x00, 0xfe, 0xd4, 0x03, 0x84, 0x03, 0xe8, 0x00, 0x07,
  0x00, 0x0f, 0x00, 0x17, 0x00, 0x1f, 0x00, 0x27, 0x00, 0x2f, 0x00, 0x37,
  0x00, 0x3f, 0x00, 0x47, 0x00, 0x4f, 0x00, 0x57, 0x00, 0x5f, 0x00, 0x67,
  0x00, 0x6f, 0x00, 0x77, 0x00, 0x7f, 0x00, 0x87, 0x00, 0x8f, 0x00, 0x97,
  0x00, 0x9f, 0x00, 0xa7, 0x00, 0xaf, 0x00, 0xb7, 0x00, 0xbf, 0x00, 0xc7,
  0x00, 0xcf, 0x00, 0xd7, 0x00, 0xdf, 0x00, 0xe7, 0x00, 0xef, 0x00, 0xf7,
  0x00, 0xff, 0x01, 0x07, 0x01, 0x0f, 0x01, 0x17, 0x01, 0x1f, 0x01, 0x27,
  0x01, 0x2f, 0x01, 0x37, 0x01, 0x3f, 0x01, 0x47, 0x01, 0x4f, 0x01, 0x57,
  0x01, 0x5f, 0x01, 0x67, 0x01, 0x6f, 0x01, 0x77, 0x01, 0x7f, 0x01, 0x87,
  0x01, 0x8f, 0x01, 0x97, 0x01, 0x9f, 0x01, 0xa7, 0x01, 0xaf, 0x01, 0xb7,
  0x01, 0xbf, 0x01, 0xc7, 0x01, 0xcf, 0x01, 0xd7, 0x01, 0xdf, 0x01, 0xe7,
  0x01, 0xef, 0x01, 0xf7, 0x01, 0xff, 0x02, 0x07, 0x02, 0x0f, 0x02, 0x17,
  0x02, 0x1f, 0x02, 0x27, 0x02, 0x2f, 0x02, 0x37, 0x00, 0x00, 0x16, 0x34,
  0x36, 0x32, 0x16, 0x14, 0x06, 0x22, 0x06, 0x34, 0x36, 0x32, 0x16, 0x14,
  0x06, 0x22, 0x16, 0x34, 0x36, 0x32, 0x16, 0x14, 0x06, 0x22, 0x36, 0x34,
  0x36, 0x32, 0x16, 0x14, 0x06, 0x22, 0x36, 0x34, 0x36, 0x32, 0x16, 0x14,
  0x06, 0x22, 0x36, 0x34, 0x36, 0x32, 0x16, 0x14, 0x06, 0x22, 0x36, 0x34,
  0x36, 0x32, 0x16, 0x14, 0x06, 0x22, 0x26, 0x34, 0x36, 0x32, 0x16, 0x14,
  0x06, 0x22, 0x26, 0x34, 0x36, 0x32, 0x16, 0x14, 0x06, 0x22, 0x26, 0x34,
  0x36, 0x32, 0x16, 0x14, 0x06, 0x22, 0x26, 0x34, 0x36, 0x32, 0x16, 0x14,
  0x06, 0x22, 0x26, 0x34, 0x36, 0x32, 0x16, 0x14, 0x06, 0x22, 0x24, 0x34,
  0x36, 0x32, 0x16, 0x14, 0x06, 0x22, 0x16, 0x34, 0x36, 0x32, 0x16, 0x14,
  0x06, 0x22, 0x26, 0x34, 0x36, 0x32, 0x16, 0x14, 0x06, 0x22, 0x36, 0x34,
  0x36, 0x32, 0x16, 0x14, 0x06, 0x22, 0x26, 0x34, 0x36, 0x32, 0x16, 0x14,
  0x06, 0x22, 0x26, 0x34, 0x36, 0x32, 0x16, 0x14, 0x06, 0x22, 0x26, 0x34,
  0x36, 0x32, 0x16, 0x14, 0x06, 0x22, 0x36, 0x34, 0x36, 0x32, 0x16, 0x14,
  0x06, 0x22, 0x24, 0x34, 0x36, 0x32, 0x16, 0x14, 0x06, 0x22, 0x26, 0x34,
  0x36, 0x32, 0x16, 0x14, 0x06, 0x22, 0x26, 0x34, 0x36, 0x32, 0x16, 0x14,
  0x06, 0x22, 0x26, 0x34, 0x36, 0x32, 0x16, 0x14, 0x06, 0x22, 0x26, 0x34,
  0x36, 0x32, 0x16, 0x14, 0x06, 0x22, 0x26, 0x34, 0x36, 0x32, 0x16, 0x14,
  0x06, 0x22, 0x26, 0x34, 0x36, 0x32, 0x16, 0x14, 0x06, 0x22, 0x36, 0x34,
  0x36, 0x32, 0x16, 0x14, 0x06, 0x22, 0x24, 0x34, 0x36, 0x32, 0x16, 0x14,
  0x06, 0x22, 0x36, 0x34, 0x36, 0x32, 0x16, 0x14, 0x06, 0x22, 0x36, 0x34,
  0x36, 0x32, 0x16, 0x14, 0x06, 0x22, 0x26, 0x34, 0x36, 0x32, 0x16, 0x14,
  0x06, 0x22, 0x26, 0x34, 0x36, 0x32, 0x16, 0x14, 0x06, 0x22, 0x26, 0x34,
  0x36, 0x32, 0x16, 0x14, 0x06, 0x22, 0x36, 0x34, 0x36, 0x32, 0x16, 0x14,
  0x06, 0x22, 0x26, 0x34, 0x36, 0x32, 0x16, 0x14, 0x06, 0x22, 0x26, 0x34,
  0x36, 0x32, 0x16, 0x14, 0x06, 0x22, 0x26, 0x34, 0x36, 0x32, 0x16, 0x14,
  0x06, 0x22, 0x26, 0x34, 0x36, 0x32, 0x16, 0x14, 0x06, 0x22, 0x36, 0x34,
  0x36, 0x32, 0x16, 0x14, 0x06, 0x22, 0x06, 0x34, 0x36, 0x32, 0x16, 0x14,
  0x06, 0x22, 0x26, 0x34, 0x36, 0x32, 0x16, 0x14, 0x06, 0x22, 0x26, 0x34,
  0x36, 0x32, 0x16, 0x14, 0x06, 0x22, 0x26, 0x34, 0x36, 0x32, 0x16, 0x14,
  0x06, 0x22, 0x26, 0x34, 0x36, 0x32, 0x16, 0x14, 0x06, 0x22, 0x26, 0x34,
  0x36, 0x32, 0x16, 0x14, 0x06, 0x22, 0x26, 0x34, 0x36, 0x32, 0x16, 0x14,
  0x06, 0x22, 0x26, 0x34, 0x36, 0x32, 0x16, 0x14, 0x06, 0x22, 0x06, 0x34,
  0x36, 0x32, 0x16, 0x14, 0x06, 0x22, 0x36, 0x34, 0x36, 0x32, 0x16, 0x14,
  0x06, 0x22, 0x26, 0x34, 0x36, 0x32, 0x16, 0x14, 0x06, 0x22, 0x06, 0x34,
  0x36, 0x32, 0x16, 0x14, 0x06, 0x22, 0x06, 0x34, 0x36, 0x32, 0x16, 0x14,
  0x06, 0x22, 0x06, 0x34, 0x36, 0x32, 0x16, 0x14, 0x06, 0x22, 0x36, 0x34,
  0x36, 0x32, 0x16, 0x14, 0x06, 0x22, 0x26, 0x34, 0x36, 0x32, 0x16, 0x14,
  0x06, 0x22, 0x26, 0x34, 0x36, 0x32, 0x16, 0x14, 0x06, 0x22, 0x00, 0x34,
  0x36, 0x32, 0x16, 0x14, 0x06, 0x22, 0x26, 0x34, 0x36, 0x32, 0x16, 0x14,
  0x06, 0x22, 0x26, 0x34, 0x36, 0x32, 0x16, 0x14, 0x06, 0x22, 0x26, 0x34,
  0x36, 0x32, 0x16, 0x14, 0x06, 0x22, 0x26, 0x34, 0x36, 0x32, 0x16, 0x14,
  0x06, 0x22, 0x26, 0x34, 0x36, 0x32, 0x16, 0x14, 0x06, 0x22, 0x02, 0x34,
  0x36, 0x32, 0x16, 0x14, 0x06, 0x22, 0x36, 0x34, 0x36, 0x32, 0x16, 0x14,
  0x06, 0x22, 0x36, 0x34, 0x36, 0x32, 0x16, 0x14, 0x06, 0x22, 0x36, 0x34,
  0x36, 0x32, 0x16, 0x14, 0x06, 0x22, 0x36, 0x34, 0x36, 0x32, 0x16, 0x14,
  0x06, 0x22, 0x36, 0x34, 0x36, 0x32, 0x16, 0x14, 0x06, 0x22, 0x36, 0x34,
  0x36, 0x32, 0x16, 0x14, 0x06, 0x22, 0x00, 0x34, 0x36, 0x32, 0x16, 0x14,
  0x06, 0x22, 0x64, 0x1d, 0x2a, 0x1d, 0x1d, 0x2a, 0x1d, 0x1d, 0x2a, 0x1d,
  0x1d, 0x2a, 0x47, 0x1d, 0x2a, 0x1d, 0x1d, 0x2a, 0x47, 0x1d, 0x2a, 0x1d,
  0x1d, 0x2a, 0x47, 0x1d, 0x2a, 0x1d, 0x1d, 0x2a, 0x47, 0x1d, 0x2a, 0x1d,
  0x1d, 0x2a, 0x47, 0x1d, 0x2a, 0x1d, 0x1d, 0x2a, 0x1d, 0x1d, 0x2a, 0x1d,
  0x1d, 0x2a, 0x81, 0x1d, 0x2a, 0x1d, 0x1d, 0x2a, 0x81, 0x1d, 0x2a, 0x1d,
  0x1d, 0x2a, 0x81, 0x1d, 0x2a, 0x1d, 0x1d, 0x2a, 0x81, 0x1d, 0x2a, 0x1d,
  0x1d, 0x2a, 0x01, 0x73, 0x1d, 0x2a, 0x1d, 0x1d, 0x2a, 0x47, 0x1d, 0x2a,
  0x1d, 0x1d, 0x2a, 0x1d, 0x1d, 0x2a, 0x1d, 0x1d, 0x2a, 0x47, 0x1d, 0x2a,
  0x1d, 0x1d, 0x2a, 0x1d, 0x1d, 0x2a, 0x1d, 0x1d, 0x2a, 0x81, 0x1d, 0x2a,
  0x1d, 0x1d, 0x2a, 0x1d, 0x1d, 0x2a, 0x1d, 0x1d, 0x2a, 0x47, 0x1d, 0x2a,
  0x1d, 0x1d, 0x2a, 0xfe, 0xb7, 0x1d, 0x2a, 0x1d, 0x1d, 0x2a, 0x81, 0x1d,
  0x2a, 0x1d, 0x1d, 0x2a, 0x81, 0x1d, 0x2a, 0x1d, 0x1d, 0x2a, 0x81, 0x1d,
  0x2a, 0x1d, 0x1d, 0x2a, 0x81, 0x1d, 0x2a, 0x1d, 0x1d, 0x2a, 0x1d, 0x1d,
  0x2a, 0x1d, 0x1d, 0x2a, 0x81, 0x1d, 0x2a, 0x1d, 0x1d, 0x2a, 0xab, 0x1d,
  0x2a, 0x1d, 0x1d, 0x2a, 0x01, 0x73, 0x1d, 0x2a, 0x1d, 0x1d, 0x2a, 0x47,
  0x1d, 0x2a, 0x1d, 0x1d, 0x2a, 0x47, 0x1d, 0x2a, 0x1d, 0x1d, 0x2a, 0x1d,
  0x1d, 0x2a, 0x1d, 0x1d, 0x2a, 0x81, 0x1d, 0x2a, 0x1d, 0x1d, 0x2a, 0x1d,
  0x1d, 0x2a, 0x1d, 0x1d, 0x2a, 0x47, 0x1d, 0x2a, 0x1d, 0x1d, 0x2a, 0x1d,
  0x1d, 0x2a, 0x1d, 0x1d, 0x2a, 0x81, 0x1d, 0x2a, 0x1d, 0x1d, 0x2a, 0x1d,
  0x1d, 0x2a, 0x1d, 0x1d, 0x2a, 0x1d, 0x1d, 0x2a, 0x1d, 0x1d, 0x2a, 0x47,
  0x1d, 0x2a, 0x1d, 0x1d, 0x2a, 0x1d, 0x1d, 0x2a, 0x1d, 0x1d, 0x2a, 0xe5,
  0x1d, 0x2a, 0x1d, 0x1d, 0x2a, 0x1d, 0x1d, 0x2a, 0x1d, 0x1d, 0x2a, 0x81,
  0x1d, 0x2a, 0x1d, 0x1d, 0x2a, 0x81, 0x1d, 0x2a, 0x1d, 0x1d, 0x2a, 0x81,
  0x1d, 0x2a, 0x1d, 0x1d, 0x2a, 0x81, 0x1d, 0x2a, 0x1d, 0x1d, 0x2a, 0x81,
  0x1d, 0x2a, 0x1d, 0x1d, 0x2a, 0x1d, 0x1d, 0x2a, 0x1d, 0x1d, 0x2a, 0x47,
  0x1d, 0x2a, 0x1d, 0x1d, 0x2a, 0xe5, 0x1d, 0x2a, 0x1d, 0x1d, 0x2a, 0x1d,
  0x1d, 0x2a, 0x1d, 0x1d, 0x2a, 0x1d, 0x1d, 0x2a, 0x1d, 0x1d, 0x2a, 0x1d,
  0x1d, 0x2a, 0x1d, 0x1d, 0x2a, 0x47, 0x1d, 0x2a, 0x1d, 0x1d, 0x2a, 0x1d,
  0x1d, 0x2a, 0x1d, 0x1d, 0x2a, 0x1d, 0x1d, 0x2a, 0x1d, 0x1d, 0x2a, 0x02,
  0x9f, 0x1d, 0x2a, 0x1d, 0x1d, 0x2a, 0x81, 0x1d, 0x2a, 0x1d, 0x1d, 0x2a,
  0xe5, 0x1d, 0x2a, 0x1d, 0x1d, 0x2a, 0x81, 0x1d, 0x2a, 0x1d, 0x1d, 0x2a,
  0x81, 0x1d, 0x2a, 0x1d, 0x1d, 0x2a, 0x81, 0x1d, 0x2a, 0x1d, 0x1d, 0x2a,
  0x1d, 0x1d, 0x2a, 0x1d, 0x1d, 0x2a, 0x47, 0x1d, 0x2a, 0x1d, 0x1d, 0x2a,
  0x47, 0x1d, 0x2a, 0x1d, 0x1d, 0x2a, 0x47, 0x1d, 0x2a, 0x1d, 0x1d, 0x2a,
  0x47, 0x1d, 0x2a, 0x1d, 0x1d, 0x2a, 0x47, 0x1d, 0x2a, 0x1d, 0x1d, 0x2a,
  0x47, 0x1d, 0x2a, 0x1d, 0x1d, 0x2a, 0xfd, 0x8b, 0x1d, 0x2a, 0x1d, 0x1d,
  0x2a, 0x47, 0x2a, 0x1d, 0x1d, 0x2a, 0x1d, 0x47, 0x2a, 0x1d, 0x1d, 0x2a,
  0x1d, 0x47, 0x2a, 0x1d, 0x1d, 0x2a, 0x1d, 0x1d, 0x2a, 0x1d, 0x1d, 0x2a,
  0x1d, 0x1d, 0x2a, 0x1d, 0x1d, 0x2a, 0x1d, 0x1d, 0x2a, 0x1d, 0x1d, 0x2a,
  0x1d, 0x1d, 0x2a, 0x1d, 0x1d, 0x2a, 0x1d, 0x81, 0x2a, 0x1d, 0x1d, 0x2a,
  0x1d, 0x1d, 0x2a, 0x1d, 0x1d, 0x2a, 0x1d, 0x1d, 0x2a, 0x1d, 0x1d, 0x2a,
  0x1d, 0x1d, 0x2a, 0x1d, 0x1d, 0x2a, 0x1d, 0x1d, 0x2a, 0x1d, 0x1d, 0x2a,
  0x1d, 0x81, 0x2a, 0x1d, 0x1d, 0x2a, 0x1d, 0x47, 0x2a, 0x1d, 0x1d, 0x2a,
  0x1d, 0x81, 0x2a, 0x1d, 0x1d, 0x2a, 0x1d, 0x1d, 0x2a, 0x1d, 0x1d, 0x2a,
  0x1d, 0x81, 0x2a, 0x1d, 0x1d, 0x2a, 0x1d, 0x1d, 0x2a, 0x1d, 0x1d, 0x2a,
  0x1d, 0x81, 0x2a, 0x1d, 0x1d, 0x2a, 0x1d, 0x1d, 0x2a, 0x1d, 0x1d, 0x2a,
  0x1d, 0x1d, 0x2a, 0x1d, 0x1d, 0x2a, 0x1d, 0x1d, 0x2a, 0x1d, 0x1d, 0x2a,
  0x1d, 0x1d, 0x2a, 0x1d, 0x1d, 0x2a, 0x1d, 0x1d, 0x2a, 0x1d, 0x1d, 0x2a,
  0x1d, 0x81, 0x2a, 0x1d, 0x1d, 0x2a, 0x1d, 0x81, 0x2a, 0x1d, 0x1d, 0x2a,
  0x1d, 0x1d, 0x2a, 0x1d, 0x1d, 0x2a, 0x1d, 0x1d, 0x2a, 0x1d, 0x1d, 0x2a,
  0x1d, 0x1d, 0x2a, 0x1d, 0x1d, 0x2a, 0x1d, 0x1d, 0x2a, 0x1d, 0x1d, 0x2a,
  0x1d, 0x1d, 0x2a, 0x1d, 0x1d, 0x2a, 0x1d, 0x81, 0x2a, 0x1d, 0x1d, 0x2a,
  0x1d, 0x1d, 0x2a, 0x1d, 0x1d, 0x2a, 0x1d, 0x81, 0x2a, 0x1d, 0x1d, 0x2a,
  0x1d, 0x1d, 0x2a, 0x1d, 0x1d, 0x2a, 0x1d, 0x81, 0x2a, 0x1d, 0x1d, 0x2a,
  0x1d, 0x1d, 0x2a, 0x1d, 0x1d, 0x2a, 0x1d, 0x81, 0x2a, 0x1d, 0x1d, 0x2a,
  0x1d, 0x81, 0x2a, 0x1d, 0x1d, 0x2a, 0x1d, 0x1d, 0x2a, 0x1d, 0x1d, 0x2a,
  0x1d, 0x47, 0x2a, 0x1d, 0x1d, 0x2a, 0x1d, 0x1d, 0x2a, 0x1d, 0x1d, 0x2a,
  0x1d, 0x81, 0x2a, 0x1d, 0x1d, 0x2a, 0x1d, 0x1d, 0x2a, 0x1d, 0x1d, 0x2a,
  0x1d, 0x1d, 0x2a, 0x1d, 0x1d, 0x2a, 0x1d, 0x1d, 0x2a, 0x1d, 0x1d, 0x2a,
  0x1d, 0x1d, 0x2a, 0x1d, 0x1d, 0x2a, 0x1d, 0x1d, 0x2a, 0x1d, 0x1d, 0x2a,
  0x1d, 0x47, 0x2a, 0x1d, 0x1d, 0x2a, 0x1d, 0x1d, 0x2a, 0x1d, 0x1d, 0x2a,
  0x1d, 0x1d, 0x2a, 0x1d, 0x1d, 0x2a, 0x1d, 0x47, 0x2a, 0x1d, 0x1d, 0x2a,
  0x1d, 0x47, 0x2a, 0x1d, 0x1d, 0x2a, 0x1d, 0x47, 0x2a, 0x1d, 0x1d, 0x2a,
  0x1d, 0x1d, 0x2a, 0x1d, 0x1d, 0x2a, 0x1d, 0x81, 0x2a, 0x1d, 0x1d, 0x2a,
  0x1d, 0x81, 0x2a, 0x1d, 0x1d, 0x2a, 0x1d, 0x01, 0x49, 0x2a, 0x1d, 0x1d,
  0x2a, 0x1d, 0x1d, 0x2a, 0x1d, 0x1d, 0x2a, 0x1d, 0x1d, 0x2a, 0x1d, 0x1d,
  0x2a, 0x1d, 0x1d, 0x2a, 0x1d, 0x1d, 0x2a, 0x1d, 0x1d, 0x2a, 0x1d, 0x1d,
  0x2a, 0x1d, 0x1d, 0x2a, 0x1d, 0x1d, 0x2a, 0x1d, 0xfd, 0x61, 0x2a, 0x1d,
  0x1d, 0x2a, 0x1d, 0x1d, 0x2a, 0x1d, 0x1d, 0x2a, 0x1d, 0x1d, 0x2a, 0x1d,
  0x1d, 0x2a, 0x1d, 0x1d, 0x2a, 0x1d, 0x1d, 0x2a, 0x1d, 0x1d, 0x2a, 0x1d,
  0x1d, 0x2a, 0x1d, 0x1d, 0x2a, 0x1d, 0x1d, 0x2a, 0x1d, 0x1d, 0x2a, 0x1d,
  0x1d, 0x2a, 0x1d, 0xfe, 0xf1, 0x2a, 0x1d, 0x1d, 0x2a, 0x1d, 0x00, 0x00,
  0x00, 0x35, 0x00, 0x00, 0x00, 0x00, 0x03, 0x20, 0x05, 0x14, 0x00, 0x07,
  0x00, 0x0f, 0x00, 0x17, 0x00, 0x1f, 0x00, 0x27, 0x00, 0x2f, 0x00, 0x37,
  0x00, 0x3f, 0x00, 0x47, 0x00, 0x4f, 0x00, 0x57, 0x00, 0x5f, 0x00, 0x67,
  0x00, 0x6f, 0x00, 0x77, 0x00, 0x7f, 0x00, 0x87, 0x00, 0x8f, 0x00, 0x97,
  0x00, 0x9f, 0x00, 0xa7, 0x00, 0xaf, 0x00, 0xb7, 0x00, 0xbf, 0x00, 0xc7,
  0x00, 0xcf, 0x00, 0xd7, 0x00, 0xdf, 0x00, 0xe7, 0x00, 0xef, 0x00, 0xf7,
  0x00, 0xff, 0x01, 0x07, 0x01, 0x0f, 0x01, 0x17, 0x01, 0x1f, 0x01, 0x27,
  0x01, 0x2f, 0x01, 0x37, 0x01, 0x3f, 0x01, 0x47, 0x01, 0x4f, 0x01, 0x57,
  0x01, 0x5f, 0x01, 0x67, 0x01, 0x6f, 0x01, 0x77, 0x01, 0x7f, 0x01, 0x87,
  0x01, 0x8f, 0x01, 0x97, 0x01, 0x9f, 0x01, 0xa7, 0x00, 0x00, 0x3c, 0x01,
  0x36, 0x32, 0x16, 0x14, 0x06, 0x22, 0x26, 0x34, 0x36, 0x32, 0x16, 0x14,
  0x06, 0x22, 0x26, 0x34, 0x36, 0x32, 0x16, 0x14, 0x06, 0x22, 0x26, 0x34,
  0x36, 0x32, 0x16, 0x14, 0x06, 0x22, 0x26, 0x34, 0x36, 0x32, 0x16, 0x14,
  0x06, 0x22, 0x26, 0x34, 0x36, 0x32, 0x16, 0x14, 0x06, 0x22, 0x26, 0x34,
  0x36, 0x32, 0x16, 0x14, 0x06, 0x22, 0x26, 0x34, 0x36, 0x32, 0x16, 0x14,
  0x06, 0x22, 0x26, 0x34, 0x36, 0x32, 0x16, 0x14, 0x06, 0x22, 0x26, 0x34,
  0x36, 0x32, 0x16, 0x14, 0x06, 0x22, 0x36, 0x34, 0x36, 0x32, 0x16, 0x14,
  0x06, 0x22, 0x26, 0x34, 0x36, 0x32, 0x16, 0x14, 0x06, 0x22, 0x36, 0x34,
  0x36, 0x32, 0x16, 0x14, 0x06, 0x22, 0x26, 0x34, 0x36, 0x32, 0x16, 0x14,
  0x06, 0x22, 0x36, 0x34, 0x36, 0x32, 0x16, 0x14, 0x06, 0x22, 0x26, 0x34,
  0x36, 0x32, 0x16, 0x14, 0x06, 0x22, 0x36, 0x34, 0x36, 0x32, 0x16, 0x14,
  0x06, 0x22, 0x02, 0x34, 0x36, 0x32, 0x16, 0x14, 0x06, 0x22, 0x06, 0x34,
  0x36, 0x32, 0x16, 0x14, 0x06, 0x22, 0x26, 0x34, 0x36, 0x32, 0x16, 0x14,
  0x06, 0x22, 0x02, 0x34, 0x36, 0x32, 0x16, 0x14, 0x06, 0x22, 0x06, 0x34,
  0x36, 0x32, 0x16, 0x14, 0x06, 0x22, 0x06, 0x34, 0x36, 0x32, 0x16, 0x14,
  0x06, 0x22, 0x06, 0x34, 0x36, 0x32, 0x16, 0x14, 0x06, 0x22, 0x06, 0x34,
  0x36, 0x32, 0x16, 0x14, 0x06, 0x22, 0x06, 0x34, 0x36, 0x32, 0x16, 0x14,
  0x06, 0x22, 0x12, 0x34, 0x36, 0x32, 0x16, 0x14, 0x06, 0x22, 0x06, 0x34,
  0x36, 0x32, 0x16, 0x14, 0x06, 0x22, 0x36, 0x34, 0x36, 0x32, 0x16, 0x14,
  0x06, 0x22, 0x06, 0x34, 0x36, 0x32, 0x16, 0x14, 0x06, 0x22, 0x36, 0x34,
  0x36, 0x32, 0x16, 0x14, 0x06, 0x22, 0x06, 0x34, 0x36, 0x32, 0x16, 0x14,
  0x06, 0x22, 0x36, 0x34, 0x36, 0x32, 0x16, 0x14, 0x06, 0x22, 0x06, 0x34,
  0x36, 0x32, 0x16, 0x14, 0x06, 0x22, 0x36, 0x34, 0x36, 0x32, 0x16, 0x14,
  0x06, 0x22, 0x06, 0x34, 0x36, 0x32, 0x16, 0x14, 0x06, 0x22, 0x06, 0x34,
  0x36, 0x32, 0x16, 0x14, 0x06, 0x22, 0x06, 0x34, 0x36, 0x32, 0x16, 0x14,
  0x06, 0x22, 0x06, 0x34, 0x36, 0x32, 0x16, 0x14, 0x06, 0x22, 0x06, 0x34,
  0x36, 0x32, 0x16, 0x14, 0x06, 0x22, 0x06, 0x34, 0x36, 0x32, 0x16, 0x14,
  0x06, 0x22, 0x06, 0x34, 0x36, 0x32, 0x16, 0x14, 0x06, 0x22, 0x06, 0x34,
  0x36, 0x32, 0x16, 0x14, 0x06, 0x22, 0x06, 0x34, 0x36, 0x32, 0x16, 0x14,
  0x06, 0x22, 0x36, 0x34, 0x36, 0x32, 0x16, 0x14, 0x06, 0x22, 0x26, 0x34,
  0x36, 0x32, 0x16, 0x14, 0x06, 0x22, 0x26, 0x34, 0x36, 0x32, 0x16, 0x14,
  0x06, 0x22, 0x26, 0x34, 0x36, 0x32, 0x16, 0x14, 0x06, 0x22, 0x26, 0x34,
  0x36, 0x32, 0x16, 0x14, 0x06, 0x22, 0x26, 0x34, 0x36, 0x32, 0x16, 0x14,
  0x06, 0x22, 0x26, 0x34, 0x36, 0x32, 0x16, 0x14, 0x06, 0x22, 0x26, 0x34,
  0x36, 0x32, 0x16, 0x14, 0x06, 0x22, 0x26, 0x34, 0x36, 0x32, 0x16, 0x14,
  0x06, 0x22, 0x1d, 0x2a, 0x1d, 0x1d, 0x2a, 0x1d, 0x1d, 0x2a, 0x1d, 0x1d,
  0x2a, 0x1d, 0x1d, 0x2a, 0x1d, 0x1d, 0x2a, 0x1d, 0x1d, 0x2a, 0x1d, 0x1d,
  0x2a, 0x1d, 0x1d, 0x2a, 0x1d, 0x1d, 0x2a, 0x1d, 0x1d, 0x2a, 0x1d, 0x1d,
  0x2a, 0x1d, 0x1d, 0x2a, 0x1d, 0x1d, 0x2a, 0x1d, 0x1d, 0x2a, 0x1d, 0x1d,
  0x2a, 0x1d, 0x1d, 0x2a, 0x1d, 0x1d, 0x2a, 0x1d, 0x1d, 0x2a, 0x1d, 0x1d,
  0x2a, 0x47, 0x1d, 0x2a, 0x1d, 0x1d, 0x2a, 0x81, 0x1d, 0x2a, 0x1d, 0x1d,
  0x2a, 0x47, 0x1d, 0x2a, 0x1d, 0x1d, 0x2a, 0x81, 0x1d, 0x2a, 0x1d, 0x1d,
  0x2a, 0x47, 0x1d, 0x2a, 0x1d, 0x1d, 0x2a, 0x81, 0x1d, 0x2a, 0x1d, 0x1d,
  0x2a, 0x47, 0x1d, 0x2a, 0x1d, 0x1d, 0x2a, 0x1d, 0x1d, 0x2a, 0x1d, 0x1d,
  0x2a, 0x1d, 0x1d, 0x2a, 0x1d, 0x1d, 0x2a, 0x1d, 0x1d, 0x2a, 0x1d, 0x1d,
  0x2a, 0x1d, 0x1d, 0x2a, 0x1d, 0x1d, 0x2a, 0x1d, 0x1d, 0x2a, 0x1d, 0x1d,
  0x2a, 0x1d, 0x1d, 0x2a, 0x1d, 0x1d, 0x2a, 0x1d, 0x1d, 0x2a, 0x1d, 0x1d,
  0x2a, 0x1d, 0x1d, 0x2a, 0x1d, 0x1d, 0x2a, 0x1d, 0x1d, 0x2a, 0x1d, 0x1d,
  0x2a, 0x47, 0x1d, 0x2a, 0x1d, 0x1d, 0x2a, 0x1d, 0x1d, 0x2a, 0x1d, 0x1d,
  0x2a, 0x47, 0x1d, 0x2a, 0x1d, 0x1d, 0x2a, 0x1d, 0x1d, 0x2a, 0x1d, 0x1d,
  0x2a, 0x47, 0x1d, 0x2a, 0x1d, 0x1d, 0x2a, 0x1d, 0x1d, 0x2a, 0x1d, 0x1d,
  0x2a, 0x47, 0x1d, 0x2a, 0x1d, 0x1d, 0x2a, 0x1d, 0x1d, 0x2a, 0x1d, 0x1d,
  0x2a, 0x47, 0x1d, 0x2a, 0x1d, 0x1d, 0x2a, 0x1d, 0x1d, 0x2a, 0x1d, 0x1d,
  0x2a, 0x1d, 0x1d, 0x2a, 0x1d, 0x1d, 0x2a, 0x1d, 0x1d, 0x2a, 0x1d, 0x1d,
  0x2a, 0x1d, 0x1d, 0x2a, 0x1d, 0x1d, 0x2a, 0x1d, 0x1d, 0x2a, 0x1d, 0x1d,
  0x2a, 0x1d, 0x1d, 0x2a, 0x1d, 0x1d, 0x2a, 0x1d, 0x1d, 0x2a, 0x1d, 0x1d,
  0x2a, 0x1d, 0x1d, 0x2a, 0x1d, 0x1d, 0x2a, 0x1d, 0x1d, 0x2a, 0x1d, 0x1d,
  0x2a, 0x47, 0x1d, 0x2a, 0x1d, 0x1d, 0x2a, 0x1d, 0x1d, 0x2a, 0x1d, 0x1d,
  0x2a, 0x1d, 0x1d, 0x2a, 0x1d, 0x1d, 0x2a, 0x1d, 0x1d, 0x2a, 0x1d, 0x1d,
  0x2a, 0x1d, 0x1d, 0x2a, 0x1d, 0x1d, 0x2a, 0x1d, 0x1d, 0x2a, 0x1d, 0x1d,
  0x2a, 0x1d, 0x1d, 0x2a, 0x1d, 0x1d, 0x2a, 0x1d, 0x1d, 0x2a, 0x1d, 0x1d,
  0x2a, 0x1d, 0x1d, 0x2a, 0x1d, 0x1d, 0x2a, 0x1d, 0x2a, 0x1d, 0x1d, 0x2a,
  0x1d, 0x81, 0x2a, 0x1d, 0x1d, 0x2a, 0x1d, 0x81, 0x2a, 0x1d, 0x1d, 0x2a,
  0x1d, 0x81, 0x2a, 0x1d, 0x1d, 0x2a, 0x1d, 0x81, 0x2a, 0x1d, 0x1d, 0x2a,
  0x1d, 0x81, 0x2a, 0x1d, 0x1d, 0x2a, 0x1d, 0x81, 0x2a, 0x1d, 0x1d, 0x2a,
  0x1d, 0x81, 0x2a, 0x1d, 0x1d, 0x2a, 0x1d, 0x81, 0x2a, 0x1d, 0x1d, 0x2a,
  0x1d, 0x81, 0x2a, 0x1d, 0x1d, 0x2a, 0x1d, 0x1d, 0x2a, 0x1d, 0x1d, 0x2a,
  0x1d, 0x81, 0x2a, 0x1d, 0x1d, 0x2a, 0x1d, 0x1d, 0x2a, 0x1d, 0x1d, 0x2a,
  0x1d, 0x81, 0x2a, 0x1d, 0x1d, 0x2a, 0x1d, 0x1d, 0x2a, 0x1d, 0x1d, 0x2a,
  0x1d, 0x81, 0x2a, 0x1d, 0x1d, 0x2a, 0x1d, 0x1d, 0x2a, 0x1d, 0x1d, 0x2a,
  0x1d, 0xfe, 0x29, 0x2a, 0x1d, 0x1d, 0x2a, 0x1d, 0x47, 0x2a, 0x1d, 0x1d,
  0x2a, 0x1d, 0xe5, 0x2a, 0x1d, 0x1d, 0x2a, 0x1d, 0xfe, 0xf1, 0x2a, 0x1d,
  0x1d, 0x2a, 0x1d, 0x47, 0x2a, 0x1d, 0x1d, 0x2a, 0x1d, 0x47, 0x2a, 0x1d,
  0x1d, 0x2a, 0x1d, 0x47, 0x2a, 0x1d, 0x1d, 0x2a, 0x1d, 0x47, 0x2a, 0x1d,
  0x1d, 0x2a, 0x1d, 0x47, 0x2a, 0x1d, 0x1d, 0x2a, 0x1d, 0x03, 0x3d, 0x2a,
  0x1d, 0x1d, 0x2a, 0x1d, 0x47, 0x2a, 0x1d, 0x1d, 0x2a, 0x1d, 0xe5, 0x2a,
  0x1d, 0x1d, 0x2a, 0x1d, 0x47, 0x2a, 0x1d, 0x1d, 0x2a, 0x1d, 0x81, 0x2a,
  0x1d, 0x1d, 0x2a, 0x1d, 0x47, 0x2a, 0x1d, 0x1d, 0x2a, 0x1d, 0x81, 0x2a,
  0x1d, 0x1d, 0x2a, 0x1d, 0x47, 0x2a, 0x1d, 0x1d, 0x2a, 0x1d, 0x81, 0x2a,
  0x1d, 0x1d, 0x2a, 0x1d, 0x47, 0x2a, 0x1d, 0x1d, 0x2a, 0x1d, 0x47, 0x2a,
  0x1d, 0x1d, 0x2a, 0x1d, 0x47, 0x2a, 0x1d, 0x1d, 0x2a, 0x1d, 0x47, 0x2a,
  0x1d, 0x1d, 0x2a, 0x1d, 0x47, 0x2a, 0x1d, 0x1d, 0x2a, 0x1d, 0x47, 0x2a,
  0x1d, 0x1d, 0x2a, 0x1d, 0x47, 0x2a, 0x1d, 0x1d, 0x2a, 0x1d, 0x47, 0x2a,
  0x1d, 0x1d, 0x2a, 0x1d, 0x47, 0x2a, 0x1d, 0x1d, 0x2a, 0x1d, 0x1d, 0x2a,
  0x1d, 0x1d, 0x2a, 0x1d, 0x81, 0x2a, 0x1d, 0x1d, 0x2a, 0x1d, 0x81, 0x2a,
  0x1d, 0x1d, 0x2a, 0x1d, 0x81, 0x2a, 0x1d, 0x1d, 0x2a, 0x1d, 0x81, 0x2a,
  0x1d, 0x1d, 0x2a, 0x1d, 0x81, 0x2a, 0x1d, 0x1d, 0x2a, 0x1d, 0x81, 0x2a,
  0x1d, 0x1d, 0x2a, 0x1d, 0x81, 0x2a, 0x1d, 0x1d, 0x2a, 0x1d, 0x81, 0x2a,
  0x1d, 0x1d, 0x2a, 0x1d, 0x00, 0x18, 0x00, 0x00, 0x00, 0x00, 0x00, 0xc8,
  0x05, 0x14, 0x00, 0x07, 0x00, 0x0f, 0x00, 0x17, 0x00, 0x1f, 0x00, 0x27,
  0x00, 0x2f, 0x00, 0x37, 0x00, 0x3f, 0x00, 0x47, 0x00, 0x4f, 0x00, 0x57,
  0x00, 0x5f, 0x00, 0x67, 0x00, 0x6f, 0x00, 0x77, 0x00, 0x7f, 0x00, 0x87,
  0x00, 0x8f, 0x00, 0x97, 0x00, 0x9f, 0x00, 0xa7, 0x00, 0xaf, 0x00, 0xb7,
  0x00, 0xbf, 0x00, 0x00, 0x3c, 0x01, 0x36, 0x32, 0x16, 0x14, 0x06, 0x22,
  0x36, 0x34, 0x36, 0x32, 0x16, 0x14, 0x06, 0x22, 0x26, 0x34, 0x36, 0x32,
  0x16, 0x14, 0x06, 0x22, 0x26, 0x34, 0x36, 0x32, 0x16, 0x14, 0x06, 0x22,
  0x26, 0x34, 0x36, 0x32, 0x16, 0x14, 0x06, 0x22, 0x36, 0x34, 0x36, 0x32,
  0x16, 0x14, 0x06, 0x22, 0x26, 0x34, 0x36, 0x32, 0x16, 0x14, 0x06, 0x22,
  0x26, 0x34, 0x36, 0x32, 0x16, 0x14, 0x06, 0x22, 0x26, 0x34, 0x36, 0x32,
  0x16, 0x14, 0x06, 0x22, 0x36, 0x34, 0x36, 0x32, 0x16, 0x14, 0x06, 0x22,
  0x26, 0x34, 0x36, 0x32, 0x16, 0x14, 0x06, 0x22, 0x26, 0x34, 0x36, 0x32,
  0x16, 0x14, 0x06, 0x22, 0x36, 0x34, 0x36, 0x32, 0x16, 0x14, 0x06, 0x22,
  0x26, 0x34, 0x36, 0x32, 0x16, 0x14, 0x06, 0x22, 0x36, 0x34, 0x36, 0x32,
  0x16, 0x14, 0x06, 0x22, 0x26, 0x34, 0x36, 0x32, 0x16, 0x14, 0x06, 0x22,
  0x36, 0x34, 0x36, 0x32, 0x16, 0x14, 0x06, 0x22, 0x26, 0x34, 0x36, 0x32,
  0x16, 0x14, 0x06, 0x22, 0x36, 0x34, 0x36, 0x32, 0x16, 0x14, 0x06, 0x22,
  0x26, 0x34, 0x36, 0x32, 0x16, 0x14, 0x06, 0x22, 0x26, 0x34, 0x36, 0x32,
  0x16, 0x14, 0x06, 0x22, 0x36, 0x34, 0x36, 0x32, 0x16, 0x14, 0x06, 0x22,
  0x26, 0x34, 0x36, 0x32, 0x16, 0x14, 0x06, 0x22, 0x26, 0x34, 0x36, 0x32,
  0x16, 0x14, 0x06, 0x22, 0x1d, 0x2a, 0x1d, 0x1d, 0x2a, 0x47, 0x1d, 0x2a,
  0x1d, 0x1d, 0x2a, 0x1d, 0x1d, 0x2a, 0x1d, 0x1d, 0x2a, 0x81, 0x1d, 0x2a,
  0x1d, 0x1d, 0x2a, 0x1d, 0x1d, 0x2a, 0x1d, 0x1d, 0x2a, 0x47, 0x1d, 0x2a,
  0x1d, 0x1d, 0x2a, 0x1d, 0x1d, 0x2a, 0x1d, 0x1d, 0x2a, 0x81, 0x1d, 0x2a,
  0x1d, 0x1d, 0x2a, 0x1d, 0x1d, 0x2a, 0x1d, 0x1d, 0x2a, 0x47, 0x1d, 0x2a,
  0x1d, 0x1d, 0x2a, 0x1d, 0x1d, 0x2a, 0x1d, 0x1d, 0x2a, 0x81, 0x1d, 0x2a,
  0x1d, 0x1d, 0x2a, 0x47, 0x1d, 0x2a, 0x1d, 0x1d, 0x2a, 0x81, 0x1d, 0x2a,
  0x1d, 0x1d, 0x2a, 0x47, 0x1d, 0x2a, 0x1d, 0x1d, 0x2a, 0x81, 0x1d, 0x2a,
  0x1d, 0x1d, 0x2a, 0x47, 0x1d, 0x2a, 0x1d, 0x1d, 0x2a, 0x81, 0x1d, 0x2a,
  0x1d, 0x1d, 0x2a, 0x47, 0x1d, 0x2a, 0x1d, 0x1d, 0x2a, 0x81, 0x1d, 0x2a,
  0x1d, 0x1d, 0x2a, 0x1d, 0x1d, 0x2a, 0x1d, 0x1d, 0x2a, 0x47, 0x1d, 0x2a,
  0x1d, 0x1d, 0x2a, 0x1d, 0x1d, 0x2a, 0x1d, 0x1d, 0x2a, 0x81, 0x1d, 0x2a,
  0x1d, 0x1d, 0x2a, 0x1d, 0x2a, 0x1d, 0x1d, 0x2a, 0x1d, 0x1d, 0x2a, 0x1d,
  0x1d, 0x2a, 0x1d, 0x81, 0x2a, 0x1d, 0x1d, 0x2a, 0x1d, 0x1d, 0x2a, 0x1d,
  0x1d, 0x2a, 0x1d, 0x81, 0x2a, 0x1d, 0x1d, 0x2a, 0x1d, 0x1d, 0x2a, 0x1d,
  0x1d, 0x2a, 0x1d, 0x81, 0x2a, 0x1d, 0x1d, 0x2a, 0x1d, 0x1d, 0x2a, 0x1d,
  0x1d, 0x2a, 0x1d, 0x81, 0x2a, 0x1d, 0x1d, 0x2a, 0x1d, 0x1d, 0x2a, 0x1d,
  0x1d, 0x2a, 0x1d, 0x81, 0x2a, 0x1d, 0x1d, 0x2a, 0x1d, 0x1d, 0x2a, 0x1d,
  0x1d, 0x2a, 0x1d, 0x81, 0x2a, 0x1d, 0x1d, 0x2a, 0x1d, 0x1d, 0x2a, 0x1d,
  0x1d, 0x2a, 0x1d, 0x81, 0x2a, 0x1d, 0x1d, 0x2a, 0x1d, 0x1d, 0x2a, 0x1d,
  0x1d, 0x2a, 0x1d, 0x81, 0x2a, 0x1d, 0x1d, 0x2a, 0x1d, 0x1d, 0x2a, 0x1d,
  0x1d, 0x2a, 0x1d, 0x81, 0x2a, 0x1d, 0x1d, 0x2a, 0x1d, 0x1d, 0x2a, 0x1d,
  0x1d, 0x2a, 0x1d, 0xe5, 0x2a, 0x1d, 0x1d, 0x2a, 0x1d, 0x1d, 0x2a, 0x1d,
  0x1d, 0x2a, 0x1d, 0x81, 0x2a, 0x1d, 0x1d, 0x2a, 0x1d, 0x1d, 0x2a, 0x1d,
  0x1d, 0x2a, 0x1d, 0x00, 0x00, 0x1b, 0x00, 0x00, 0x00, 0x00, 0x01, 0x90,
  0x05, 0x14, 0x00, 0x07, 0x00, 0x0f, 0x00, 0x17, 0x00, 0x1f, 0x00, 0x27,
  0x00, 0x2f, 0x00, 0x37, 0x00, 0x3f, 0x00, 0x47, 0x00, 0x4f, 0x00, 0x57,
  0x00, 0x5f, 0x00, 0x67, 0x00, 0x6f, 0x00, 0x77, 0x00, 0x7f, 0x00, 0x87,
  0x00, 0x8f, 0x00, 0x97, 0x00, 0x9f, 0x00, 0xa7, 0x00, 0xaf, 0x00, 0xb7,
  0x00, 0xbf, 0x00, 0xc7, 0x00, 0xcf, 0x00, 0xd7, 0x00, 0x00, 0x12, 0x34,
  0x36, 0x32, 0x16, 0x14, 0x06, 0x22, 0x36, 0x34, 0x36, 0x32, 0x16, 0x14,
  0x06, 0x22, 0x06, 0x34, 0x36, 0x32, 0x16, 0x14, 0x06, 0x22, 0x06, 0x34,
  0x36, 0x32, 0x16, 0x14, 0x06, 0x22, 0x06, 0x34, 0x36, 0x32, 0x16, 0x14,
  0x06, 0x22, 0x06, 0x34, 0x36, 0x32, 0x16, 0x14, 0x06, 0x22, 0x06, 0x34,
  0x36, 0x32, 0x16, 0x14, 0x06, 0x22, 0x06, 0x34, 0x36, 0x32, 0x16, 0x14,
  0x06, 0x22, 0x06, 0x34, 0x36, 0x32, 0x16, 0x14, 0x06, 0x22, 0x26, 0x34,
  0x36, 0x32, 0x16, 0x14, 0x06, 0x22, 0x26, 0x34, 0x36, 0x32, 0x16, 0x14,
  0x06, 0x22, 0x26, 0x34, 0x36, 0x32, 0x16, 0x14, 0x06, 0x22, 0x26, 0x34,
  0x36, 0x32, 0x16, 0x14, 0x06, 0x22, 0x26, 0x34, 0x36, 0x32, 0x16, 0x14,
  0x06, 0x22, 0x26, 0x34, 0x36, 0x32, 0x16, 0x14, 0x06, 0x22, 0x26, 0x34,
  0x36, 0x32, 0x16, 0x14, 0x06, 0x22, 0x02, 0x34, 0x36, 0x32, 0x16, 0x14,
  0x06, 0x22, 0x06, 0x34, 0x36, 0x32, 0x16, 0x14, 0x06, 0x22, 0x06, 0x34,
  0x36, 0x32, 0x16, 0x14, 0x06, 0x22, 0x06, 0x34, 0x36, 0x32, 0x16, 0x14,
  0x06, 0x22, 0x36, 0x34, 0x36, 0x32, 0x16, 0x14, 0x06, 0x22, 0x26, 0x34,
  0x36, 0x32, 0x16, 0x14, 0x06, 0x22, 0x26, 0x34, 0x36, 0x32, 0x16, 0x14,
  0x06, 0x22, 0x02, 0x34, 0x36, 0x32, 0x16, 0x14, 0x06, 0x22, 0x26, 0x34,
  0x36, 0x32, 0x16, 0x14, 0x06, 0x22, 0x26, 0x34, 0x36, 0x32, 0x16, 0x14,
  0x06, 0x22, 0x06, 0x34, 0x36, 0x32, 0x16, 0x14, 0x06, 0x22, 0xc8, 0x1d,
  0x2a, 0x1d, 0x1d, 0x2a, 0x47, 0x1d, 0x2a, 0x1d, 0x1d, 0x2a, 0x1d, 0x1d,
  0x2a, 0x1d, 0x1d, 0x2a, 0x1d, 0x1d, 0x2a, 0x1d, 0x1d, 0x2a, 0x1d, 0x1d,
  0x2a, 0x1d, 0x1d, 0x2a, 0x1d, 0x1d, 0x2a, 0x1d, 0x1d, 0x2a, 0x1d, 0x1d,
  0x2a, 0x1d, 0x1d, 0x2a, 0x1d, 0x1d, 0x2a, 0x1d, 0x1d, 0x2a, 0x1d, 0x1d,
  0x2a, 0x1d, 0x1d, 0x2a, 0x81, 0x1d, 0x2a, 0x1d, 0x1d, 0x2a, 0x1d, 0x1d,
  0x2a, 0x1d, 0x1d, 0x2a, 0x1d, 0x1d, 0x2a, 0x1d, 0x1d, 0x2a, 0x1d, 0x1d,
  0x2a, 0x1d, 0x1d, 0x2a, 0x1d, 0x1d, 0x2a, 0x1d, 0x1d, 0x2a, 0x1d, 0x1d,
  0x2a, 0x1d, 0x1d, 0x2a, 0x1d, 0x1d, 0x2a, 0x1d, 0x1d, 0x2a, 0x1d, 0x1d,
  0x2a, 0x1d, 0x1d, 0x2a, 0x1d, 0x1d, 0x2a, 0x1d, 0x1d, 0x2a, 0x1d, 0x1d,
  0x2a, 0x1d, 0x1d, 0x2a, 0x1d, 0x1d, 0x2a, 0x1d, 0x1d, 0x2a, 0x47, 0x1d,
  0x2a, 0x1d, 0x1d, 0x2a, 0x1d, 0x1d, 0x2a, 0x1d, 0x1d, 0x2a, 0x1d, 0x1d,
  0x2a, 0x1d, 0x1d, 0x2a, 0xe5, 0x1d, 0x2a, 0x1d, 0x1d, 0x2a, 0x1d, 0x1d,
  0x2a, 0x1d, 0x1d, 0x2a, 0x81, 0x1d, 0x2a, 0x1d, 0x1d, 0x2a, 0x1d, 0x1d,
  0x2a, 0x1d, 0x1d, 0x2a, 0x04, 0xcd, 0x2a, 0x1d, 0x1d, 0x2a, 0x1d, 0x1d,
  0x2a, 0x1d, 0x1d, 0x2a, 0x1d, 0x47, 0x2a, 0x1d, 0x1d, 0x2a, 0x1d, 0xab,
  0x2a, 0x1d, 0x1d, 0x2a, 0x1d, 0x47, 0x2a, 0x1d, 0x1d, 0x2a, 0x1d, 0x47,
  0x2a, 0x1d, 0x1d, 0x2a, 0x1d, 0x47, 0x2a, 0x1d, 0x1d, 0x2a, 0x1d, 0x47,
  0x2a, 0x1d, 0x1d, 0x2a, 0x1d, 0x47, 0x2a, 0x1d, 0x1d, 0x2a, 0x1d, 0x1d,
  0x2a, 0x1d, 0x1d, 0x2a, 0x1d, 0x81, 0x2a, 0x1d, 0x1d, 0x2a, 0x1d, 0x81,
  0x2a, 0x1d, 0x1d, 0x2a, 0x1d, 0x81, 0x2a, 0x1d, 0x1d, 0x2a, 0x1d, 0x81,
  0x2a, 0x1d, 0x1d, 0x2a, 0x1d, 0x81, 0x2a, 0x1d, 0x1d, 0x2a, 0x1d, 0xe5,
  0x2a, 0x1d, 0x1d, 0x2a, 0x1d, 0xfc, 0xfd, 0x2a, 0x1d, 0x1d, 0x2a, 0x1d,
  0x47, 0x2a, 0x1d, 0x1d, 0x2a, 0x1d, 0x47, 0x2a, 0x1d, 0x1d, 0x2a, 0x1d,
  0x47, 0x2a, 0x1d, 0x1d, 0x2a, 0x1d, 0x81, 0x2a, 0x1d, 0x1d, 0x2a, 0x1d,
  0x81, 0x2a, 0x1d, 0x1d, 0x2a, 0x1d, 0x81, 0x2a, 0x1d, 0x1d, 0x2a, 0x1d,
  0xfe, 0xf1, 0x2a, 0x1d, 0x1d, 0x2a, 0x1d, 0x81, 0x2a, 0x1d, 0x1d, 0x2a,
  0x1d, 0x1d, 0x2a, 0x1d, 0x1d, 0x2a, 0x1d, 0x47, 0x2a, 0x1d, 0x1d, 0x2a,
  0x1d, 0x00, 0x00, 0x00, 0x00, 0x38, 0x00, 0x00, 0x00, 0x00, 0x03, 0x84,
  0x05, 0x14, 0x00, 0x07, 0x00, 0x0f, 0x00, 0x17, 0x00, 0x1f, 0x00, 0x27,
  0x00, 0x2f, 0x00, 0x37, 0x00, 0x3f, 0x00, 0x47, 0x00, 0x4f, 0x00, 0x57,
  0x00, 0x5f, 0x00, 0x67, 0x00, 0x6f, 0x00, 0x77, 0x00, 0x7f, 0x00, 0x87,
  0x00, 0x8f, 0x00, 0x97, 0x00, 0x9f, 0x00, 0xa7, 0x00, 0xaf, 0x00, 0xb7,
  0x00, 0xbf, 0x00, 0xc7, 0x00, 0xcf, 0x00, 0xd7, 0x00, 0xdf, 0x00, 0xe7,
  0x00, 0xef, 0x00, 0xf7, 0x00, 0xff, 0x01, 0x07, 0x01, 0x0f, 0x01, 0x17,
  0x01, 0x1f, 0x01, 0x27, 0x01, 0x2f, 0x01, 0x37, 0x01, 0x3f, 0x01, 0x47,
  0x01, 0x4f, 0x01, 0x57, 0x01, 0x5f, 0x01, 0x67, 0x01, 0x6f, 0x01, 0x77,
  0x01, 0x7f, 0x01, 0x87, 0x01, 0x8f, 0x01, 0x97, 0x01, 0x9f, 0x01, 0xa7,
  0x01, 0xaf, 0x01, 0xb7, 0x01, 0xbf, 0x00, 0x00, 0x10, 0x34, 0x36, 0x32,
  0x16, 0x14, 0x06, 0x22, 0x26, 0x34, 0x36, 0x32, 0x16, 0x14, 0x06, 0x22,
  0x26, 0x34, 0x36, 0x32, 0x16, 0x14, 0x06, 0x22, 0x26, 0x34, 0x36, 0x32,
  0x16, 0x14, 0x06, 0x22, 0x36, 0x34, 0x36, 0x32, 0x16, 0x14, 0x06, 0x22,
  0x06, 0x34, 0x36, 0x32, 0x16, 0x14, 0x06, 0x22, 0x06, 0x34, 0x36, 0x32,
  0x16, 0x14, 0x06, 0x22, 0x06, 0x34, 0x36, 0x32, 0x16, 0x14, 0x06, 0x22,
  0x06, 0x34, 0x36, 0x32, 0x16, 0x14, 0x06, 0x22, 0x06, 0x34, 0x36, 0x32,
  0x16, 0x14, 0x06, 0x22, 0x06, 0x34, 0x36, 0x32, 0x16, 0x14, 0x06, 0x22,
  0x06, 0x34, 0x36, 0x32, 0x16, 0x14, 0x06, 0x22, 0x06, 0x34, 0x36, 0x32,
  0x16, 0x14, 0x06, 0x22, 0x06, 0x34, 0x36, 0x32, 0x16, 0x14, 0x06, 0x22,
  0x06, 0x34, 0x36, 0x32, 0x16, 0x14, 0x06, 0x22, 0x06, 0x34, 0x36, 0x32,
  0x16, 0x14, 0x06, 0x22, 0x36, 0x34, 0x36, 0x32, 0x16, 0x14, 0x06, 0x22,
  0x26, 0x34, 0x36, 0x32, 0x16, 0x14, 0x06, 0x22, 0x26, 0x34, 0x36, 0x32,
  0x16, 0x14, 0x06, 0x22, 0x26, 0x34, 0x36, 0x32, 0x16, 0x14, 0x06, 0x22,
  0x26, 0x34, 0x36, 0x32, 0x16, 0x14, 0x06, 0x22, 0x36, 0x34, 0x36, 0x32,
  0x16, 0x14, 0x06, 0x22, 0x36, 0x34, 0x36, 0x32, 0x16, 0x14, 0x06, 0x22,
  0x36, 0x34, 0x36, 0x32, 0x16, 0x14, 0x06, 0x22, 0x06, 0x34, 0x36, 0x32,
  0x16, 0x14, 0x06, 0x22, 0x36, 0x34, 0x36, 0x32, 0x16, 0x14, 0x06, 0x22,
  0x36, 0x34, 0x36, 0x32, 0x16, 0x14, 0x06, 0x22, 0x06, 0x34, 0x36, 0x32,
  0x16, 0x14, 0x06, 0x22, 0x36, 0x34, 0x36, 0x32, 0x16, 0x14, 0x06, 0x22,
  0x36, 0x34, 0x36, 0x32, 0x16, 0x14, 0x06, 0x22, 0x06, 0x34, 0x36, 0x32,
  0x16, 0x14, 0x06, 0x22, 0x36, 0x34, 0x36, 0x32, 0x16, 0x14, 0x06, 0x22,
  0x36, 0x34, 0x36, 0x32, 0x16, 0x14, 0x06, 0x22, 0x06, 0x34, 0x36, 0x32,
  0x16, 0x14, 0x06, 0x22, 0x36, 0x34, 0x36, 0x32, 0x16, 0x14, 0x06, 0x22,
  0x36, 0x34, 0x36, 0x32, 0x16, 0x14, 0x06, 0x22, 0x00, 0x34, 0x36, 0x32,
  0x16, 0x14, 0x06, 0x22, 0x26, 0x34, 0x36, 0x32, 0x16, 0x14, 0x06, 0x22,
  0x26, 0x34, 0x36, 0x32, 0x16, 0x14, 0x06, 0x22, 0x24, 0x34, 0x36, 0x32,
  0x16, 0x14, 0x06, 0x22, 0x26, 0x34, 0x36, 0x32, 0x16, 0x14, 0x06, 0x22,
  0x26, 0x34, 0x36, 0x32, 0x16, 0x14, 0x06, 0x22, 0x24, 0x34, 0x36, 0x32,
  0x16, 0x14, 0x06, 0x22, 0x26, 0x34, 0x36, 0x32, 0x16, 0x14, 0x06, 0x22,
  0x26, 0x34, 0x36, 0x32, 0x16, 0x14, 0x06, 0x22, 0x24, 0x34, 0x36, 0x32,
  0x16, 0x14, 0x06, 0x22, 0x26, 0x34, 0x36, 0x32, 0x16, 0x14, 0x06, 0x22,
  0x26, 0x34, 0x36, 0x32, 0x16, 0x14, 0x06, 0x22, 0x36, 0x34, 0x36, 0x32,
  0x16, 0x14, 0x06, 0x22, 0x26, 0x34, 0x36, 0x32, 0x16, 0x14, 0x06, 0x22,
  0x00, 0x34, 0x36, 0x32, 0x16, 0x14, 0x06, 0x22, 0x26, 0x34, 0x36, 0x32,
  0x16, 0x14, 0x06, 0x22, 0x26, 0x34, 0x36, 0x32, 0x16, 0x14, 0x06, 0x22,
  0x26, 0x34, 0x36, 0x32, 0x16, 0x14, 0x06, 0x22, 0x26, 0x34, 0x36, 0x32,
  0x16, 0x14, 0x06, 0x22, 0x02, 0x34, 0x36, 0x32, 0x16, 0x14, 0x06, 0x22,
  0x1d, 0x2a, 0x1d, 0x1d, 0x2a, 0x1d, 0x1d, 0x2a, 0x1d, 0x1d, 0x2a, 0x1d,
  0x1d, 0x2a, 0x1d, 0x1d, 0x2a, 0x1d, 0x1d, 0x2a, 0x1d, 0x1d, 0x2a, 0x47,
  0x1d, 0x2a, 0x1d, 0x1d, 0x2a, 0x1d, 0x1d, 0x2a, 0x1d, 0x1d, 0x2a, 0x1d,
  0x1d, 0x2a, 0x1d, 0x1d, 0x2a, 0x81, 0x1d, 0x2a, 0x1d, 0x1d, 0x2a, 0x1d,
  0x1d, 0x2a, 0x1d, 0x1d, 0x2a, 0x1d, 0x1d, 0x2a, 0x1d, 0x1d, 0x2a, 0x1d,
  0x1d, 0x2a, 0x1d, 0x1d, 0x2a, 0x1d, 0x1d, 0x2a, 0x1d, 0x1d, 0x2a, 0x1d,
  0x1d, 0x2a, 0x1d, 0x1d, 0x2a, 0x1d, 0x1d, 0x2a, 0x1d, 0x1d, 0x2a, 0x1d,
  0x1d, 0x2a, 0x1d, 0x1d, 0x2a, 0x1d, 0x1d, 0x2a, 0x1d, 0x1d, 0x2a, 0x47,
  0x1d, 0x2a, 0x1d, 0x1d, 0x2a, 0x1d, 0x1d, 0x2a, 0x1d, 0x1d, 0x2a, 0x1d,
  0x1d, 0x2a, 0x1d, 0x1d, 0x2a, 0x1d, 0x1d, 0x2a, 0x1d, 0x1d, 0x2a, 0x1d,
  0x1d, 0x2a, 0x1d, 0x1d, 0x2a, 0x47, 0x1d, 0x2a, 0x1d, 0x1d, 0x2a, 0x47,
  0x1d, 0x2a, 0x1d, 0x1d, 0x2a, 0x47, 0x1d, 0x2a, 0x1d, 0x1d, 0x2a, 0x81,
  0x1d, 0x2a, 0x1d, 0x1d, 0x2a, 0x47, 0x1d, 0x2a, 0x1d, 0x1d, 0x2a, 0x47,
  0x1d, 0x2a, 0x1d, 0x1d, 0x2a, 0x81, 0x1d, 0x2a, 0x1d, 0x1d, 0x2a, 0x47,
  0x1d, 0x2a, 0x1d, 0x1d, 0x2a, 0x47, 0x1d, 0x2a, 0x1d, 0x1d, 0x2a, 0x81,
  0x1d, 0x2a, 0x1d, 0x1d, 0x2a, 0x47, 0x1d, 0x2a, 0x1d, 0x1d, 0x2a, 0x47,
  0x1d, 0x2a, 0x1d, 0x1d, 0x2a, 0x81, 0x1d, 0x2a, 0x1d, 0x1d, 0x2a, 0x47,
  0x1d, 0x2a, 0x1d, 0x1d, 0x2a, 0x47, 0x1d, 0x2a, 0x1d, 0x1d, 0x2a, 0xfe,
  0x53, 0x1d, 0x2a, 0x1d, 0x1d, 0x2a, 0x81, 0x1d, 0x2a, 0x1d, 0x1d, 0x2a,
  0x81, 0x1d, 0x2a, 0x1d, 0x1d, 0x2a, 0x01, 0x0f, 0x1d, 0x2a, 0x1d, 0x1d,
  0x2a, 0x81, 0x1d, 0x2a, 0x1d, 0x1d, 0x2a, 0x81, 0x1d, 0x2a, 0x1d, 0x1d,
  0x2a, 0x01, 0x0f, 0x1d, 0x2a, 0x1d, 0x1d, 0x2a, 0x81, 0x1d, 0x2a, 0x1d,
  0x1d, 0x2a, 0x81, 0x1d, 0x2a, 0x1d, 0x1d, 0x2a, 0x01, 0x0f, 0x1d, 0x2a,
  0x1d, 0x1d, 0x2a, 0x81, 0x1d, 0x2a, 0x1d, 0x1d, 0x2a, 0x81, 0x1d, 0x2a,
  0x1d, 0x1d, 0x2a, 0xab, 0x1d, 0x2a, 0x1d, 0x1d, 0x2a, 0x81, 0x1d, 0x2a,
  0x1d, 0x1d, 0x2a, 0xfd, 0xef, 0x1d, 0x2a, 0x1d, 0x1d, 0x2a, 0x1d, 0x1d,
  0x2a, 0x1d, 0x1d, 0x2a, 0x1d, 0x1d, 0x2a, 0x1d, 0x1d, 0x2a, 0x1d, 0x1d,
  0x2a, 0x1d, 0x1d, 0x2a, 0x1d, 0x1d, 0x2a, 0x1d, 0x1d, 0x2a, 0x1d, 0x1d,
  0x2a, 0x1d, 0x1d, 0x2a, 0x03, 0xa1, 0x2a, 0x1d, 0x1d, 0x2a, 0x1d, 0x81,
  0x2a, 0x1d, 0x1d, 0x2a, 0x1d, 0x81, 0x2a, 0x1d, 0x1d, 0x2a, 0x1d, 0x81,
  0x2a, 0x1d, 0x1d, 0x2a, 0x1d, 0x1d, 0x2a, 0x1d, 0x1d, 0x2a, 0x1d, 0x47,
  0x2a, 0x1d, 0x1d, 0x2a, 0x1d, 0x47, 0x2a, 0x1d, 0x1d, 0x2a, 0x1d, 0xab,
  0x2a, 0x1d, 0x1d, 0x2a, 0x1d, 0x47, 0x2a, 0x1d, 0x1d, 0x2a, 0x1d, 0x47,
  0x2a, 0x1d, 0x1d, 0x2a, 0x1d, 0x47, 0x2a, 0x1d, 0x1d, 0x2a, 0x1d, 0x47,
  0x2a, 0x1d, 0x1d, 0x2a, 0x1d, 0x47, 0x2a, 0x1d, 0x1d, 0x2a, 0x1d, 0x47,
  0x2a, 0x1d, 0x1d, 0x2a, 0x1d, 0x47, 0x2a, 0x1d, 0x1d, 0x2a, 0x1d, 0x47,
  0x2a, 0x1d, 0x1d, 0x2a, 0x1d, 0x1d, 0x2a, 0x1d, 0x1d, 0x2a, 0x1d, 0x81,
  0x2a, 0x1d, 0x1d, 0x2a, 0x1d, 0x81, 0x2a, 0x1d, 0x1d, 0x2a, 0x1d, 0x81,
  0x2a, 0x1d, 0x1d, 0x2a, 0x1d, 0x81, 0x2a, 0x1d, 0x1d, 0x2a, 0x1d, 0x1d,
  0x2a, 0x1d, 0x1d, 0x2a, 0x1d, 0x1d, 0x2a, 0x1d, 0x1d, 0x2a, 0x1d, 0x1d,
  0x2a, 0x1d, 0x1d, 0x2a, 0x1d, 0x47, 0x2a, 0x1d, 0x1d, 0x2a, 0x1d, 0x1d,
  0x2a, 0x1d, 0x1d, 0x2a, 0x1d, 0x1d, 0x2a, 0x1d, 0x1d, 0x2a, 0x1d, 0x47,
  0x2a, 0x1d, 0x1d, 0x2a, 0x1d, 0x1d, 0x2a, 0x1d, 0x1d, 0x2a, 0x1d, 0x1d,
  0x2a, 0x1d, 0x1d, 0x2a, 0x1d, 0x47, 0x2a, 0x1d, 0x1d, 0x2a, 0x1d, 0x1d,
  0x2a, 0x1d, 0x1d, 0x2a, 0x1d, 0x1d, 0x2a, 0x1d, 0x1d, 0x2a, 0x1d, 0x47,
  0x2a, 0x1d, 0x1d, 0x2a, 0x1d, 0x1d, 0x2a, 0x1d, 0x1d, 0x2a, 0x1d, 0x1d,
  0x2a, 0x1d, 0x1d, 0x2a, 0x1d, 0x02, 0x11, 0x2a, 0x1d, 0x1d, 0x2a, 0x1d,
  0x1d, 0x2a, 0x1d, 0x1d, 0x2a, 0x1d, 0x1d, 0x2a, 0x1d, 0x1d, 0x2a, 0x1d,
  0x81, 0x2a, 0x1d, 0x1d, 0x2a, 0x1d, 0x1d, 0x2a, 0x1d, 0x1d, 0x2a, 0x1d,
  0x1d, 0x2a, 0x1d, 0x1d, 0x2a, 0x1d, 0x81, 0x2a, 0x1d, 0x1d, 0x2a, 0x1d,
  0x1d, 0x2a, 0x1d, 0x1d, 0x2a, 0x1d, 0x1d, 0x2a, 0x1d, 0x1d, 0x2a, 0x1d,
  0x81, 0x2a, 0x1d, 0x1d, 0x2a, 0x1d, 0x1d, 0x2a, 0x1d, 0x1d, 0x2a, 0x1d,
  0x1d, 0x2a, 0x1d, 0x1d, 0x2a, 0x1d, 0x81, 0x2a, 0x1d, 0x1d, 0x2a, 0x1d,
  0x1d, 0x2a, 0x1d, 0x1d, 0x2a, 0x1d, 0xfe, 0x8d, 0x2a, 0x1d, 0x1d, 0x2a,
  0x1d, 0x81, 0x2a, 0x1d, 0x1d, 0x2a, 0x1d, 0x81, 0x2a, 0x1d, 0x1d, 0x2a,
  0x1d, 0x81, 0x2a, 0x1d, 0x1d, 0x2a, 0x1d, 0x81, 0x2a, 0x1d, 0x1d, 0x2a,
  0x1d, 0xfe, 0x8d, 0x2a, 0x1d, 0x1d, 0x2a, 0x1d, 0x00, 0x1a, 0x00, 0x00,
  0x00, 0x00, 0x00, 0xc8, 0x05, 0x14, 0x00, 0x07, 0x00, 0x0f, 0x00, 0x17,
  0x00, 0x1f, 0x00, 0x27, 0x00, 0x2f, 0x00, 0x37, 0x00, 0x3f, 0x00, 0x47,
  0x00, 0x4f, 0x00, 0x57, 0x00, 0x5f, 0x00, 0x67, 0x00, 0x6f, 0x00, 0x77,
  0x00, 0x7f, 0x00, 0x87, 0x00, 0x8f, 0x00, 0x97, 0x00, 0x9f, 0x00, 0xa7,
  0x00, 0xaf, 0x00, 0xb7, 0x00, 0xbf, 0x00, 0xc7, 0x00, 0xcf, 0x00, 0x00,
  0x10, 0x34, 0x36, 0x32, 0x16, 0x14, 0x06, 0x22, 0x06, 0x34, 0x36, 0x32,
  0x16, 0x14, 0x06, 0x22, 0x06, 0x34, 0x36, 0x32, 0x16, 0x14, 0x06, 0x22,
  0x06, 0x34, 0x36, 0x32, 0x16, 0x14, 0x06, 0x22, 0x06, 0x34, 0x36, 0x32,
  0x16, 0x14, 0x06, 0x22, 0x06, 0x34, 0x36, 0x32, 0x16, 0x14, 0x06, 0x22,
  0x06, 0x34, 0x36, 0x32, 0x16, 0x14, 0x06, 0x22, 0x06, 0x34, 0x36, 0x32,
  0x16, 0x14, 0x06, 0x22, 0x06, 0x34, 0x36, 0x32, 0x16, 0x14, 0x06, 0x22,
  0x06, 0x34, 0x36, 0x32, 0x16, 0x14, 0x06, 0x22, 0x36, 0x34, 0x36, 0x32,
  0x16, 0x14, 0x06, 0x22, 0x26, 0x34, 0x36, 0x32, 0x16, 0x14, 0x06, 0x22,
  0x26, 0x34, 0x36, 0x32, 0x16, 0x14, 0x06, 0x22, 0x26, 0x34, 0x36, 0x32,
  0x16, 0x14, 0x06, 0x22, 0x26, 0x34, 0x36, 0x32, 0x16, 0x14, 0x06, 0x22,
  0x26, 0x34, 0x36, 0x32, 0x16, 0x14, 0x06, 0x22, 0x26, 0x34, 0x36, 0x32,
  0x16, 0x14, 0x06, 0x22, 0x26, 0x34, 0x36, 0x32, 0x16, 0x14, 0x06, 0x22,
  0x26, 0x34, 0x36, 0x32, 0x16, 0x14, 0x06, 0x22, 0x26, 0x34, 0x36, 0x32,
  0x16, 0x14, 0x06, 0x22, 0x26, 0x34, 0x36, 0x32, 0x16, 0x14, 0x06, 0x22,
  0x36, 0x34, 0x36, 0x32, 0x16, 0x14, 0x06, 0x22, 0x26, 0x34, 0x36, 0x32,
  0x16, 0x14, 0x06, 0x22, 0x36, 0x34, 0x36, 0x32, 0x16, 0x14, 0x06, 0x22,
  0x26, 0x34, 0x36, 0x32, 0x16, 0x14, 0x06, 0x22, 0x36, 0x34, 0x36, 0x32,
  0x16, 0x14, 0x06, 0x22, 0x1d, 0x2a, 0x1d, 0x1d, 0x2a, 0x1d, 0x1d, 0x2a,
  0x1d, 0x1d, 0x2a, 0x1d, 0x1d, 0x2a, 0x1d, 0x1d, 0x2a, 0x1d, 0x1d, 0x2a,
  0x1d, 0x1d, 0x2a, 0x1d, 0x1d, 0x2a, 0x1d, 0x1d, 0x2a, 0x1d, 0x1d, 0x2a,
  0x1d, 0x1d, 0x2a, 0x1d, 0x1d, 0x2a, 0x1d, 0x1d, 0x2a, 0x1d, 0x1d, 0x2a,
  0x1d, 0x1d, 0x2a, 0x1d, 0x1d, 0x2a, 0x1d, 0x1d, 0x2a, 0x1d, 0x1d, 0x2a,
  0x1d, 0x1d, 0x2a, 0x47, 0x1d, 0x2a, 0x1d, 0x1d, 0x2a, 0x1d, 0x1d, 0x2a,
  0x1d, 0x1d, 0x2a, 0x1d, 0x1d, 0x2a, 0x1d, 0x1d, 0x2a, 0x1d, 0x1d, 0x2a,
  0x1d, 0x1d, 0x2a, 0x1d, 0x1d, 0x2a, 0x1d, 0x1d, 0x2a, 0x1d, 0x1d, 0x2a,
  0x1d, 0x1d, 0x2a, 0x1d, 0x1d, 0x2a, 0x1d, 0x1d, 0x2a, 0x1d, 0x1d, 0x2a,
  0x1d, 0x1d, 0x2a, 0x1d, 0x1d, 0x2a, 0x1d, 0x1d, 0x2a, 0x1d, 0x1d, 0x2a,
  0x1d, 0x1d, 0x2a, 0x81, 0x1d, 0x2a, 0x1d, 0x1d, 0x2a, 0x47, 0x1d, 0x2a,
  0x1d, 0x1d, 0x2a, 0x81, 0x1d, 0x2a, 0x1d, 0x1d, 0x2a, 0x47, 0x1d, 0x2a,
  0x1d, 0x1d, 0x2a, 0x81, 0x1d, 0x2a, 0x1d, 0x1d, 0x2a, 0x47, 0x1d, 0x2a,
  0x1d, 0x1d, 0x2a, 0x03, 0xa1, 0x2a, 0x1d, 0x1d, 0x2a, 0x1d, 0x47, 0x2a,
  0x1d, 0x1d, 0x2a, 0x1d, 0x47, 0x2a, 0x1d, 0x1d, 0x2a, 0x1d, 0x47, 0x2a,
  0x1d, 0x1d, 0x2a, 0x1d, 0x47, 0x2a, 0x1d, 0x1d, 0x2a, 0x1d, 0x47, 0x2a,
  0x1d, 0x1d, 0x2a, 0x1d, 0x47, 0x2a, 0x1d, 0x1d, 0x2a, 0x1d, 0x47, 0x2a,
  0x1d, 0x1d, 0x2a, 0x1d, 0x47, 0x2a, 0x1d, 0x1d, 0x2a, 0x1d, 0x47, 0x2a,
  0x1d, 0x1d, 0x2a, 0x1d, 0x1d, 0x2a, 0x1d, 0x1d, 0x2a, 0x1d, 0x81, 0x2a,
  0x1d, 0x1d, 0x2a, 0x1d, 0x81, 0x2a, 0x1d, 0x1d, 0x2a, 0x1d, 0x81, 0x2a,
  0x1d, 0x1d, 0x2a, 0x1d, 0x81, 0x2a, 0x1d, 0x1d, 0x2a, 0x1d, 0x81, 0x2a,
  0x1d, 0x1d, 0x2a, 0x1d, 0x81, 0x2a, 0x1d, 0x1d, 0x2a, 0x1d, 0x81, 0x2a,
  0x1d, 0x1d, 0x2a, 0x1d, 0x81, 0x2a, 0x1d, 0x1d, 0x2a, 0x1d, 0x81, 0x2a,
  0x1d, 0x1d, 0x2a, 0x1d, 0x81, 0x2a, 0x1d, 0x1d, 0x2a, 0x1d, 0x1d, 0x2a,
  0x1d, 0x1d, 0x2a, 0x1d, 0x81, 0x2a, 0x1d, 0x1d, 0x2a, 0x1d, 0x1d, 0x2a,
  0x1d, 0x1d, 0x2a, 0x1d, 0x81, 0x2a, 0x1d, 0x1d, 0x2a, 0x1d, 0x1d, 0x2a,
  0x1d, 0x1d, 0x2a, 0x1d, 0x00, 0x46, 0x00, 0x00, 0x00, 0x00, 0x04, 0xb0,
  0x03, 0xe8, 0x00, 0x07, 0x00, 0x0f, 0x00, 0x17, 0x00, 0x1f, 0x00, 0x27,
  0x00, 0x2f, 0x00, 0x37, 0x00, 0x3f, 0x00, 0x47, 0x00, 0x4f, 0x00, 0x57,
  0x00, 0x5f, 0x00, 0x67, 0x00, 0x6f, 0x00, 0x77, 0x00, 0x7f, 0x00, 0x87,
  0x00, 0x8f, 0x00, 0x97, 0x00, 0x9f, 0x00, 0xa7, 0x00, 0xaf, 0x00, 0xb7,
  0x00, 0xbf, 0x00, 0xc7, 0x00, 0xcf, 0x00, 0xd7, 0x00, 0xdf, 0x00, 0xe7,
  0x00, 0xef, 0x00, 0xf7, 0x00, 0xff, 0x01, 0x07, 0x01, 0x0f, 0x01, 0x17,
  0x01, 0x1f, 0x01, 0x27, 0x01, 0x2f, 0x01, 0x37, 0x01, 0x3f, 0x01, 0x47,
  0x01, 0x4f, 0x01, 0x57, 0x01, 0x5f, 0x01, 0x67, 0x01, 0x6f, 0x01, 0x77,
  0x01, 0x7f, 0x01, 0x87, 0x01, 0x8f, 0x01, 0x97, 0x01, 0x9f, 0x01, 0xa7,
  0x01, 0xaf, 0x01, 0xb7, 0x01, 0xbf, 0x01, 0xc7, 0x01, 0xcf, 0x01, 0xd7,
  0x01, 0xdf, 0x01, 0xe7, 0x01, 0xef, 0x01, 0xf7, 0x01, 0xff, 0x02, 0x07,
  0x02, 0x0f, 0x02, 0x17, 0x02, 0x1f, 0x02, 0x27, 0x02, 0x2f, 0x00, 0x00,
  0x24, 0x34, 0x36, 0x32, 0x16, 0x14, 0x06, 0x22, 0x26, 0x34, 0x36, 0x32,
  0x16, 0x14, 0x06, 0x22, 0x26, 0x34, 0x36, 0x32, 0x16, 0x14, 0x06, 0x22,
  0x26, 0x34, 0x36, 0x32, 0x16, 0x14, 0x06, 0x22, 0x26, 0x34, 0x36, 0x32,
  0x16, 0x14, 0x06, 0x22, 0x26, 0x34, 0x36, 0x32, 0x16, 0x14, 0x06, 0x22,
  0x26, 0x34, 0x36, 0x32, 0x16, 0x14, 0x06, 0x22, 0x36, 0x34, 0x36, 0x32,
  0x16, 0x14, 0x06, 0x22, 0x26, 0x34, 0x36, 0x32, 0x16, 0x14, 0x06, 0x22,
  0x36, 0x34, 0x36, 0x32, 0x16, 0x14, 0x06, 0x22, 0x36, 0x34, 0x36, 0x32,
  0x16, 0x14, 0x06, 0x22, 0x06, 0x34, 0x36, 0x32, 0x16, 0x14, 0x06, 0x22,
  0x36, 0x34, 0x36, 0x32, 0x16, 0x14, 0x06, 0x22, 0x36, 0x34, 0x36, 0x32,
  0x16, 0x14, 0x06, 0x22, 0x36, 0x34, 0x36, 0x32, 0x16, 0x14, 0x06, 0x22,
  0x36, 0x34, 0x36, 0x32, 0x16, 0x14, 0x06, 0x22, 0x06, 0x34, 0x36, 0x32,
  0x16, 0x14, 0x06, 0x22, 0x06, 0x34, 0x36, 0x32, 0x16, 0x14, 0x06, 0x22,
  0x06, 0x34, 0x36, 0x32, 0x16, 0x14, 0x06, 0x22, 0x06, 0x34, 0x36, 0x32,
  0x16, 0x14, 0x06, 0x22, 0x06, 0x34, 0x36, 0x32, 0x16, 0x14, 0x06, 0x22,
  0x06, 0x34, 0x36, 0x32, 0x16, 0x14, 0x06, 0x22, 0x06, 0x34, 0x36, 0x32,
  0x16, 0x14, 0x06, 0x22, 0x06, 0x34, 0x36, 0x32, 0x16, 0x14, 0x06, 0x22,
  0x26, 0x34, 0x36, 0x32, 0x16, 0x14, 0x06, 0x22, 0x26, 0x34, 0x36, 0x32,
  0x16, 0x14, 0x06, 0x22, 0x26, 0x34, 0x36, 0x32, 0x16, 0x14, 0x06, 0x22,
  0x26, 0x34, 0x36, 0x32, 0x16, 0x14, 0x06, 0x22, 0x26, 0x34, 0x36, 0x32,
  0x16, 0x14, 0x06, 0x22, 0x26, 0x34, 0x36, 0x32, 0x16, 0x14, 0x06, 0x22,
  0x26, 0x34, 0x36, 0x32, 0x16, 0x14, 0x06, 0x22, 0x26, 0x34, 0x36, 0x32,
  0x16, 0x14, 0x06, 0x22, 0x26, 0x34, 0x36, 0x32, 0x16, 0x14, 0x06, 0x22,
  0x26, 0x34, 0x36, 0x32, 0x16, 0x14, 0x06, 0x22, 0x26, 0x34, 0x36, 0x32,
  0x16, 0x14, 0x06, 0x22, 0x24, 0x34, 0x36, 0x32, 0x16, 0x14, 0x06, 0x22,
  0x12, 0x34, 0x36, 0x32, 0x16, 0x14, 0x06, 0x22, 0x06, 0x34, 0x36, 0x32,
  0x16, 0x14, 0x06, 0x22, 0x06, 0x34, 0x36, 0x32, 0x16, 0x14, 0x06, 0x22,
  0x06, 0x34, 0x36, 0x32, 0x16, 0x14, 0x06, 0x22, 0x06, 0x34, 0x36, 0x32,
  0x16, 0x14, 0x06, 0x22, 0x06, 0x34, 0x36, 0x32, 0x16, 0x14, 0x06, 0x22,
  0x06, 0x34, 0x36, 0x32, 0x16, 0x14, 0x06, 0x22, 0x26, 0x34, 0x36, 0x32,
  0x16, 0x14, 0x06, 0x22, 0x04, 0x34, 0x36, 0x32, 0x16, 0x14, 0x06, 0x22,
  0x26, 0x34, 0x36, 0x32, 0x16, 0x14, 0x06, 0x22, 0x26, 0x34, 0x36, 0x32,
  0x16, 0x14, 0x06, 0x22, 0x26, 0x34, 0x36, 0x32, 0x16, 0x14, 0x06, 0x22,
  0x26, 0x34, 0x36, 0x32, 0x16, 0x14, 0x06, 0x22, 0x26, 0x34, 0x36, 0x32,
  0x16, 0x14, 0x06, 0x22, 0x26, 0x34, 0x36, 0x32, 0x16, 0x14, 0x06, 0x22,
  0x36, 0x34, 0x36, 0x32, 0x16, 0x14, 0x06, 0x22, 0x26, 0x34, 0x36, 0x32,
  0x16, 0x14, 0x06, 0x22, 0x36, 0x34, 0x36, 0x32, 0x16, 0x14, 0x06, 0x22,
  0x26, 0x34, 0x36, 0x32, 0x16, 0x14, 0x06, 0x22, 0x16, 0x34, 0x36, 0x32,
  0x16, 0x14, 0x06, 0x22, 0x06, 0x34, 0x36, 0x32, 0x16, 0x14, 0x06, 0x22,
  0x36, 0x34, 0x36, 0x32, 0x16, 0x14, 0x06, 0x22, 0x36, 0x34, 0x36, 0x32,
  0x16, 0x14, 0x06, 0x22, 0x26, 0x34, 0x36, 0x32, 0x16, 0x14, 0x06, 0x22,
  0x26, 0x34, 0x36, 0x32, 0x16, 0x14, 0x06, 0x22, 0x24, 0x34, 0x36, 0x32,
  0x16, 0x14, 0x06, 0x22, 0x12, 0x34, 0x36, 0x32, 0x16, 0x14, 0x06, 0x22,
  0x06, 0x34, 0x36, 0x32, 0x16, 0x14, 0x06, 0x22, 0x06, 0x34, 0x36, 0x32,
  0x16, 0x14, 0x06, 0x22, 0x06, 0x34, 0x36, 0x32, 0x16, 0x14, 0x06, 0x22,
  0x06, 0x34, 0x36, 0x32, 0x16, 0x14, 0x06, 0x22, 0x06, 0x34, 0x36, 0x32,
  0x16, 0x14, 0x06, 0x22, 0x06, 0x34, 0x36, 0x32, 0x16, 0x14, 0x06, 0x22,
  0x26, 0x34, 0x36, 0x32, 0x16, 0x14, 0x06, 0x22, 0x01, 0xf4, 0x1d, 0x2a,
  0x1d, 0x1d, 0x2a, 0x1d, 0x1d, 0x2a, 0x1d, 0x1d, 0x2a, 0x1d, 0x1d, 0x2a,
  0x1d, 0x1d, 0x2a, 0x1d, 0x1d, 0x2a, 0x1d, 0x1d, 0x2a, 0x1d, 0x1d, 0x2a,
  0x1d, 0x1d, 0x2a, 0x1d, 0x1d, 0x2a, 0x1d, 0x1d, 0x2a, 0x1d, 0x1d, 0x2a,
  0x1d, 0x1d, 0x2a, 0x47, 0x1d, 0x2a, 0x1d, 0x1d, 0x2a, 0x81, 0x1d, 0x2a,
  0x1d, 0x1d, 0x2a, 0x47, 0x1d, 0x2a, 0x1d, 0x1d, 0x2a, 0x47, 0x1d, 0x2a,
  0x1d, 0x1d, 0x2a, 0x1d, 0x1d, 0x2a, 0x1d, 0x1d, 0x2a, 0x47, 0x1d, 0x2a,
  0x1d, 0x1d, 0x2a, 0x47, 0x1d, 0x2a, 0x1d, 0x1d, 0x2a, 0x47, 0x1d, 0x2a,
  0x1d, 0x1d, 0x2a, 0x47, 0x1d, 0x2a, 0x1d, 0x1d, 0x2a, 0x1d, 0x1d, 0x2a,
  0x1d, 0x1d, 0x2a, 0x1d, 0x1d, 0x2a, 0x1d, 0x1d, 0x2a, 0x1d, 0x1d, 0x2a,
  0x1d, 0x1d, 0x2a, 0x1d, 0x1d, 0x2a, 0x1d, 0x1d, 0x2a, 0x1d, 0x1d, 0x2a,
  0x1d, 0x1d, 0x2a, 0x1d, 0x1d, 0x2a, 0x1d, 0x1d, 0x2a, 0x1d, 0x1d, 0x2a,
  0x1d, 0x1d, 0x2a, 0x1d, 0x1d, 0x2a, 0x1d, 0x1d, 0x2a, 0x81, 0x1d, 0x2a,
  0x1d, 0x1d, 0x2a, 0x1d, 0x1d, 0x2a, 0x1d, 0x1d, 0x2a, 0x1d, 0x1d, 0x2a,
  0x1d, 0x1d, 0x2a, 0x1d, 0x1d, 0x2a, 0x1d, 0x1d, 0x2a, 0x1d, 0x1d, 0x2a,
  0x1d, 0x1d, 0x2a, 0x1d, 0x1d, 0x2a, 0x1d, 0x1d, 0x2a, 0x1d, 0x1d, 0x2a,
  0x1d, 0x1d, 0x2a, 0x1d, 0x1d, 0x2a, 0x1d, 0x1d, 0x2a, 0x1d, 0x1d, 0x2a,
  0x1d, 0x1d, 0x2a, 0x81, 0x1d, 0x2a, 0x1d, 0x1d, 0x2a, 0x81, 0x1d, 0x2a,
  0x1d, 0x1d, 0x2a, 0xfe, 0xb7, 0x1d, 0x2a, 0x1d, 0x1d, 0x2a, 0x47, 0x1d,
  0x2a, 0x1d, 0x1d, 0x2a, 0x1d, 0x1d, 0x2a, 0x1d, 0x1d, 0x2a, 0x1d, 0x1d,
  0x2a, 0x1d, 0x1d, 0x2a, 0x1d, 0x1d, 0x2a, 0x1d, 0x1d, 0x2a, 0x1d, 0x1d,
  0x2a, 0x1d, 0x1d, 0x2a, 0x1d, 0x1d, 0x2a, 0x1d, 0x1d, 0x2a, 0x1d, 0x1d,
  0x2a, 0x1d, 0x1d, 0x2a, 0x81, 0x1d, 0x2a, 0x1d, 0x1d, 0x2a, 0xfd, 0xef,
  0x1d, 0x2a, 0x1d, 0x1d, 0x2a, 0x1d, 0x1d, 0x2a, 0x1d, 0x1d, 0x2a, 0x1d,
  0x1d, 0x2a, 0x1d, 0x1d, 0x2a, 0x1d, 0x1d, 0x2a, 0x1d, 0x1d, 0x2a, 0x1d,
  0x1d, 0x2a, 0x1d, 0x1d, 0x2a, 0x1d, 0x1d, 0x2a, 0x1d, 0x1d, 0x2a, 0x1d,
  0x1d, 0x2a, 0x1d, 0x1d, 0x2a, 0x47, 0x1d, 0x2a, 0x1d, 0x1d, 0x2a, 0x81,
  0x1d, 0x2a, 0x1d, 0x1d, 0x2a, 0x47, 0x1d, 0x2a, 0x1d, 0x1d, 0x2a, 0x1d,
  0x1d, 0x2a, 0x1d, 0x1d, 0x2a, 0x47, 0x1d, 0x2a, 0x1d, 0x1d, 0x2a, 0x1d,
  0x1d, 0x2a, 0x1d, 0x1d, 0x2a, 0x47, 0x1d, 0x2a, 0x1d, 0x1d, 0x2a, 0x47,
  0x1d, 0x2a, 0x1d, 0x1d, 0x2a, 0x1d, 0x1d, 0x2a, 0x1d, 0x1d, 0x2a, 0x81,
  0x1d, 0x2a, 0x1d, 0x1d, 0x2a, 0xfe, 0xb7, 0x1d, 0x2a, 0x1d, 0x1d, 0x2a,
  0x47, 0x1d, 0x2a, 0x1d, 0x1d, 0x2a, 0x1d, 0x1d, 0x2a, 0x1d, 0x1d, 0x2a,
  0x1d, 0x1d, 0x2a, 0x1d, 0x1d, 0x2a, 0x1d, 0x1d, 0x2a, 0x1d, 0x1d, 0x2a,
  0x1d, 0x1d, 0x2a, 0x1d, 0x1d, 0x2a, 0x1d, 0x1d, 0x2a, 0x1d, 0x1d, 0x2a,
  0x1d, 0x1d, 0x2a, 0x1d, 0x1d, 0x2a, 0x81, 0x1d, 0x2a, 0x1d, 0x1d, 0x2a,
  0x1d, 0x2a, 0x1d, 0x1d, 0x2a, 0x1d, 0xe5, 0x2a, 0x1d, 0x1d, 0x2a, 0x1d,
  0x81, 0x2a, 0x1d, 0x1d, 0x2a, 0x1d, 0x81, 0x2a, 0x1d, 0x1d, 0x2a, 0x1d,
  0x81, 0x2a, 0x1d, 0x1d, 0x2a, 0x1d, 0x81, 0x2a, 0x1d, 0x1d, 0x2a, 0x1d,
  0x81, 0x2a, 0x1d, 0x1d, 0x2a, 0x1d, 0x1d, 0x2a, 0x1d, 0x1d, 0x2a, 0x1d,
  0x81, 0x2a, 0x1d, 0x1d, 0x2a, 0x1d, 0x1d, 0x2a, 0x1d, 0x1d, 0x2a, 0x1d,
  0x1d, 0x2a, 0x1d, 0x1d, 0x2a, 0x1d, 0x47, 0x2a, 0x1d, 0x1d, 0x2a, 0x1d,
  0x81, 0x2a, 0x1d, 0x1d, 0x2a, 0x1d, 0x1d, 0x2a, 0x1d, 0x1d, 0x2a, 0x1d,
  0x1d, 0x2a, 0x1d, 0x1d, 0x2a, 0x1d, 0x1d, 0x2a, 0x1d, 0x1d, 0x2a, 0x1d,
  0x47, 0x2a, 0x1d, 0x1d, 0x2a, 0x1d, 0x47, 0x2a, 0x1d, 0x1d, 0x2a, 0x1d,
  0x47, 0x2a, 0x1d, 0x1d, 0x2a, 0x1d, 0x47, 0x2a, 0x1d, 0x1d, 0x2a, 0x1d,
  0x47, 0x2a, 0x1d, 0x1d, 0x2a, 0x1d, 0x47, 0x2a, 0x1d, 0x1d, 0x2a, 0x1d,
  0x47, 0x2a, 0x1d, 0x1d, 0x2a, 0x1d, 0x47, 0x2a, 0x1d, 0x1d, 0x2a, 0x1d,
  0x1d, 0x2a, 0x1d, 0x1d, 0x2a, 0x1d, 0x81, 0x2a, 0x1d, 0x1d, 0x2a, 0x1d,
  0x81, 0x2a, 0x1d, 0x1d, 0x2a, 0x1d, 0x81, 0x2a, 0x1d, 0x1d, 0x2a, 0x1d,
  0x81, 0x2a, 0x1d, 0x1d, 0x2a, 0x1d, 0x81, 0x2a, 0x1d, 0x1d, 0x2a, 0x1d,
  0x81, 0x2a, 0x1d, 0x1d, 0x2a, 0x1d, 0x81, 0x2a, 0x1d, 0x1d, 0x2a, 0x1d,
  0xe5, 0x2a, 0x1d, 0x1d, 0x2a, 0x1d, 0x1d, 0x2a, 0x1d, 0x1d, 0x2a, 0x1d,
  0x1d, 0x2a, 0x1d, 0x1d, 0x2a, 0x1d, 0x1d, 0x2a, 0x1d, 0x1d, 0x2a, 0x1d,
  0xfe, 0xf1, 0x2a, 0x1d, 0x1d, 0x2a, 0x1d, 0x47, 0x2a, 0x1d, 0x1d, 0x2a,
  0x1d, 0x47, 0x2a, 0x1d, 0x1d, 0x2a, 0x1d, 0x47, 0x2a, 0x1d, 0x1d, 0x2a,
  0x1d, 0x47, 0x2a, 0x1d, 0x1d, 0x2a, 0x1d, 0x47, 0x2a, 0x1d, 0x1d, 0x2a,
  0x1d, 0x47, 0x2a, 0x1d, 0x1d, 0x2a, 0x1d, 0x81, 0x2a, 0x1d, 0x1d, 0x2a,
  0x1d, 0x47, 0x2a, 0x1d, 0x1d, 0x2a, 0x1d, 0xe5, 0x2a, 0x1d, 0x1d, 0x2a,
  0x1d, 0x81, 0x2a, 0x1d, 0x1d, 0x2a, 0x1d, 0x81, 0x2a, 0x1d, 0x1d, 0x2a,
  0x1d, 0x81, 0x2a, 0x1d, 0x1d, 0x2a, 0x1d, 0x81, 0x2a, 0x1d, 0x1d, 0x2a,
  0x1d, 0x81, 0x2a, 0x1d, 0x1d, 0x2a, 0x1d, 0x1d, 0x2a, 0x1d, 0x1d, 0x2a,
  0x1d, 0x81, 0x2a, 0x1d, 0x1d, 0x2a, 0x1d, 0x1d, 0x2a, 0x1d, 0x1d, 0x2a,
  0x1d, 0x81, 0x2a, 0x1d, 0x1d, 0x2a, 0x1d, 0x47, 0x2a, 0x1d, 0x1d, 0x2a,
  0x1d, 0x47, 0x2a, 0x1d, 0x1d, 0x2a, 0x1d, 0x81, 0x2a, 0x1d, 0x1d, 0x2a,
  0x1d, 0x1d, 0x2a, 0x1d, 0x1d, 0x2a, 0x1d, 0x81, 0x2a, 0x1d, 0x1d, 0x2a,
  0x1d, 0x1d, 0x2a, 0x1d, 0x1d, 0x2a, 0x1d, 0x1d, 0x2a, 0x1d, 0x1d, 0x2a,
  0x1d, 0xfe, 0xf1, 0x2a, 0x1d, 0x1d, 0x2a, 0x1d, 0x47, 0x2a, 0x1d, 0x1d,
  0x2a, 0x1d, 0x47, 0x2a, 0x1d, 0x1d, 0x2a, 0x1d, 0x47, 0x2a, 0x1d, 0x1d,
  0x2a, 0x1d, 0x47, 0x2a, 0x1d, 0x1d, 0x2a, 0x1d, 0x47, 0x2a, 0x1d, 0x1d,
  0x2a, 0x1d, 0x47, 0x2a, 0x1d, 0x1d, 0x2a, 0x1d, 0x81, 0x2a, 0x1d, 0x1d,
  0x2a, 0x1d, 0x00, 0x00, 0x00, 0x2f, 0x00, 0x00, 0x00, 0x00, 0x03, 0x20,
  0x03, 0xe8, 0x00, 0x07, 0x00, 0x0f, 0x00, 0x17, 0x00, 0x1f, 0x00, 0x27,
  0x00, 0x2f, 0x00, 0x37, 0x00, 0x3f, 0x00, 0x47, 0x00, 0x4f, 0x00, 0x57,
  0x00, 0x5f, 0x00, 0x67, 0x00, 0x6f, 0x00, 0x77, 0x00, 0x7f, 0x00, 0x87,
  0x00, 0x8f, 0x00, 0x97, 0x00, 0x9f, 0x00, 0xa7, 0x00, 0xaf, 0x00, 0xb7,
  0x00, 0xbf, 0x00, 0xc7, 0x00, 0xcf, 0x00, 0xd7, 0x00, 0xdf, 0x00, 0xe7,
  0x00, 0xef, 0x00, 0xf7, 0x00, 0xff, 0x01, 0x07, 0x01, 0x0f, 0x01, 0x17,
  0x01, 0x1f, 0x01, 0x27, 0x01, 0x2f, 0x01, 0x37, 0x01, 0x3f, 0x01, 0x47,
  0x01, 0x4f, 0x01, 0x57, 0x01, 0x5f, 0x01, 0x67, 0x01, 0x6f, 0x01, 0x77,
  0x00, 0x00, 0x3c, 0x01, 0x36, 0x32, 0x16, 0x14, 0x06, 0x22, 0x36, 0x34,
  0x36, 0x32, 0x16, 0x14, 0x06, 0x22, 0x26, 0x34, 0x36, 0x32, 0x16, 0x14,
  0x06, 0x22, 0x36, 0x34, 0x36, 0x32, 0x16, 0x14, 0x06, 0x22, 0x26, 0x34,
  0x36, 0x32, 0x16, 0x14, 0x06, 0x22, 0x36, 0x34, 0x36, 0x32, 0x16, 0x14,
  0x06, 0x22, 0x26, 0x34, 0x36, 0x32, 0x16, 0x14, 0x06, 0x22, 0x36, 0x34,
  0x36, 0x32, 0x16, 0x14, 0x06, 0x22, 0x26, 0x34, 0x36, 0x32, 0x16, 0x14,
  0x06, 0x22, 0x36, 0x34, 0x36, 0x32, 0x16, 0x14, 0x06, 0x22, 0x26, 0x34,
  0x36, 0x32, 0x16, 0x14, 0x06, 0x22, 0x36, 0x34, 0x36, 0x32, 0x16, 0x14,
  0x06, 0x22, 0x26, 0x34, 0x36, 0x32, 0x16, 0x14, 0x06, 0x22, 0x36, 0x34,
  0x36, 0x32, 0x16, 0x14, 0x06, 0x22, 0x26, 0x34, 0x36, 0x32, 0x16, 0x14,
  0x06, 0x22, 0x36, 0x34, 0x36, 0x32, 0x16, 0x14, 0x06, 0x22, 0x36, 0x34,
  0x36, 0x32, 0x16, 0x14, 0x06, 0x22, 0x26, 0x34, 0x36, 0x32, 0x16, 0x14,
  0x06, 0x22, 0x36, 0x34, 0x36, 0x32, 0x16, 0x14, 0x06, 0x22, 0x36, 0x34,
  0x36, 0x32, 0x16, 0x14, 0x06, 0x22, 0x36, 0x34, 0x36, 0x32, 0x16, 0x14,
  0x06, 0x22, 0x36, 0x34, 0x36, 0x32, 0x16, 0x14, 0x06, 0x22, 0x36, 0x34,
  0x36, 0x32, 0x16, 0x14, 0x06, 0x22, 0x36, 0x34, 0x36, 0x32, 0x16, 0x14,
  0x06, 0x22, 0x36, 0x34, 0x36, 0x32, 0x16, 0x14, 0x06, 0x22, 0x06, 0x34,
  0x36, 0x32, 0x16, 0x14, 0x06, 0x22, 0x36, 0x34, 0x36, 0x32, 0x16, 0x14,
  0x06, 0x22, 0x06, 0x34, 0x36, 0x32, 0x16, 0x14, 0x06, 0x22, 0x36, 0x34,
  0x36, 0x32, 0x16, 0x14, 0x06, 0x22, 0x06, 0x34, 0x36, 0x32, 0x16, 0x14,
  0x06, 0x22, 0x36, 0x34, 0x36, 0x32, 0x16, 0x14, 0x06, 0x22, 0x06, 0x34,
  0x36, 0x32, 0x16, 0x14, 0x06, 0x22, 0x36, 0x34, 0x36, 0x32, 0x16, 0x14,
  0x06, 0x22, 0x06, 0x34, 0x36, 0x32, 0x16, 0x14, 0x06, 0x22, 0x36, 0x34,
  0x36, 0x32, 0x16, 0x14, 0x06, 0x22, 0x06, 0x34, 0x36, 0x32, 0x16, 0x14,
  0x06, 0x22, 0x36, 0x34, 0x36, 0x32, 0x16, 0x14, 0x06, 0x22, 0x06, 0x34,
  0x36, 0x32, 0x16, 0x14, 0x06, 0x22, 0x36, 0x34, 0x36, 0x32, 0x16, 0x14,
  0x06, 0x22, 0x06, 0x34, 0x36, 0x32, 0x16, 0x14, 0x06, 0x22, 0x36, 0x34,
  0x36, 0x32, 0x16, 0x14, 0x06, 0x22, 0x00, 0x34, 0x36, 0x32, 0x16, 0x14,
  0x06, 0x22, 0x36, 0x34, 0x36, 0x32, 0x16, 0x14, 0x06, 0x22, 0x36, 0x34,
  0x36, 0x32, 0x16, 0x14, 0x06, 0x22, 0x36, 0x34, 0x36, 0x32, 0x16, 0x14,
  0x06, 0x22, 0x36, 0x34, 0x36, 0x32, 0x16, 0x14, 0x06, 0x22, 0x36, 0x34,
  0x36, 0x32, 0x16, 0x14, 0x06, 0x22, 0x1d, 0x2a, 0x1d, 0x1d, 0x2a, 0x47,
  0x1d, 0x2a, 0x1d, 0x1d, 0x2a, 0x81, 0x1d, 0x2a, 0x1d, 0x1d, 0x2a, 0x47,
  0x1d, 0x2a, 0x1d, 0x1d, 0x2a, 0x81, 0x1d, 0x2a, 0x1d, 0x1d, 0x2a, 0x47,
  0x1d, 0x2a, 0x1d, 0x1d, 0x2a, 0x81, 0x1d, 0x2a, 0x1d, 0x1d, 0x2a, 0x47,
  0x1d, 0x2a, 0x1d, 0x1d, 0x2a, 0x81, 0x1d, 0x2a, 0x1d, 0x1d, 0x2a, 0x47,
  0x1d, 0x2a, 0x1d, 0x1d, 0x2a, 0x81, 0x1d, 0x2a, 0x1d, 0x1d, 0x2a, 0x47,
  0x1d, 0x2a, 0x1d, 0x1d, 0x2a, 0x81, 0x1d, 0x2a, 0x1d, 0x1d, 0x2a, 0x47,
  0x1d, 0x2a, 0x1d, 0x1d, 0x2a, 0x81, 0x1d, 0x2a, 0x1d, 0x1d, 0x2a, 0x47,
  0x1d, 0x2a, 0x1d, 0x1d, 0x2a, 0x47, 0x1d, 0x2a, 0x1d, 0x1d, 0x2a, 0xe5,
  0x1d, 0x2a, 0x1d, 0x1d, 0x2a, 0x47, 0x1d, 0x2a, 0x1d, 0x1d, 0x2a, 0x47,
  0x1d, 0x2a, 0x1d, 0x1d, 0x2a, 0x47, 0x1d, 0x2a, 0x1d, 0x1d, 0x2a, 0x47,
  0x1d, 0x2a, 0x1d, 0x1d, 0x2a, 0x47, 0x1d, 0x2a, 0x1d, 0x1d, 0x2a, 0x47,
  0x1d, 0x2a, 0x1d, 0x1d, 0x2a, 0x47, 0x1d, 0x2a, 0x1d, 0x1d, 0x2a, 0x81,
  0x1d, 0x2a, 0x1d, 0x1d, 0x2a, 0x47, 0x1d, 0x2a, 0x1d, 0x1d, 0x2a, 0x81,
  0x1d, 0x2a, 0x1d, 0x1d, 0x2a, 0x47, 0x1d, 0x2a, 0x1d, 0x1d, 0x2a, 0x81,
  0x1d, 0x2a, 0x1d, 0x1d, 0x2a, 0x47, 0x1d, 0x2a, 0x1d, 0x1d, 0x2a, 0x81,
  0x1d, 0x2a, 0x1d, 0x1d, 0x2a, 0x47, 0x1d, 0x2a, 0x1d, 0x1d, 0x2a, 0x81,
  0x1d, 0x2a, 0x1d, 0x1d, 0x2a, 0x47, 0x1d, 0x2a, 0x1d, 0x1d, 0x2a, 0x81,
  0x1d, 0x2a, 0x1d, 0x1d, 0x2a, 0x47, 0x1d, 0x2a, 0x1d, 0x1d, 0x2a, 0x81,
  0x1d, 0x2a, 0x1d, 0x1d, 0x2a, 0x47, 0x1d, 0x2a, 0x1d, 0x1d, 0x2a, 0x81,
  0x1d, 0x2a, 0x1d, 0x1d, 0x2a, 0x47, 0x1d, 0x2a, 0x1d, 0x1d, 0x2a, 0xfd,
  0x27, 0x1d, 0x2a, 0x1d, 0x1d, 0x2a, 0x47, 0x1d, 0x2a, 0x1d, 0x1d, 0x2a,
  0xab, 0x1d, 0x2a, 0x1d, 0x1d, 0x2a, 0x47, 0x1d, 0x2a, 0x1d, 0x1d, 0x2a,
  0x47, 0x1d, 0x2a, 0x1d, 0x1d, 0x2a, 0x47, 0x1d, 0x2a, 0x1d, 0x1d, 0x2a,
  0x1d, 0x2a, 0x1d, 0x1d, 0x2a, 0x1d, 0x1d, 0x2a, 0x1d, 0x1d, 0x2a, 0x1d,
  0x81, 0x2a, 0x1d, 0x1d, 0x2a, 0x1d, 0x1d, 0x2a, 0x1d, 0x1d, 0x2a, 0x1d,
  0x81, 0x2a, 0x1d, 0x1d, 0x2a, 0x1d, 0x1d, 0x2a, 0x1d, 0x1d, 0x2a, 0x1d,
  0x81, 0x2a, 0x1d, 0x1d, 0x2a, 0x1d, 0x1d, 0x2a, 0x1d, 0x1d, 0x2a, 0x1d,
  0x81, 0x2a, 0x1d, 0x1d, 0x2a, 0x1d, 0x1d, 0x2a, 0x1d, 0x1d, 0x2a, 0x1d,
  0x81, 0x2a, 0x1d, 0x1d, 0x2a, 0x1d, 0x1d, 0x2a, 0x1d, 0x1d, 0x2a, 0x1d,
  0x81, 0x2a, 0x1d, 0x1d, 0x2a, 0x1d, 0x1d, 0x2a, 0x1d, 0x1d, 0x2a, 0x1d,
  0x81, 0x2a, 0x1d, 0x1d, 0x2a, 0x1d, 0x1d, 0x2a, 0x1d, 0x1d, 0x2a, 0x1d,
  0x1d, 0x2a, 0x1d, 0x1d, 0x2a, 0x1d, 0x81, 0x2a, 0x1d, 0x1d, 0x2a, 0x1d,
  0x1d, 0x2a, 0x1d, 0x1d, 0x2a, 0x1d, 0x1d, 0x2a, 0x1d, 0x1d, 0x2a, 0x1d,
  0x1d, 0x2a, 0x1d, 0x1d, 0x2a, 0x1d, 0x1d, 0x2a, 0x1d, 0x1d, 0x2a, 0x1d,
  0x1d, 0x2a, 0x1d, 0x1d, 0x2a, 0x1d, 0x1d, 0x2a, 0x1d, 0x1d, 0x2a, 0x1d,
  0x1d, 0x2a, 0x1d, 0x1d, 0x2a, 0x1d, 0x47, 0x2a, 0x1d, 0x1d, 0x2a, 0x1d,
  0x1d, 0x2a, 0x1d, 0x1d, 0x2a, 0x1d, 0x47, 0x2a, 0x1d, 0x1d, 0x2a, 0x1d,
  0x1d, 0x2a, 0x1d, 0x1d, 0x2a, 0x1d, 0x47, 0x2a, 0x1d, 0x1d, 0x2a, 0x1d,
  0x1d, 0x2a, 0x1d, 0x1d, 0x2a, 0x1d, 0x47, 0x2a, 0x1d, 0x1d, 0x2a, 0x1d,
  0x1d, 0x2a, 0x1d, 0x1d, 0x2a, 0x1d, 0x47, 0x2a, 0x1d, 0x1d, 0x2a, 0x1d,
  0x1d, 0x2a, 0x1d, 0x1d, 0x2a, 0x1d, 0x47, 0x2a, 0x1d, 0x1d, 0x2a, 0x1d,
  0x1d, 0x2a, 0x1d, 0x1d, 0x2a, 0x1d, 0x47, 0x2a, 0x1d, 0x1d, 0x2a, 0x1d,
  0x1d, 0x2a, 0x1d, 0x1d, 0x2a, 0x1d, 0x47, 0x2a, 0x1d, 0x1d, 0x2a, 0x1d,
  0x1d, 0x2a, 0x1d, 0x1d, 0x2a, 0x1d, 0x03, 0xa1, 0x2a, 0x1d, 0x1d, 0x2a,
  0x1d, 0x1d, 0x2a, 0x1d, 0x1d, 0x2a, 0x1d, 0x1d, 0x2a, 0x1d, 0x1d, 0x2a,
  0x1d, 0x1d, 0x2a, 0x1d, 0x1d, 0x2a, 0x1d, 0x1d, 0x2a, 0x1d, 0x1d, 0x2a,
  0x1d, 0x1d, 0x2a, 0x1d, 0x1d, 0x2a, 0x1d, 0x00, 0x00, 0x34, 0x00, 0x00,
  0x00, 0x00, 0x03, 0x84, 0x03, 0xe8, 0x00, 0x07, 0x00, 0x0f, 0x00, 0x17,
  0x00, 0x1f, 0x00, 0x27, 0x00, 0x2f, 0x00, 0x37, 0x00, 0x3f, 0x00, 0x47,
  0x00, 0x4f, 0x00, 0x57, 0x00, 0x5f, 0x00, 0x67, 0x00, 0x6f, 0x00, 0x77,
  0x00, 0x7f, 0x00, 0x87, 0x00, 0x8f, 0x00, 0x97, 0x00, 0x9f, 0x00, 0xa7,
  0x00, 0xaf, 0x00, 0xb7, 0x00, 0xbf, 0x00, 0xc7, 0x00, 0xcf, 0x00, 0xd7,
  0x00, 0xdf, 0x00, 0xe7, 0x00, 0xef, 0x00, 0xf7, 0x00, 0xff, 0x01, 0x07,
  0x01, 0x0f, 0x01, 0x17, 0x01, 0x1f, 0x01, 0x27, 0x01, 0x2f, 0x01, 0x37,
  0x01, 0x3f, 0x01, 0x47, 0x01, 0x4f, 0x01, 0x57, 0x01, 0x5f, 0x01, 0x67,
  0x01, 0x6f, 0x01, 0x77, 0x01, 0x7f, 0x01, 0x87, 0x01, 0x8f, 0x01, 0x97,
  0x01, 0x9f, 0x00, 0x00, 0x36, 0x34, 0x36, 0x32, 0x16, 0x14, 0x06, 0x22,
  0x36, 0x34, 0x36, 0x32, 0x16, 0x14, 0x06, 0x22, 0x36, 0x34, 0x36, 0x32,
  0x16, 0x14, 0x06, 0x22, 0x36, 0x34, 0x36, 0x32, 0x16, 0x14, 0x06, 0x22,
  0x36, 0x34, 0x36, 0x32, 0x16, 0x14, 0x06, 0x22, 0x26, 0x34, 0x36, 0x32,
  0x16, 0x14, 0x06, 0x22, 0x26, 0x34, 0x36, 0x32, 0x16, 0x14, 0x06, 0x22,
  0x26, 0x34, 0x36, 0x32, 0x16, 0x14, 0x06, 0x22, 0x26, 0x34, 0x36, 0x32,
  0x16, 0x14, 0x06, 0x22, 0x26, 0x34, 0x36, 0x32, 0x16, 0x14, 0x06, 0x22,
  0x26, 0x34, 0x36, 0x32, 0x16, 0x14, 0x06, 0x22, 0x26, 0x34, 0x36, 0x32,
  0x16, 0x14, 0x06, 0x22, 0x36, 0x34, 0x36, 0x32, 0x16, 0x14, 0x06, 0x22,
  0x36, 0x34, 0x36, 0x32, 0x16, 0x14, 0x06, 0x22, 0x26, 0x34, 0x36, 0x32,
  0x16, 0x14, 0x06, 0x22, 0x26, 0x34, 0x36, 0x32, 0x16, 0x14, 0x06, 0x22,
  0x26, 0x34, 0x36, 0x32, 0x16, 0x14, 0x06, 0x22, 0x26, 0x34, 0x36, 0x32,
  0x16, 0x14, 0x06, 0x22, 0x26, 0x34, 0x36, 0x32, 0x16, 0x14, 0x06, 0x22,
  0x36, 0x34, 0x36, 0x32, 0x16, 0x14, 0x06, 0x22, 0x26, 0x34, 0x36, 0x32,
  0x16, 0x14, 0x06, 0x22, 0x36, 0x34, 0x36, 0x32, 0x16, 0x14, 0x06, 0x22,
  0x26, 0x34, 0x36, 0x32, 0x16, 0x14, 0x06, 0x22, 0x02, 0x34, 0x36, 0x32,
  0x16, 0x14, 0x06, 0x22, 0x06, 0x34, 0x36, 0x32, 0x16, 0x14, 0x06, 0x22,
  0x06, 0x34, 0x36, 0x32, 0x16, 0x14, 0x06, 0x22, 0x06, 0x34, 0x36, 0x32,
  0x16, 0x14, 0x06, 0x22, 0x12, 0x34, 0x36, 0x32, 0x16, 0x14, 0x06, 0x22,
  0x36, 0x34, 0x36, 0x32, 0x16, 0x14, 0x06, 0x22, 0x36, 0x34, 0x36, 0x32,
  0x16, 0x14, 0x06, 0x22, 0x36, 0x34, 0x36, 0x32, 0x16, 0x14, 0x06, 0x22,
  0x06, 0x34, 0x36, 0x32, 0x16, 0x14, 0x06, 0x22, 0x26, 0x34, 0x36, 0x32,
  0x16, 0x14, 0x06, 0x22, 0x26, 0x34, 0x36, 0x32, 0x16, 0x14, 0x06, 0x22,
  0x26, 0x34, 0x36, 0x32, 0x16, 0x14, 0x06, 0x22, 0x24, 0x34, 0x36, 0x32,
  0x16, 0x14, 0x06, 0x22, 0x02, 0x34, 0x36, 0x32, 0x16, 0x14, 0x06, 0x22,
  0x00, 0x34, 0x36, 0x32, 0x16, 0x14, 0x06, 0x22, 0x24, 0x34, 0x36, 0x32,
  0x16, 0x14, 0x06, 0x22, 0x12, 0x34, 0x36, 0x32, 0x16, 0x14, 0x06, 0x22,
  0x36, 0x34, 0x36, 0x32, 0x16, 0x14, 0x06, 0x22, 0x26, 0x34, 0x36, 0x32,
  0x16, 0x14, 0x06, 0x22, 0x26, 0x34, 0x36, 0x32, 0x16, 0x14, 0x06, 0x22,
  0x26, 0x34, 0x36, 0x32, 0x16, 0x14, 0x06, 0x22, 0x26, 0x34, 0x36, 0x32,
  0x16, 0x14, 0x06, 0x22, 0x26, 0x34, 0x36, 0x32, 0x16, 0x14, 0x06, 0x22,
  0x26, 0x34, 0x36, 0x32, 0x16, 0x14, 0x06, 0x22, 0x06, 0x34, 0x36, 0x32,
  0x16, 0x14, 0x06, 0x22, 0x06, 0x34, 0x36, 0x32, 0x16, 0x14, 0x06, 0x22,
  0x06, 0x34, 0x36, 0x32, 0x16, 0x14, 0x06, 0x22, 0x06, 0x34, 0x36, 0x32,
  0x16, 0x14, 0x06, 0x22, 0x02, 0x34, 0x36, 0x32, 0x16, 0x14, 0x06, 0x22,
  0xc8, 0x1d, 0x2a, 0x1d, 0x1d, 0x2a, 0x47, 0x1d, 0x2a, 0x1d, 0x1d, 0x2a,
  0x47, 0x1d, 0x2a, 0x1d, 0x1d, 0x2a, 0x47, 0x1d, 0x2a, 0x1d, 0x1d, 0x2a,
  0xab, 0x1d, 0x2a, 0x1d, 0x1d, 0x2a, 0x81, 0x1d, 0x2a, 0x1d, 0x1d, 0x2a,
  0x81, 0x1d, 0x2a, 0x1d, 0x1d, 0x2a, 0x81, 0x1d, 0x2a, 0x1d, 0x1d, 0x2a,
  0x81, 0x1d, 0x2a, 0x1d, 0x1d, 0x2a, 0x81, 0x1d, 0x2a, 0x1d, 0x1d, 0x2a,
  0x81, 0x1d, 0x2a, 0x1d, 0x1d, 0x2a, 0x81, 0x1d, 0x2a, 0x1d, 0x1d, 0x2a,
  0x47, 0x1d, 0x2a, 0x1d, 0x1d, 0x2a, 0x47, 0x1d, 0x2a, 0x1d, 0x1d, 0x2a,
  0xe5, 0x1d, 0x2a, 0x1d, 0x1d, 0x2a, 0x1d, 0x1d, 0x2a, 0x1d, 0x1d, 0x2a,
  0x1d, 0x1d, 0x2a, 0x1d, 0x1d, 0x2a, 0x1d, 0x1d, 0x2a, 0x1d, 0x1d, 0x2a,
  0x1d, 0x1d, 0x2a, 0x1d, 0x1d, 0x2a, 0x47, 0x1d, 0x2a, 0x1d, 0x1d, 0x2a,
  0x1d, 0x1d, 0x2a, 0x1d, 0x1d, 0x2a, 0x47, 0x1d, 0x2a, 0x1d, 0x1d, 0x2a,
  0x1d, 0x1d, 0x2a, 0x1d, 0x1d, 0x2a, 0x81, 0x1d, 0x2a, 0x1d, 0x1d, 0x2a,
  0x1d, 0x1d, 0x2a, 0x1d, 0x1d, 0x2a, 0x1d, 0x1d, 0x2a, 0x1d, 0x1d, 0x2a,
  0x1d, 0x1d, 0x2a, 0x1d, 0x1d, 0x2a, 0xab, 0x1d, 0x2a, 0x1d, 0x1d, 0x2a,
  0x47, 0x1d, 0x2a, 0x1d, 0x1d, 0x2a, 0x47, 0x1d, 0x2a, 0x1d, 0x1d, 0x2a,
  0x47, 0x1d, 0x2a, 0x1d, 0x1d, 0x2a, 0x1d, 0x1d, 0x2a, 0x1d, 0x1d, 0x2a,
  0x81, 0x1d, 0x2a, 0x1d, 0x1d, 0x2a, 0x81, 0x1d, 0x2a, 0x1d, 0x1d, 0x2a,
  0x81, 0x1d, 0x2a, 0x1d, 0x1d, 0x2a, 0x01, 0x73, 0x1d, 0x2a, 0x1d, 0x1d,
  0x2a, 0x81, 0x1d, 0x2a, 0x1d, 0x1d, 0x2a, 0xfe, 0x53, 0x1d, 0x2a, 0x1d,
  0x1d, 0x2a, 0x01, 0x73, 0x1d, 0x2a, 0x1d, 0x1d, 0x2a, 0x47, 0x1d, 0x2a,
  0x1d, 0x1d, 0x2a, 0x47, 0x1d, 0x2a, 0x1d, 0x1d, 0x2a, 0x1d, 0x1d, 0x2a,
  0x1d, 0x1d, 0x2a, 0x1d, 0x1d, 0x2a, 0x1d, 0x1d, 0x2a, 0x1d, 0x1d, 0x2a,
  0x1d, 0x1d, 0x2a, 0x1d, 0x1d, 0x2a, 0x1d, 0x1d, 0x2a, 0x1d, 0x1d, 0x2a,
  0x1d, 0x1d, 0x2a, 0x81, 0x1d, 0x2a, 0x1d, 0x1d, 0x2a, 0x1d, 0x1d, 0x2a,
  0x1d, 0x1d, 0x2a, 0x1d, 0x1d, 0x2a, 0x1d, 0x1d, 0x2a, 0x1d, 0x1d, 0x2a,
  0x1d, 0x1d, 0x2a, 0x1d, 0x1d, 0x2a, 0x1d, 0x1d, 0x2a, 0x81, 0x1d, 0x2a,
  0x1d, 0x1d, 0x2a, 0x1d, 0x2a, 0x1d, 0x1d, 0x2a, 0x1d, 0x1d, 0x2a, 0x1d,
  0x1d, 0x2a, 0x1d, 0x1d, 0x2a, 0x1d, 0x1d, 0x2a, 0x1d, 0x1d, 0x2a, 0x1d,
  0x1d, 0x2a, 0x1d, 0x81, 0x2a, 0x1d, 0x1d, 0x2a, 0x1d, 0x1d, 0x2a, 0x1d,
  0x1d, 0x2a, 0x1d, 0x1d, 0x2a, 0x1d, 0x1d, 0x2a, 0x1d, 0x1d, 0x2a, 0x1d,
  0x1d, 0x2a, 0x1d, 0x1d, 0x2a, 0x1d, 0x1d, 0x2a, 0x1d, 0x1d, 0x2a, 0x1d,
  0x1d, 0x2a, 0x1d, 0x1d, 0x2a, 0x1d, 0x1d, 0x2a, 0x1d, 0x81, 0x2a, 0x1d,
  0x1d, 0x2a, 0x1d, 0x1d, 0x2a, 0x1d, 0x1d, 0x2a, 0x1d, 0x1d, 0x2a, 0x1d,
  0x1d, 0x2a, 0x1d, 0x81, 0x2a, 0x1d, 0x1d, 0x2a, 0x1d, 0x81, 0x2a, 0x1d,
  0x1d, 0x2a, 0x1d, 0x81, 0x2a, 0x1d, 0x1d, 0x2a, 0x1d, 0x81, 0x2a, 0x1d,
  0x1d, 0x2a, 0x1d, 0x81, 0x2a, 0x1d, 0x1d, 0x2a, 0x1d, 0x1d, 0x2a, 0x1d,
  0x1d, 0x2a, 0x1d, 0x81, 0x2a, 0x1d, 0x1d, 0x2a, 0x1d, 0x1d, 0x2a, 0x1d,
  0x1d, 0x2a, 0x1d, 0x81, 0x2a, 0x1d, 0x1d, 0x2a, 0x1d, 0xfe, 0xf1, 0x2a,
  0x1d, 0x1d, 0x2a, 0x1d, 0x47, 0x2a, 0x1d, 0x1d, 0x2a, 0x1d, 0x47, 0x2a,
  0x1d, 0x1d, 0x2a, 0x1d, 0x47, 0x2a, 0x1d, 0x1d, 0x2a, 0x1d, 0x02, 0x75,
  0x2a, 0x1d, 0x1d, 0x2a, 0x1d, 0x1d, 0x2a, 0x1d, 0x1d, 0x2a, 0x1d, 0x1d,
  0x2a, 0x1d, 0x1d, 0x2a, 0x1d, 0x1d, 0x2a, 0x1d, 0x1d, 0x2a, 0x1d, 0x47,
  0x2a, 0x1d, 0x1d, 0x2a, 0x1d, 0x1d, 0x2a, 0x1d, 0x1d, 0x2a, 0x1d, 0x1d,
  0x2a, 0x1d, 0x1d, 0x2a, 0x1d, 0x1d, 0x2a, 0x1d, 0x1d, 0x2a, 0x1d, 0x1d,
  0x2a, 0x1d, 0x1d, 0x2a, 0x1d, 0xfd, 0xc5, 0x2a, 0x1d, 0x1d, 0x2a, 0x1d,
  0x02, 0x11, 0x2a, 0x1d, 0x1d, 0x2a, 0x1d, 0x1d, 0x2a, 0x1d, 0x1d, 0x2a,
  0x1d, 0xfe, 0x29, 0x2a, 0x1d, 0x1d, 0x2a, 0x1d, 0x1d, 0x2a, 0x1d, 0x1d,
  0x2a, 0x1d, 0x81, 0x2a, 0x1d, 0x1d, 0x2a, 0x1d, 0x81, 0x2a, 0x1d, 0x1d,
  0x2a, 0x1d, 0x81, 0x2a, 0x1d, 0x1d, 0x2a, 0x1d, 0x81, 0x2a, 0x1d, 0x1d,
  0x2a, 0x1d, 0x81, 0x2a, 0x1d, 0x1d, 0x2a, 0x1d, 0x1d, 0x2a, 0x1d, 0x1d,
  0x2a, 0x1d, 0x47, 0x2a, 0x1d, 0x1d, 0x2a, 0x1d, 0x47, 0x2a, 0x1d, 0x1d,
  0x2a, 0x1d, 0x47, 0x2a, 0x1d, 0x1d, 0x2a, 0x1d, 0x47, 0x2a, 0x1d, 0x1d,
  0x2a, 0x1d, 0xfe, 0xf1, 0x2a, 0x1d, 0x1d, 0x2a, 0x1d, 0x00, 0x00, 0x00,
  0x00, 0x3e, 0x00, 0x00, 0xfe, 0xd4, 0x03, 0x84, 0x03, 0xe8, 0x00, 0x07,
  0x00, 0x0f, 0x00, 0x17, 0x00, 0x1f, 0x00, 0x27, 0x00, 0x2f, 0x00, 0x37,
  0x00, 0x3f, 0x00, 0x47, 0x00, 0x4f, 0x00, 0x57, 0x00, 0x5f, 0x00, 0x67,
  0x00, 0x6f, 0x00, 0x77, 0x00, 0x7f, 0x00, 0x87, 0x00, 0x8f, 0x00, 0x97,
  0x00, 0x9f, 0x00, 0xa7, 0x00, 0xaf, 0x00, 0xb7, 0x00, 0xbf, 0x00, 0xc7,
  0x00, 0xcf, 0x00, 0xd7, 0x00, 0xdf, 0x00, 0xe7, 0x00, 0xef, 0x00, 0xf7,
  0x00, 0xff, 0x01, 0x07, 0x01, 0x0f, 0x01, 0x17, 0x01, 0x1f, 0x01, 0x27,
  0x01, 0x2f, 0x01, 0x37, 0x01, 0x3f, 0x01, 0x47, 0x01, 0x4f, 0x01, 0x57,
  0x01, 0x5f, 0x01, 0x67, 0x01, 0x6f, 0x01, 0x77, 0x01, 0x7f, 0x01, 0x87,
  0x01, 0x8f, 0x01, 0x97, 0x01, 0x9f, 0x01, 0xa7, 0x01, 0xaf, 0x01, 0xb7,
  0x01, 0xbf, 0x01, 0xc7, 0x01, 0xcf, 0x01, 0xd7, 0x01, 0xdf, 0x01, 0xe7,
  0x01, 0xef, 0x00, 0x00, 0x24, 0x34, 0x36, 0x32, 0x16, 0x14, 0x06, 0x22,
  0x36, 0x34, 0x36, 0x32, 0x16, 0x14, 0x06, 0x22, 0x36, 0x34, 0x36, 0x32,
  0x16, 0x14, 0x06, 0x22, 0x36, 0x34, 0x36, 0x32, 0x16, 0x14, 0x06, 0x22,
  0x26, 0x34, 0x36, 0x32, 0x16, 0x14, 0x06, 0x22, 0x26, 0x34, 0x36, 0x32,
  0x16, 0x14, 0x06, 0x22, 0x26, 0x34, 0x36, 0x32, 0x16, 0x14, 0x06, 0x22,
  0x26, 0x34, 0x36, 0x32, 0x16, 0x14, 0x06, 0x22, 0x26, 0x34, 0x36, 0x32,
  0x16, 0x14, 0x06, 0x22, 0x26, 0x34, 0x36, 0x32, 0x16, 0x14, 0x06, 0x22,
  0x26, 0x34, 0x36, 0x32, 0x16, 0x14, 0x06, 0x22, 0x06, 0x34, 0x36, 0x32,
  0x16, 0x14, 0x06, 0x22, 0x06, 0x34, 0x36, 0x32, 0x16, 0x14, 0x06, 0x22,
  0x06, 0x34, 0x36, 0x32, 0x16, 0x14, 0x06, 0x22, 0x06, 0x34, 0x36, 0x32,
  0x16, 0x14, 0x06, 0x22, 0x06, 0x34, 0x36, 0x32, 0x16, 0x14, 0x06, 0x22,
  0x36, 0x34, 0x36, 0x32, 0x16, 0x14, 0x06, 0x22, 0x26, 0x34, 0x36, 0x32,
  0x16, 0x14, 0x06, 0x22, 0x26, 0x34, 0x36, 0x32, 0x16, 0x14, 0x06, 0x22,
  0x26, 0x34, 0x36, 0x32, 0x16, 0x14, 0x06, 0x22, 0x26, 0x34, 0x36, 0x32,
  0x16, 0x14, 0x06, 0x22, 0x36, 0x34, 0x36, 0x32, 0x16, 0x14, 0x06, 0x22,
  0x26, 0x34, 0x36, 0x32, 0x16, 0x14, 0x06, 0x22, 0x26, 0x34, 0x36, 0x32,
  0x16, 0x14, 0x06, 0x22, 0x26, 0x34, 0x36, 0x32, 0x16, 0x14, 0x06, 0x22,
  0x26, 0x34, 0x36, 0x32, 0x16, 0x14, 0x06, 0x22, 0x26, 0x34, 0x36, 0x32,
  0x16, 0x14, 0x06, 0x22, 0x36, 0x34, 0x36, 0x32, 0x16, 0x14, 0x06, 0x22,
  0x26, 0x34, 0x36, 0x32, 0x16, 0x14, 0x06, 0x22, 0x26, 0x34, 0x36, 0x32,
  0x16, 0x14, 0x06, 0x22, 0x26, 0x34, 0x36, 0x32, 0x16, 0x14, 0x06, 0x22,
  0x06, 0x34, 0x36, 0x32, 0x16, 0x14, 0x06, 0x22, 0x36, 0x34, 0x36, 0x32,
  0x16, 0x14, 0x06, 0x22, 0x06, 0x34, 0x36, 0x32, 0x16, 0x14, 0x06, 0x22,
  0x06, 0x34, 0x36, 0x32, 0x16, 0x14, 0x06, 0x22, 0x06, 0x34, 0x36, 0x32,
  0x16, 0x14, 0x06, 0x22, 0x06, 0x34, 0x36, 0x32, 0x16, 0x14, 0x06, 0x22,
  0x12, 0x34, 0x36, 0x32, 0x16, 0x14, 0x06, 0x22, 0x36, 0x34, 0x36, 0x32,
  0x16, 0x14, 0x06, 0x22, 0x36, 0x34, 0x36, 0x32, 0x16, 0x14, 0x06, 0x22,
  0x36, 0x34, 0x36, 0x32, 0x16, 0x14, 0x06, 0x22, 0x06, 0x34, 0x36, 0x32,
  0x16, 0x14, 0x06, 0x22, 0x26, 0x34, 0x36, 0x32, 0x16, 0x14, 0x06, 0x22,
  0x26, 0x34, 0x36, 0x32, 0x16, 0x14, 0x06, 0x22, 0x26, 0x34, 0x36, 0x32,
  0x16, 0x14, 0x06, 0x22, 0x24, 0x34, 0x36, 0x32, 0x16, 0x14, 0x06, 0x22,
  0x02, 0x34, 0x36, 0x32, 0x16, 0x14, 0x06, 0x22, 0x00, 0x34, 0x36, 0x32,
  0x16, 0x14, 0x06, 0x22, 0x24, 0x34, 0x36, 0x32, 0x16, 0x14, 0x06, 0x22,
  0x12, 0x34, 0x36, 0x32, 0x16, 0x14, 0x06, 0x22, 0x36, 0x34, 0x36, 0x32,
  0x16, 0x14, 0x06, 0x22, 0x26, 0x34, 0x36, 0x32, 0x16, 0x14, 0x06, 0x22,
  0x26, 0x34, 0x36, 0x32, 0x16, 0x14, 0x06, 0x22, 0x26, 0x34, 0x36, 0x32,
  0x16, 0x14, 0x06, 0x22, 0x26, 0x34, 0x36, 0x32, 0x16, 0x14, 0x06, 0x22,
  0x26, 0x34, 0x36, 0x32, 0x16, 0x14, 0x06, 0x22, 0x26, 0x34, 0x36, 0x32,
  0x16, 0x14, 0x06, 0x22, 0x06, 0x34, 0x36, 0x32, 0x16, 0x14, 0x06, 0x22,
  0x06, 0x34, 0x36, 0x32, 0x16, 0x14, 0x06, 0x22, 0x06, 0x34, 0x36, 0x32,
  0x16, 0x14, 0x06, 0x22, 0x06, 0x34, 0x36, 0x32, 0x16, 0x14, 0x06, 0x22,
  0x02, 0x34, 0x36, 0x32, 0x16, 0x14, 0x06, 0x22, 0x01, 0x2c, 0x1d, 0x2a,
  0x1d, 0x1d, 0x2a, 0x47, 0x1d, 0x2a, 0x1d, 0x1d, 0x2a, 0x47, 0x1d, 0x2a,
  0x1d, 0x1d, 0x2a, 0xab, 0x1d, 0x2a, 0x1d, 0x1d, 0x2a, 0x81, 0x1d, 0x2a,
  0x1d, 0x1d, 0x2a, 0x81, 0x1d, 0x2a, 0x1d, 0x1d, 0x2a, 0x81, 0x1d, 0x2a,
  0x1d, 0x1d, 0x2a, 0x81, 0x1d, 0x2a, 0x1d, 0x1d, 0x2a, 0x81, 0x1d, 0x2a,
  0x1d, 0x1d, 0x2a, 0x81, 0x1d, 0x2a, 0x1d, 0x1d, 0x2a, 0x81, 0x1d, 0x2a,
  0x1d, 0x1d, 0x2a, 0x1d, 0x1d, 0x2a, 0x1d, 0x1d, 0x2a, 0x1d, 0x1d, 0x2a,
  0x1d, 0x1d, 0x2a, 0x1d, 0x1d, 0x2a, 0x1d, 0x1d, 0x2a, 0x1d, 0x1d, 0x2a,
  0x1d, 0x1d, 0x2a, 0x1d, 0x1d, 0x2a, 0x1d, 0x1d, 0x2a, 0x47, 0x1d, 0x2a,
  0x1d, 0x1d, 0x2a, 0x1d, 0x1d, 0x2a, 0x1d, 0x1d, 0x2a, 0x1d, 0x1d, 0x2a,
  0x1d, 0x1d, 0x2a, 0x1d, 0x1d, 0x2a, 0x1d, 0x1d, 0x2a, 0x1d, 0x1d, 0x2a,
  0x1d, 0x1d, 0x2a, 0x47, 0x1d, 0x2a, 0x1d, 0x1d, 0x2a, 0xe5, 0x1d, 0x2a,
  0x1d, 0x1d, 0x2a, 0x1d, 0x1d, 0x2a, 0x1d, 0x1d, 0x2a, 0x1d, 0x1d, 0x2a,
  0x1d, 0x1d, 0x2a, 0x1d, 0x1d, 0x2a, 0x1d, 0x1d, 0x2a, 0x1d, 0x1d, 0x2a,
  0x1d, 0x1d, 0x2a, 0x47, 0x1d, 0x2a, 0x1d, 0x1d, 0x2a, 0x1d, 0x1d, 0x2a,
  0x1d, 0x1d, 0x2a, 0x1d, 0x1d, 0x2a, 0x1d, 0x1d, 0x2a, 0x81, 0x1d, 0x2a,
  0x1d, 0x1d, 0x2a, 0x1d, 0x1d, 0x2a, 0x1d, 0x1d, 0x2a, 0xab, 0x1d, 0x2a,
  0x1d, 0x1d, 0x2a, 0x81, 0x1d, 0x2a, 0x1d, 0x1d, 0x2a, 0x1d, 0x1d, 0x2a,
  0x1d, 0x1d, 0x2a, 0x1d, 0x1d, 0x2a, 0x1d, 0x1d, 0x2a, 0x1d, 0x1d, 0x2a,
  0x1d, 0x1d, 0x2a, 0xab, 0x1d, 0x2a, 0x1d, 0x1d, 0x2a, 0x47, 0x1d, 0x2a,
  0x1d, 0x1d, 0x2a, 0x47, 0x1d, 0x2a, 0x1d, 0x1d, 0x2a, 0x47, 0x1d, 0x2a,
  0x1d, 0x1d, 0x2a, 0x1d, 0x1d, 0x2a, 0x1d, 0x1d, 0x2a, 0x81, 0x1d, 0x2a,
  0x1d, 0x1d, 0x2a, 0x81, 0x1d, 0x2a, 0x1d, 0x1d, 0x2a, 0x81, 0x1d, 0x2a,
  0x1d, 0x1d, 0x2a, 0x01, 0x73, 0x1d, 0x2a, 0x1d, 0x1d, 0x2a, 0x81, 0x1d,
  0x2a, 0x1d, 0x1d, 0x2a, 0xfe, 0x53, 0x1d, 0x2a, 0x1d, 0x1d, 0x2a, 0x01,
  0x73, 0x1d, 0x2a, 0x1d, 0x1d, 0x2a, 0x47, 0x1d, 0x2a, 0x1d, 0x1d, 0x2a,
  0x47, 0x1d, 0x2a, 0x1d, 0x1d, 0x2a, 0x1d, 0x1d, 0x2a, 0x1d, 0x1d, 0x2a,
  0x1d, 0x1d, 0x2a, 0x1d, 0x1d, 0x2a, 0x1d, 0x1d, 0x2a, 0x1d, 0x1d, 0x2a,
  0x1d, 0x1d, 0x2a, 0x1d, 0x1d, 0x2a, 0x1d, 0x1d, 0x2a, 0x1d, 0x1d, 0x2a,
  0x81, 0x1d, 0x2a, 0x1d, 0x1d, 0x2a, 0x1d, 0x1d, 0x2a, 0x1d, 0x1d, 0x2a,
  0x1d, 0x1d, 0x2a, 0x1d, 0x1d, 0x2a, 0x1d, 0x1d, 0x2a, 0x1d, 0x1d, 0x2a,
  0x1d, 0x1d, 0x2a, 0x1d, 0x1d, 0x2a, 0x81, 0x1d, 0x2a, 0x1d, 0x1d, 0x2a,
  0x1d, 0x2a, 0x1d, 0x1d, 0x2a, 0x1d, 0x1d, 0x2a, 0x1d, 0x1d, 0x2a, 0x1d,
  0x1d, 0x2a, 0x1d, 0x1d, 0x2a, 0x1d, 0x81, 0x2a, 0x1d, 0x1d, 0x2a, 0x1d,
  0x1d, 0x2a, 0x1d, 0x1d, 0x2a, 0x1d, 0x1d, 0x2a, 0x1d, 0x1d, 0x2a, 0x1d,
  0x1d, 0x2a, 0x1d, 0x1d, 0x2a, 0x1d, 0x1d, 0x2a, 0x1d, 0x1d, 0x2a, 0x1d,
  0x1d, 0x2a, 0x1d, 0x1d, 0x2a, 0x1d, 0x1d, 0x2a, 0x1d, 0x1d, 0x2a, 0x1d,
  0x81, 0x2a, 0x1d, 0x1d, 0x2a, 0x1d, 0x47, 0x2a, 0x1d, 0x1d, 0x2a, 0x1d,
  0x47, 0x2a, 0x1d, 0x1d, 0x2a, 0x1d, 0x47, 0x2a, 0x1d, 0x1d, 0x2a, 0x1d,
  0x47, 0x2a, 0x1d, 0x1d, 0x2a, 0x1d, 0x47, 0x2a, 0x1d, 0x1d, 0x2a, 0x1d,
  0x1d, 0x2a, 0x1d, 0x1d, 0x2a, 0x1d, 0x81, 0x2a, 0x1d, 0x1d, 0x2a, 0x1d,
  0x81, 0x2a, 0x1d, 0x1d, 0x2a, 0x1d, 0x81, 0x2a, 0x1d, 0x1d, 0x2a, 0x1d,
  0xe5, 0x2a, 0x1d, 0x1d, 0x2a, 0x1d, 0x1d, 0x2a, 0x1d, 0x1d, 0x2a, 0x1d,
  0x81, 0x2a, 0x1d, 0x1d, 0x2a, 0x1d, 0x81, 0x2a, 0x1d, 0x1d, 0x2a, 0x1d,
  0x81, 0x2a, 0x1d, 0x1d, 0x2a, 0x1d, 0x81, 0x2a, 0x1d, 0x1d, 0x2a, 0x1d,
  0x81, 0x2a, 0x1d, 0x1d, 0x2a, 0x1d, 0x1d, 0x2a, 0x1d, 0x1d, 0x2a, 0x1d,
  0x81, 0x2a, 0x1d, 0x1d, 0x2a, 0x1d, 0x81, 0x2a, 0x1d, 0x1d, 0x2a, 0x1d,
  0x1d, 0x2a, 0x1d, 0x1d, 0x2a, 0x1d, 0x47, 0x2a, 0x1d, 0x1d, 0x2a, 0x1d,
  0x1d, 0x2a, 0x1d, 0x1d, 0x2a, 0x1d, 0xab, 0x2a, 0x1d, 0x1d, 0x2a, 0x1d,
  0x47, 0x2a, 0x1d, 0x1d, 0x2a, 0x1d, 0x47, 0x2a, 0x1d, 0x1d, 0x2a, 0x1d,
  0x47, 0x2a, 0x1d, 0x1d, 0x2a, 0x1d, 0x02, 0x75, 0x2a, 0x1d, 0x1d, 0x2a,
  0x1d, 0x1d, 0x2a, 0x1d, 0x1d, 0x2a, 0x1d, 0x1d, 0x2a, 0x1d, 0x1d, 0x2a,
  0x1d, 0x1d, 0x2a, 0x1d, 0x1d, 0x2a, 0x1d, 0x47, 0x2a, 0x1d, 0x1d, 0x2a,
  0x1d, 0x1d, 0x2a, 0x1d, 0x1d, 0x2a, 0x1d, 0x1d, 0x2a, 0x1d, 0x1d, 0x2a,
  0x1d, 0x1d, 0x2a, 0x1d, 0x1d, 0x2a, 0x1d, 0x1d, 0x2a, 0x1d, 0x1d, 0x2a,
  0x1d, 0xfd, 0xc5, 0x2a, 0x1d, 0x1d, 0x2a, 0x1d, 0x02, 0x11, 0x2a, 0x1d,
  0x1d, 0x2a, 0x1d, 0x1d, 0x2a, 0x1d, 0x1d, 0x2a, 0x1d, 0xfe, 0x29, 0x2a,
  0x1d, 0x1d, 0x2a, 0x1d, 0x1d, 0x2a, 0x1d, 0x1d, 0x2a, 0x1d, 0x81, 0x2a,
  0x1d, 0x1d, 0x2a, 0x1d, 0x81, 0x2a, 0x1d, 0x1d, 0x2a, 0x1d, 0x81, 0x2a,
  0x1d, 0x1d, 0x2a, 0x1d, 0x81, 0x2a, 0x1d, 0x1d, 0x2a, 0x1d, 0x81, 0x2a,
  0x1d, 0x1d, 0x2a, 0x1d, 0x1d, 0x2a, 0x1d, 0x1d, 0x2a, 0x1d, 0x47, 0x2a,
  0x1d, 0x1d, 0x2a, 0x1d, 0x47, 0x2a, 0x1d, 0x1d, 0x2a, 0x1d, 0x47, 0x2a,
  0x1d, 0x1d, 0x2a, 0x1d, 0x47, 0x2a, 0x1d, 0x1d, 0x2a, 0x1d, 0xfe, 0xf1,
  0x2a, 0x1d, 0x1d, 0x2a, 0x1d, 0x00, 0x00, 0x00, 0x00, 0x3e, 0x00, 0x00,
  0xfe, 0xd4, 0x03, 0x84, 0x03, 0xe8, 0x00, 0x07, 0x00, 0x0f, 0x00, 0x17,
  0x00, 0x1f, 0x00, 0x27, 0x00, 0x2f, 0x00, 0x37, 0x00, 0x3f, 0x00, 0x47,
  0x00, 0x4f, 0x00, 0x57, 0x00, 0x5f, 0x00, 0x67, 0x00, 0x6f, 0x00, 0x77,
  0x00, 0x7f, 0x00, 0x87, 0x00, 0x8f, 0x00, 0x97, 0x00, 0x9f, 0x00, 0xa7,
  0x00, 0xaf, 0x00, 0xb7, 0x00, 0xbf, 0x00, 0xc7, 0x00, 0xcf, 0x00, 0xd7,
  0x00, 0xdf, 0x00, 0xe7, 0x00, 0xef, 0x00, 0xf7, 0x00, 0xff, 0x01, 0x07,
  0x01, 0x0f, 0x01, 0x17, 0x01, 0x1f, 0x01, 0x27, 0x01, 0x2f, 0x01, 0x37,
  0x01, 0x3f, 0x01, 0x47, 0x01, 0x4f, 0x01, 0x57, 0x01, 0x5f, 0x01, 0x67,
  0x01, 0x6f, 0x01, 0x77, 0x01, 0x7f, 0x01, 0x87, 0x01, 0x8f, 0x01, 0x97,
  0x01, 0x9f, 0x01, 0xa7, 0x01, 0xaf, 0x01, 0xb7, 0x01, 0xbf, 0x01, 0xc7,
  0x01, 0xcf, 0x01, 0xd7, 0x01, 0xdf, 0x01, 0xe7, 0x01, 0xef, 0x00, 0x00,
  0x24, 0x34, 0x36, 0x32, 0x16, 0x14, 0x06, 0x22, 0x36, 0x34, 0x36, 0x32,
  0x16, 0x14, 0x06, 0x22, 0x36, 0x34, 0x36, 0x32, 0x16, 0x14, 0x06, 0x22,
  0x36, 0x34, 0x36, 0x32, 0x16, 0x14, 0x06, 0x22, 0x26, 0x34, 0x36, 0x32,
  0x16, 0x14, 0x06, 0x22, 0x26, 0x34, 0x36, 0x32, 0x16, 0x14, 0x06, 0x22,
  0x26, 0x34, 0x36, 0x32, 0x16, 0x14, 0x06, 0x22, 0x26, 0x34, 0x36, 0x32,
  0x16, 0x14, 0x06, 0x22, 0x26, 0x34, 0x36, 0x32, 0x16, 0x14, 0x06, 0x22,
  0x26, 0x34, 0x36, 0x32, 0x16, 0x14, 0x06, 0x22, 0x26, 0x34, 0x36, 0x32,
  0x16, 0x14, 0x06, 0x22, 0x00, 0x34, 0x36, 0x32, 0x16, 0x14, 0x06, 0x22,
  0x06, 0x34, 0x36, 0x32, 0x16, 0x14, 0x06, 0x22, 0x06, 0x34, 0x36, 0x32,
  0x16, 0x14, 0x06, 0x22, 0x36, 0x34, 0x36, 0x32, 0x16, 0x14, 0x06, 0x22,
  0x26, 0x34, 0x36, 0x32, 0x16, 0x14, 0x06, 0x22, 0x26, 0x34, 0x36, 0x32,
  0x16, 0x14, 0x06, 0x22, 0x26, 0x34, 0x36, 0x32, 0x16, 0x14, 0x06, 0x22,
  0x26, 0x34, 0x36, 0x32, 0x16, 0x14, 0x06, 0x22, 0x06, 0x34, 0x36, 0x32,
  0x16, 0x14, 0x06, 0x22, 0x24, 0x34, 0x36, 0x32, 0x16, 0x14, 0x06, 0x22,
  0x26, 0x34, 0x36, 0x32, 0x16, 0x14, 0x06, 0x22, 0x36, 0x34, 0x36, 0x32,
  0x16, 0x14, 0x06, 0x22, 0x26, 0x34, 0x36, 0x32, 0x16, 0x14, 0x06, 0x22,
  0x26, 0x34, 0x36, 0x32, 0x16, 0x14, 0x06, 0x22, 0x26, 0x34, 0x36, 0x32,
  0x16, 0x14, 0x06, 0x22, 0x26, 0x34, 0x36, 0x32, 0x16, 0x14, 0x06, 0x22,
  0x26, 0x34, 0x36, 0x32, 0x16, 0x14, 0x06, 0x22, 0x36, 0x34, 0x36, 0x32,
  0x16, 0x14, 0x06, 0x22, 0x26, 0x34, 0x36, 0x32, 0x16, 0x14, 0x06, 0x22,
  0x36, 0x34, 0x36, 0x32, 0x16, 0x14, 0x06, 0x22, 0x06, 0x34, 0x36, 0x32,
  0x16, 0x14, 0x06, 0x22, 0x06, 0x34, 0x36, 0x32, 0x16, 0x14, 0x06, 0x22,
  0x06, 0x34, 0x36, 0x32, 0x16, 0x14, 0x06, 0x22, 0x06, 0x34, 0x36, 0x32,
  0x16, 0x14, 0x06, 0x22, 0x12, 0x34, 0x36, 0x32, 0x16, 0x14, 0x06, 0x22,
  0x26, 0x34, 0x36, 0x32, 0x16, 0x14, 0x06, 0x22, 0x36, 0x34, 0x36, 0x32,
  0x16, 0x14, 0x06, 0x22, 0x36, 0x34, 0x36, 0x32, 0x16, 0x14, 0x06, 0x22,
  0x16, 0x34, 0x36, 0x32, 0x16, 0x14, 0x06, 0x22, 0x26, 0x34, 0x36, 0x32,
  0x16, 0x14, 0x06, 0x22, 0x26, 0x34, 0x36, 0x32, 0x16, 0x14, 0x06, 0x22,
  0x26, 0x34, 0x36, 0x32, 0x16, 0x14, 0x06, 0x22, 0x24, 0x34, 0x36, 0x32,
  0x16, 0x14, 0x06, 0x22, 0x02, 0x34, 0x36, 0x32, 0x16, 0x14, 0x06, 0x22,
  0x00, 0x34, 0x36, 0x32, 0x16, 0x14, 0x06, 0x22, 0x24, 0x34, 0x36, 0x32,
  0x16, 0x14, 0x06, 0x22, 0x12, 0x34, 0x36, 0x32, 0x16, 0x14, 0x06, 0x22,
  0x36, 0x34, 0x36, 0x32, 0x16, 0x14, 0x06, 0x22, 0x26, 0x34, 0x36, 0x32,
  0x16, 0x14, 0x06, 0x22, 0x26, 0x34, 0x36, 0x32, 0x16, 0x14, 0x06, 0x22,
  0x26, 0x34, 0x36, 0x32, 0x16, 0x14, 0x06, 0x22, 0x26, 0x34, 0x36, 0x32,
  0x16, 0x14, 0x06, 0x22, 0x26, 0x34, 0x36, 0x32, 0x16, 0x14, 0x06, 0x22,
  0x26, 0x34, 0x36, 0x32, 0x16, 0x14, 0x06, 0x22, 0x26, 0x34, 0x36, 0x32,
  0x16, 0x14, 0x06, 0x22, 0x26, 0x34, 0x36, 0x32, 0x16, 0x14, 0x06, 0x22,
  0x06, 0x34, 0x36, 0x32, 0x16, 0x14, 0x06, 0x22, 0x06, 0x34, 0x36, 0x32,
  0x16, 0x14, 0x06, 0x22, 0x06, 0x34, 0x36, 0x32, 0x16, 0x14, 0x06, 0x22,
  0x06, 0x34, 0x36, 0x32, 0x16, 0x14, 0x06, 0x22, 0x06, 0x34, 0x36, 0x32,
  0x16, 0x14, 0x06, 0x22, 0x01, 0x2c, 0x1d, 0x2a, 0x1d, 0x1d, 0x2a, 0x47,
  0x1d, 0x2a, 0x1d, 0x1d, 0x2a, 0x47, 0x1d, 0x2a, 0x1d, 0x1d, 0x2a, 0xab,
  0x1d, 0x2a, 0x1d, 0x1d, 0x2a, 0x81, 0x1d, 0x2a, 0x1d, 0x1d, 0x2a, 0x81,
  0x1d, 0x2a, 0x1d, 0x1d, 0x2a, 0x81, 0x1d, 0x2a, 0x1d, 0x1d, 0x2a, 0x81,
  0x1d, 0x2a, 0x1d, 0x1d, 0x2a, 0x81, 0x1d, 0x2a, 0x1d, 0x1d, 0x2a, 0x81,
  0x1d, 0x2a, 0x1d, 0x1d, 0x2a, 0x81, 0x1d, 0x2a, 0x1d, 0x1d, 0x2a, 0x02,
  0x9f, 0x1d, 0x2a, 0x1d, 0x1d, 0x2a, 0x1d, 0x1d, 0x2a, 0x1d, 0x1d, 0x2a,
  0x1d, 0x1d, 0x2a, 0x1d, 0x1d, 0x2a, 0x47, 0x1d, 0x2a, 0x1d, 0x1d, 0x2a,
  0x1d, 0x1d, 0x2a, 0x1d, 0x1d, 0x2a, 0x1d, 0x1d, 0x2a, 0x1d, 0x1d, 0x2a,
  0x1d, 0x1d, 0x2a, 0x1d, 0x1d, 0x2a, 0x1d, 0x1d, 0x2a, 0x1d, 0x1d, 0x2a,
  0x81, 0x1d, 0x2a, 0x1d, 0x1d, 0x2a, 0xfd, 0xef, 0x1d, 0x2a, 0x1d, 0x1d,
  0x2a, 0x81, 0x1d, 0x2a, 0x1d, 0x1d, 0x2a, 0x47, 0x1d, 0x2a, 0x1d, 0x1d,
  0x2a, 0xe5, 0x1d, 0x2a, 0x1d, 0x1d, 0x2a, 0x1d, 0x1d, 0x2a, 0x1d, 0x1d,
  0x2a, 0x1d, 0x1d, 0x2a, 0x1d, 0x1d, 0x2a, 0x1d, 0x1d, 0x2a, 0x1d, 0x1d,
  0x2a, 0x1d, 0x1d, 0x2a, 0x1d, 0x1d, 0x2a, 0x47, 0x1d, 0x2a, 0x1d, 0x1d,
  0x2a, 0x1d, 0x1d, 0x2a, 0x1d, 0x1d, 0x2a, 0x47, 0x1d, 0x2a, 0x1d, 0x1d,
  0x2a, 0x81, 0x1d, 0x2a, 0x1d, 0x1d, 0x2a, 0x1d, 0x1d, 0x2a, 0x1d, 0x1d,
  0x2a, 0x1d, 0x1d, 0x2a, 0x1d, 0x1d, 0x2a, 0x1d, 0x1d, 0x2a, 0x1d, 0x1d,
  0x2a, 0xab, 0x1d, 0x2a, 0x1d, 0x1d, 0x2a, 0x81, 0x1d, 0x2a, 0x1d, 0x1d,
  0x2a, 0xab, 0x1d, 0x2a, 0x1d, 0x1d, 0x2a, 0x47, 0x1d, 0x2a, 0x1d, 0x1d,
  0x2a, 0x47, 0x1d, 0x2a, 0x1d, 0x1d, 0x2a, 0x81, 0x1d, 0x2a, 0x1d, 0x1d,
  0x2a, 0x81, 0x1d, 0x2a, 0x1d, 0x1d, 0x2a, 0x81, 0x1d, 0x2a, 0x1d, 0x1d,
  0x2a, 0x01, 0x73, 0x1d, 0x2a, 0x1d, 0x1d, 0x2a, 0x81, 0x1d, 0x2a, 0x1d,
  0x1d, 0x2a, 0xfe, 0x53, 0x1d, 0x2a, 0x1d, 0x1d, 0x2a, 0x01, 0x73, 0x1d,
  0x2a, 0x1d, 0x1d, 0x2a, 0x47, 0x1d, 0x2a, 0x1d, 0x1d, 0x2a, 0x47, 0x1d,
  0x2a, 0x1d, 0x1d, 0x2a, 0x1d, 0x1d, 0x2a, 0x1d, 0x1d, 0x2a, 0x1d, 0x1d,
  0x2a, 0x1d, 0x1d, 0x2a, 0x1d, 0x1d, 0x2a, 0x1d, 0x1d, 0x2a, 0x1d, 0x1d,
  0x2a, 0x1d, 0x1d, 0x2a, 0x1d, 0x1d, 0x2a, 0x1d, 0x1d, 0x2a, 0x1d, 0x1d,
  0x2a, 0x1d, 0x1d, 0x2a, 0x1d, 0x1d, 0x2a, 0x1d, 0x1d, 0x2a, 0x81, 0x1d,
  0x2a, 0x1d, 0x1d, 0x2a, 0x1d, 0x1d, 0x2a, 0x1d, 0x1d, 0x2a, 0x1d, 0x1d,
  0x2a, 0x1d, 0x1d, 0x2a, 0x1d, 0x1d, 0x2a, 0x1d, 0x1d, 0x2a, 0x1d, 0x1d,
  0x2a, 0x1d, 0x1d, 0x2a, 0x1d, 0x1d, 0x2a, 0x1d, 0x1d, 0x2a, 0x1d, 0x2a,
  0x1d, 0x1d, 0x2a, 0x1d, 0x1d, 0x2a, 0x1d, 0x1d, 0x2a, 0x1d, 0x1d, 0x2a,
  0x1d, 0x1d, 0x2a, 0x1d, 0x81, 0x2a, 0x1d, 0x1d, 0x2a, 0x1d, 0x1d, 0x2a,
  0x1d, 0x1d, 0x2a, 0x1d, 0x1d, 0x2a, 0x1d, 0x1d, 0x2a, 0x1d, 0x1d, 0x2a,
  0x1d, 0x1d, 0x2a, 0x1d, 0x1d, 0x2a, 0x1d, 0x1d, 0x2a, 0x1d, 0x1d, 0x2a,
  0x1d, 0x1d, 0x2a, 0x1d, 0x1d, 0x2a, 0x1d, 0x1d, 0x2a, 0x1d, 0x81, 0x2a,
  0x1d, 0x1d, 0x2a, 0x1d, 0xfe, 0xf1, 0x2a, 0x1d, 0x1d, 0x2a, 0x1d, 0x47,
  0x2a, 0x1d, 0x1d, 0x2a, 0x1d, 0x47, 0x2a, 0x1d, 0x1d, 0x2a, 0x1d, 0x1d,
  0x2a, 0x1d, 0x1d, 0x2a, 0x1d, 0x81, 0x2a, 0x1d, 0x1d, 0x2a, 0x1d, 0x81,
  0x2a, 0x1d, 0x1d, 0x2a, 0x1d, 0x81, 0x2a, 0x1d, 0x1d, 0x2a, 0x1d, 0x81,
  0x2a, 0x1d, 0x1d, 0x2a, 0x1d, 0x47, 0x2a, 0x1d, 0x1d, 0x2a, 0x1d, 0x1d,
  0x2a, 0x1d, 0x1d, 0x2a, 0x1d, 0xe5, 0x2a, 0x1d, 0x1d, 0x2a, 0x1d, 0x1d,
  0x2a, 0x1d, 0x1d, 0x2a, 0x1d, 0x81, 0x2a, 0x1d, 0x1d, 0x2a, 0x1d, 0x81,
  0x2a, 0x1d, 0x1d, 0x2a, 0x1d, 0x81, 0x2a, 0x1d, 0x1d, 0x2a, 0x1d, 0x81,
  0x2a, 0x1d, 0x1d, 0x2a, 0x1d, 0x81, 0x2a, 0x1d, 0x1d, 0x2a, 0x1d, 0x1d,
  0x2a, 0x1d, 0x1d, 0x2a, 0x1d, 0x81, 0x2a, 0x1d, 0x1d, 0x2a, 0x1d, 0x1d,
  0x2a, 0x1d, 0x1d, 0x2a, 0x1d, 0xab, 0x2a, 0x1d, 0x1d, 0x2a, 0x1d, 0x47,
  0x2a, 0x1d, 0x1d, 0x2a, 0x1d, 0x47, 0x2a, 0x1d, 0x1d, 0x2a, 0x1d, 0x47,
  0x2a, 0x1d, 0x1d, 0x2a, 0x1d, 0x02, 0x75, 0x2a, 0x1d, 0x1d, 0x2a, 0x1d,
  0x1d, 0x2a, 0x1d, 0x1d, 0x2a, 0x1d, 0x1d, 0x2a, 0x1d, 0x1d, 0x2a, 0x1d,
  0x1d, 0x2a, 0x1d, 0x1d, 0x2a, 0x1d, 0x47, 0x2a, 0x1d, 0x1d, 0x2a, 0x1d,
  0x1d, 0x2a, 0x1d, 0x1d, 0x2a, 0x1d, 0x1d, 0x2a, 0x1d, 0x1d, 0x2a, 0x1d,
  0x1d, 0x2a, 0x1d, 0x1d, 0x2a, 0x1d, 0x1d, 0x2a, 0x1d, 0x1d, 0x2a, 0x1d,
  0xfd, 0xc5, 0x2a, 0x1d, 0x1d, 0x2a, 0x1d, 0x02, 0x11, 0x2a, 0x1d, 0x1d,
  0x2a, 0x1d, 0x1d, 0x2a, 0x1d, 0x1d, 0x2a, 0x1d, 0xfe, 0x29, 0x2a, 0x1d,
  0x1d, 0x2a, 0x1d, 0x1d, 0x2a, 0x1d, 0x1d, 0x2a, 0x1d, 0x81, 0x2a, 0x1d,
  0x1d, 0x2a, 0x1d, 0x81, 0x2a, 0x1d, 0x1d, 0x2a, 0x1d, 0x81, 0x2a, 0x1d,
  0x1d, 0x2a, 0x1d, 0x81, 0x2a, 0x1d, 0x1d, 0x2a, 0x1d, 0x81, 0x2a, 0x1d,
  0x1d, 0x2a, 0x1d, 0x81, 0x2a, 0x1d, 0x1d, 0x2a, 0x1d, 0x81, 0x2a, 0x1d,
  0x1d, 0x2a, 0x1d, 0x1d, 0x2a, 0x1d, 0x1d, 0x2a, 0x1d, 0xab, 0x2a, 0x1d,
  0x1d, 0x2a, 0x1d, 0x47, 0x2a, 0x1d, 0x1d, 0x2a, 0x1d, 0x47, 0x2a, 0x1d,
  0x1d, 0x2a, 0x1d, 0x47, 0x2a, 0x1d, 0x1d, 0x2a, 0x1d, 0x47, 0x2a, 0x1d,
  0x1d, 0x2a, 0x1d, 0x00, 0x00, 0x1a, 0x00, 0x00, 0x00, 0x00, 0x01, 0xf4,
  0x03, 0xe8, 0x00, 0x07, 0x00, 0x0f, 0x00, 0x17, 0x00, 0x1f, 0x00, 0x27,
  0x00, 0x2f, 0x00, 0x37, 0x00, 0x3f, 0x00, 0x47, 0x00, 0x4f, 0x00, 0x57,
  0x00, 0x5f, 0x00, 0x67, 0x00, 0x6f, 0x00, 0x77, 0x00, 0x7f, 0x00, 0x87,
  0x00, 0x8f, 0x00, 0x97, 0x00, 0x9f, 0x00, 0xa7, 0x00, 0xaf, 0x00, 0xb7,
  0x00, 0xbf, 0x00, 0xc7, 0x00, 0xcf, 0x00, 0x00, 0x3c, 0x01, 0x36, 0x32,
  0x16, 0x14, 0x06, 0x22, 0x36, 0x34, 0x36, 0x32, 0x16, 0x14, 0x06, 0x22,
  0x26, 0x34, 0x36, 0x32, 0x16, 0x14, 0x06, 0x22, 0x26, 0x34, 0x36, 0x32,
  0x16, 0x14, 0x06, 0x22, 0x26, 0x34, 0x36, 0x32, 0x16, 0x14, 0x06, 0x22,
  0x36, 0x34, 0x36, 0x32, 0x16, 0x14, 0x06, 0x22, 0x26, 0x34, 0x36, 0x32,
  0x16, 0x14, 0x06, 0x22, 0x26, 0x34, 0x36, 0x32, 0x16, 0x14, 0x06, 0x22,
  0x26, 0x34, 0x36, 0x32, 0x16, 0x14, 0x06, 0x22, 0x36, 0x34, 0x36, 0x32,
  0x16, 0x14, 0x06, 0x22, 0x26, 0x34, 0x36, 0x32, 0x16, 0x14, 0x06, 0x22,
  0x26, 0x34, 0x36, 0x32, 0x16, 0x14, 0x06, 0x22, 0x26, 0x34, 0x36, 0x32,
  0x16, 0x14, 0x06, 0x22, 0x36, 0x34, 0x36, 0x32, 0x16, 0x14, 0x06, 0x22,
  0x26, 0x34, 0x36, 0x32, 0x16, 0x14, 0x06, 0x22, 0x36, 0x34, 0x36, 0x32,
  0x16, 0x14, 0x06, 0x22, 0x26, 0x34, 0x36, 0x32, 0x16, 0x14, 0x06, 0x22,
  0x36, 0x34, 0x36, 0x32, 0x16, 0x14, 0x06, 0x22, 0x26, 0x34, 0x36, 0x32,
  0x16, 0x14, 0x06, 0x22, 0x36, 0x34, 0x36, 0x32, 0x16, 0x14, 0x06, 0x22,
  0x36, 0x34, 0x36, 0x32, 0x16, 0x14, 0x06, 0x22, 0x36, 0x34, 0x36, 0x32,
  0x16, 0x14, 0x06, 0x22, 0x06, 0x34, 0x36, 0x32, 0x16, 0x14, 0x06, 0x22,
  0x26, 0x34, 0x36, 0x32, 0x16, 0x14, 0x06, 0x22, 0x06, 0x34, 0x36, 0x32,
  0x16, 0x14, 0x06, 0x22, 0x36, 0x34, 0x36, 0x32, 0x16, 0x14, 0x06, 0x22,
  0x1d, 0x2a, 0x1d, 0x1d, 0x2a, 0x47, 0x1d, 0x2a, 0x1d, 0x1d, 0x2a, 0x1d,
  0x1d, 0x2a, 0x1d, 0x1d, 0x2a, 0x81, 0x1d, 0x2a, 0x1d, 0x1d, 0x2a, 0x1d,
  0x1d, 0x2a, 0x1d, 0x1d, 0x2a, 0x47, 0x1d, 0x2a, 0x1d, 0x1d, 0x2a, 0x1d,
  0x1d, 0x2a, 0x1d, 0x1d, 0x2a, 0x81, 0x1d, 0x2a, 0x1d, 0x1d, 0x2a, 0x1d,
  0x1d, 0x2a, 0x1d, 0x1d, 0x2a, 0x47, 0x1d, 0x2a, 0x1d, 0x1d, 0x2a, 0x1d,
  0x1d, 0x2a, 0x1d, 0x1d, 0x2a, 0x81, 0x1d, 0x2a, 0x1d, 0x1d, 0x2a, 0x1d,
  0x1d, 0x2a, 0x1d, 0x1d, 0x2a, 0x47, 0x1d, 0x2a, 0x1d, 0x1d, 0x2a, 0x81,
  0x1d, 0x2a, 0x1d, 0x1d, 0x2a, 0x47, 0x1d, 0x2a, 0x1d, 0x1d, 0x2a, 0x81,
  0x1d, 0x2a, 0x1d, 0x1d, 0x2a, 0x47, 0x1d, 0x2a, 0x1d, 0x1d, 0x2a, 0x81,
  0x1d, 0x2a, 0x1d, 0x1d, 0x2a, 0x47, 0x1d, 0x2a, 0x1d, 0x1d, 0x2a, 0xab,
  0x1d, 0x2a, 0x1d, 0x1d, 0x2a, 0x47, 0x1d, 0x2a, 0x1d, 0x1d, 0x2a, 0x81,
  0x1d, 0x2a, 0x1d, 0x1d, 0x2a, 0x81, 0x1d, 0x2a, 0x1d, 0x1d, 0x2a, 0x1d,
  0x1d, 0x2a, 0x1d, 0x1d, 0x2a, 0xab, 0x1d, 0x2a, 0x1d, 0x1d, 0x2a, 0x1d,
  0x2a, 0x1d, 0x1d, 0x2a, 0x1d, 0x1d, 0x2a, 0x1d, 0x1d, 0x2a, 0x1d, 0x81,
  0x2a, 0x1d, 0x1d, 0x2a, 0x1d, 0x1d, 0x2a, 0x1d, 0x1d, 0x2a, 0x1d, 0x81,
  0x2a, 0x1d, 0x1d, 0x2a, 0x1d, 0x1d, 0x2a, 0x1d, 0x1d, 0x2a, 0x1d, 0x81,
  0x2a, 0x1d, 0x1d, 0x2a, 0x1d, 0x1d, 0x2a, 0x1d, 0x1d, 0x2a, 0x1d, 0x81,
  0x2a, 0x1d, 0x1d, 0x2a, 0x1d, 0x1d, 0x2a, 0x1d, 0x1d, 0x2a, 0x1d, 0x81,
  0x2a, 0x1d, 0x1d, 0x2a, 0x1d, 0x1d, 0x2a, 0x1d, 0x1d, 0x2a, 0x1d, 0x81,
  0x2a, 0x1d, 0x1d, 0x2a, 0x1d, 0x1d, 0x2a, 0x1d, 0x1d, 0x2a, 0x1d, 0x81,
  0x2a, 0x1d, 0x1d, 0x2a, 0x1d, 0x1d, 0x2a, 0x1d, 0x1d, 0x2a, 0x1d, 0x81,
  0x2a, 0x1d, 0x1d, 0x2a, 0x1d, 0x1d, 0x2a, 0x1d, 0x1d, 0x2a, 0x1d, 0x81,
  0x2a, 0x1d, 0x1d, 0x2a, 0x1d, 0x1d, 0x2a, 0x1d, 0x1d, 0x2a, 0x1d, 0x1d,
  0x2a, 0x1d, 0x1d, 0x2a, 0x1d, 0x1d, 0x2a, 0x1d, 0x1d, 0x2a, 0x1d, 0x47,
  0x2a, 0x1d, 0x1d, 0x2a, 0x1d, 0x1d, 0x2a, 0x1d, 0x1d, 0x2a, 0x1d, 0x47,
  0x2a, 0x1d, 0x1d, 0x2a, 0x1d, 0x81, 0x2a, 0x1d, 0x1d, 0x2a, 0x1d, 0x00,
  0x00, 0x36, 0x00, 0x00, 0x00, 0x00, 0x03, 0x20, 0x03, 0xe8, 0x00, 0x07,
  0x00, 0x0f, 0x00, 0x17, 0x00, 0x1f, 0x00, 0x27, 0x00, 0x2f, 0x00, 0x37,
  0x00, 0x3f, 0x00, 0x47, 0x00, 0x4f, 0x00, 0x57, 0x00, 0x5f, 0x00, 0x67,
  0x00, 0x6f, 0x00, 0x77, 0x00, 0x7f, 0x00, 0x87, 0x00, 0x8f, 0x00, 0x97,
  0x00, 0x9f, 0x00, 0xa7, 0x00, 0xaf, 0x00, 0xb7, 0x00, 0xbf, 0x00, 0xc7,
  0x00, 0xcf, 0x00, 0xd7, 0x00, 0xdf, 0x00, 0xe7, 0x00, 0xef, 0x00, 0xf7,
  0x00, 0xff, 0x01, 0x07, 0x01, 0x0f, 0x01, 0x17, 0x01, 0x1f, 0x01, 0x27,
  0x01, 0x2f, 0x01, 0x37, 0x01, 0x3f, 0x01, 0x47, 0x01, 0x4f, 0x01, 0x57,
  0x01, 0x5f, 0x01, 0x67, 0x01, 0x6f, 0x01, 0x77, 0x01, 0x7f, 0x01, 0x87,
  0x01, 0x8f, 0x01, 0x97, 0x01, 0x9f, 0x01, 0xa7, 0x01, 0xaf, 0x00, 0x00,
  0x3c, 0x01, 0x36, 0x32, 0x16, 0x14, 0x06, 0x22, 0x26, 0x34, 0x36, 0x32,
  0x16, 0x14, 0x06, 0x22, 0x36, 0x34, 0x36, 0x32, 0x16, 0x14, 0x06, 0x22,
  0x06, 0x34, 0x36, 0x32, 0x16, 0x14, 0x06, 0x22, 0x36, 0x34, 0x36, 0x32,
  0x16, 0x14, 0x06, 0x22, 0x36, 0x34, 0x36, 0x32, 0x16, 0x14, 0x06, 0x22,
  0x36, 0x34, 0x36, 0x32, 0x16, 0x14, 0x06, 0x22, 0x16, 0x34, 0x36, 0x32,
  0x16, 0x14, 0x06, 0x22, 0x26, 0x34, 0x36, 0x32, 0x16, 0x14, 0x06, 0x22,
  0x36, 0x34, 0x36, 0x32, 0x16, 0x14, 0x06, 0x22, 0x26, 0x34, 0x36, 0x32,
  0x16, 0x14, 0x06, 0x22, 0x36, 0x34, 0x36, 0x32, 0x16, 0x14, 0x06, 0x22,
  0x26, 0x34, 0x36, 0x32, 0x16, 0x14, 0x06, 0x22, 0x36, 0x34, 0x36, 0x32,
  0x16, 0x14, 0x06, 0x22, 0x26, 0x34, 0x36, 0x32, 0x16, 0x14, 0x06, 0x22,
  0x36, 0x34, 0x36, 0x32, 0x16, 0x14, 0x06, 0x22, 0x26, 0x34, 0x36, 0x32,
  0x16, 0x14, 0x06, 0x22, 0x36, 0x34, 0x36, 0x32, 0x16, 0x14, 0x06, 0x22,
  0x24, 0x34, 0x36, 0x32, 0x16, 0x14, 0x06, 0x22, 0x36, 0x34, 0x36, 0x32,
  0x16, 0x14, 0x06, 0x22, 0x24, 0x34, 0x36, 0x32, 0x16, 0x14, 0x06, 0x22,
  0x26, 0x34, 0x36, 0x32, 0x16, 0x14, 0x06, 0x22, 0x26, 0x34, 0x36, 0x32,
  0x16, 0x14, 0x06, 0x22, 0x06, 0x34, 0x36, 0x32, 0x16, 0x14, 0x06, 0x22,
  0x26, 0x34, 0x36, 0x32, 0x16, 0x14, 0x06, 0x22, 0x26, 0x34, 0x36, 0x32,
  0x16, 0x14, 0x06, 0x22, 0x36, 0x34, 0x36, 0x32, 0x16, 0x14, 0x06, 0x22,
  0x26, 0x34, 0x36, 0x32, 0x16, 0x14, 0x06, 0x22, 0x26, 0x34, 0x36, 0x32,
  0x16, 0x14, 0x06, 0x22, 0x26, 0x34, 0x36, 0x32, 0x16, 0x14, 0x06, 0x22,
  0x36, 0x34, 0x36, 0x32, 0x16, 0x14, 0x06, 0x22, 0x26, 0x34, 0x36, 0x32,
  0x16, 0x14, 0x06, 0x22, 0x36, 0x34, 0x36, 0x32, 0x16, 0x14, 0x06, 0x22,
  0x36, 0x34, 0x36, 0x32, 0x16, 0x14, 0x06, 0x22, 0x36, 0x34, 0x36, 0x32,
  0x16, 0x14, 0x06, 0x22, 0x36, 0x34, 0x36, 0x32, 0x16, 0x14, 0x06, 0x22,
  0x36, 0x34, 0x36, 0x32, 0x16, 0x14, 0x06, 0x22, 0x06, 0x34, 0x36, 0x32,
  0x16, 0x14, 0x06, 0x22, 0x06, 0x34, 0x36, 0x32, 0x16, 0x14, 0x06, 0x22,
  0x36, 0x34, 0x36, 0x32, 0x16, 0x14, 0x06, 0x22, 0x26, 0x34, 0x36, 0x32,
  0x16, 0x14, 0x06, 0x22, 0x26, 0x34, 0x36, 0x32, 0x16, 0x14, 0x06, 0x22,
  0x26, 0x34, 0x36, 0x32, 0x16, 0x14, 0x06, 0x22, 0x26, 0x34, 0x36, 0x32,
  0x16, 0x14, 0x06, 0x22, 0x26, 0x34, 0x36, 0x32, 0x16, 0x14, 0x06, 0x22,
  0x12, 0x34, 0x36, 0x32, 0x16, 0x14, 0x06, 0x22, 0x36, 0x34, 0x36, 0x32,
  0x16, 0x14, 0x06, 0x22, 0x36, 0x34, 0x36, 0x32, 0x16, 0x14, 0x06, 0x22,
  0x24, 0x34, 0x36, 0x32, 0x16, 0x14, 0x06, 0x22, 0x36, 0x34, 0x36, 0x32,
  0x16, 0x14, 0x06, 0x22, 0x02, 0x34, 0x36, 0x32, 0x16, 0x14, 0x06, 0x22,
  0x36, 0x34, 0x36, 0x32, 0x16, 0x14, 0x06, 0x22, 0x26, 0x34, 0x36, 0x32,
  0x16, 0x14, 0x06, 0x22, 0x24, 0x34, 0x36, 0x32, 0x16, 0x14, 0x06, 0x22,
  0x1d, 0x2a, 0x1d, 0x1d, 0x2a, 0x1d, 0x1d, 0x2a, 0x1d, 0x1d, 0x2a, 0x47,
  0x1d, 0x2a, 0x1d, 0x1d, 0x2a, 0x1d, 0x1d, 0x2a, 0x1d, 0x1d, 0x2a, 0x47,
  0x1d, 0x2a, 0x1d, 0x1d, 0x2a, 0x47, 0x1d, 0x2a, 0x1d, 0x1d, 0x2a, 0x47,
  0x1d, 0x2a, 0x1d, 0x1d, 0x2a, 0x47, 0x1d, 0x2a, 0x1d, 0x1d, 0x2a, 0x81,
  0x1d, 0x2a, 0x1d, 0x1d, 0x2a, 0xab, 0x1d, 0x2a, 0x1d, 0x1d, 0x2a, 0x1d,
  0x1d, 0x2a, 0x1d, 0x1d, 0x2a, 0x47, 0x1d, 0x2a, 0x1d, 0x1d, 0x2a, 0x81,
  0x1d, 0x2a, 0x1d, 0x1d, 0x2a, 0x47, 0x1d, 0x2a, 0x1d, 0x1d, 0x2a, 0x81,
  0x1d, 0x2a, 0x1d, 0x1d, 0x2a, 0x47, 0x1d, 0x2a, 0x1d, 0x1d, 0x2a, 0x81,
  0x1d, 0x2a, 0x1d, 0x1d, 0x2a, 0x47, 0x1d, 0x2a, 0x1d, 0x1d, 0x2a, 0xfe,
  0xb7, 0x1d, 0x2a, 0x1d, 0x1d, 0x2a, 0x47, 0x1d, 0x2a, 0x1d, 0x1d, 0x2a,
  0xfe, 0xb7, 0x1d, 0x2a, 0x1d, 0x1d, 0x2a, 0x1d, 0x1d, 0x2a, 0x1d, 0x1d,
  0x2a, 0x81, 0x1d, 0x2a, 0x1d, 0x1d, 0x2a, 0x1d, 0x1d, 0x2a, 0x1d, 0x1d,
  0x2a, 0x81, 0x1d, 0x2a, 0x1d, 0x1d, 0x2a, 0x1d, 0x1d, 0x2a, 0x1d, 0x1d,
  0x2a, 0x47, 0x1d, 0x2a, 0x1d, 0x1d, 0x2a, 0x1d, 0x1d, 0x2a, 0x1d, 0x1d,
  0x2a, 0x81, 0x1d, 0x2a, 0x1d, 0x1d, 0x2a, 0x1d, 0x1d, 0x2a, 0x1d, 0x1d,
  0x2a, 0x47, 0x1d, 0x2a, 0x1d, 0x1d, 0x2a, 0x1d, 0x1d, 0x2a, 0x1d, 0x1d,
  0x2a, 0x47, 0x1d, 0x2a, 0x1d, 0x1d, 0x2a, 0x47, 0x1d, 0x2a, 0x1d, 0x1d,
  0x2a, 0x47, 0x1d, 0x2a, 0x1d, 0x1d, 0x2a, 0x47, 0x1d, 0x2a, 0x1d, 0x1d,
  0x2a, 0x47, 0x1d, 0x2a, 0x1d, 0x1d, 0x2a, 0x1d, 0x1d, 0x2a, 0x1d, 0x1d,
  0x2a, 0x1d, 0x1d, 0x2a, 0x1d, 0x1d, 0x2a, 0x47, 0x1d, 0x2a, 0x1d, 0x1d,
  0x2a, 0x1d, 0x1d, 0x2a, 0x1d, 0x1d, 0x2a, 0xe5, 0x1d, 0x2a, 0x1d, 0x1d,
  0x2a, 0x81, 0x1d, 0x2a, 0x1d, 0x1d, 0x2a, 0x81, 0x1d, 0x2a, 0x1d, 0x1d,
  0x2a, 0x81, 0x1d, 0x2a, 0x1d, 0x1d, 0x2a, 0x47, 0x1d, 0x2a, 0x1d, 0x1d,
  0x2a, 0xab, 0x1d, 0x2a, 0x1d, 0x1d, 0x2a, 0x47, 0x1d, 0x2a, 0x1d, 0x1d,
  0x2a, 0xfe, 0xb7, 0x1d, 0x2a, 0x1d, 0x1d, 0x2a, 0x47, 0x1d, 0x2a, 0x1d,
  0x1d, 0x2a, 0xe5, 0x1d, 0x2a, 0x1d, 0x1d, 0x2a, 0x47, 0x1d, 0x2a, 0x1d,
  0x1d, 0x2a, 0xe5, 0x1d, 0x2a, 0x1d, 0x1d, 0x2a, 0x01, 0x73, 0x1d, 0x2a,
  0x1d, 0x1d, 0x2a, 0x81, 0x2a, 0x1d, 0x1d, 0x2a, 0x1d, 0x81, 0x2a, 0x1d,
  0x1d, 0x2a, 0x1d, 0x1d, 0x2a, 0x1d, 0x1d, 0x2a, 0x1d, 0x47, 0x2a, 0x1d,
  0x1d, 0x2a, 0x1d, 0x1d, 0x2a, 0x1d, 0x1d, 0x2a, 0x1d, 0x1d, 0x2a, 0x1d,
  0x1d, 0x2a, 0x1d, 0x1d, 0x2a, 0x1d, 0x1d, 0x2a, 0x1d, 0x47, 0x2a, 0x1d,
  0x1d, 0x2a, 0x1d, 0x1d, 0x2a, 0x1d, 0x1d, 0x2a, 0x1d, 0x1d, 0x2a, 0x1d,
  0x1d, 0x2a, 0x1d, 0x81, 0x2a, 0x1d, 0x1d, 0x2a, 0x1d, 0x1d, 0x2a, 0x1d,
  0x1d, 0x2a, 0x1d, 0x81, 0x2a, 0x1d, 0x1d, 0x2a, 0x1d, 0x1d, 0x2a, 0x1d,
  0x1d, 0x2a, 0x1d, 0x81, 0x2a, 0x1d, 0x1d, 0x2a, 0x1d, 0x1d, 0x2a, 0x1d,
  0x1d, 0x2a, 0x1d, 0x81, 0x2a, 0x1d, 0x1d, 0x2a, 0x1d, 0x1d, 0x2a, 0x1d,
  0x1d, 0x2a, 0x1d, 0x1d, 0x2a, 0x1d, 0x1d, 0x2a, 0x1d, 0x1d, 0x2a, 0x1d,
  0x1d, 0x2a, 0x1d, 0x1d, 0x2a, 0x1d, 0x1d, 0x2a, 0x1d, 0x81, 0x2a, 0x1d,
  0x1d, 0x2a, 0x1d, 0x1d, 0x2a, 0x1d, 0x1d, 0x2a, 0x1d, 0x47, 0x2a, 0x1d,
  0x1d, 0x2a, 0x1d, 0x81, 0x2a, 0x1d, 0x1d, 0x2a, 0x1d, 0x81, 0x2a, 0x1d,
  0x1d, 0x2a, 0x1d, 0x1d, 0x2a, 0x1d, 0x1d, 0x2a, 0x1d, 0x81, 0x2a, 0x1d,
  0x1d, 0x2a, 0x1d, 0x1d, 0x2a, 0x1d, 0x1d, 0x2a, 0x1d, 0x81, 0x2a, 0x1d,
  0x1d, 0x2a, 0x1d, 0x1d, 0x2a, 0x1d, 0x1d, 0x2a, 0x1d, 0x81, 0x2a, 0x1d,
  0x1d, 0x2a, 0x1d, 0x1d, 0x2a, 0x1d, 0x1d, 0x2a, 0x1d, 0x1d, 0x2a, 0x1d,
  0x1d, 0x2a, 0x1d, 0x1d, 0x2a, 0x1d, 0x1d, 0x2a, 0x1d, 0x1d, 0x2a, 0x1d,
  0x1d, 0x2a, 0x1d, 0x1d, 0x2a, 0x1d, 0x1d, 0x2a, 0x1d, 0x47, 0x2a, 0x1d,
  0x1d, 0x2a, 0x1d, 0x47, 0x2a, 0x1d, 0x1d, 0x2a, 0x1d, 0x1d, 0x2a, 0x1d,
  0x1d, 0x2a, 0x1d, 0x81, 0x2a, 0x1d, 0x1d, 0x2a, 0x1d, 0x1d, 0x2a, 0x1d,
  0x1d, 0x2a, 0x1d, 0x1d, 0x2a, 0x1d, 0x1d, 0x2a, 0x1d, 0x1d, 0x2a, 0x1d,
  0x1d, 0x2a, 0x1d, 0x1d, 0x2a, 0x1d, 0x1d, 0x2a, 0x1d, 0xfe, 0x8d, 0x2a,
  0x1d, 0x1d, 0x2a, 0x1d, 0x81, 0x2a, 0x1d, 0x1d, 0x2a, 0x1d, 0x1d, 0x2a,
  0x1d, 0x1d, 0x2a, 0x1d, 0x1d, 0x2a, 0x1d, 0x1d, 0x2a, 0x1d, 0x1d, 0x2a,
  0x1d, 0x1d, 0x2a, 0x1d, 0xfe, 0x29, 0x2a, 0x1d, 0x1d, 0x2a, 0x1d, 0x1d,
  0x2a, 0x1d, 0x1d, 0x2a, 0x1d, 0x1d, 0x2a, 0x1d, 0x1d, 0x2a, 0x1d, 0x81,
  0x2a, 0x1d, 0x1d, 0x2a, 0x1d, 0x00, 0x00, 0x00, 0x00, 0x25, 0x00, 0x00,
  0x00, 0x00, 0x02, 0x58, 0x05, 0x14, 0x00, 0x07, 0x00, 0x0f, 0x00, 0x17,
  0x00, 0x1f, 0x00, 0x27, 0x00, 0x2f, 0x00, 0x37, 0x00, 0x3f, 0x00, 0x47,
  0x00, 0x4f, 0x00, 0x57, 0x00, 0x5f, 0x00, 0x67, 0x00, 0x6f, 0x00, 0x77,
  0x00, 0x7f, 0x00, 0x87, 0x00, 0x8f, 0x00, 0x97, 0x00, 0x9f, 0x00, 0xa7,
  0x00, 0xaf, 0x00, 0xb7, 0x00, 0xbf, 0x00, 0xc7, 0x00, 0xcf, 0x00, 0xd7,
  0x00, 0xdf, 0x00, 0xe7, 0x00, 0xef, 0x00, 0xf7, 0x00, 0xff, 0x01, 0x07,
  0x01, 0x0f, 0x01, 0x17, 0x01, 0x1f, 0x01, 0x27, 0x00, 0x00, 0x12, 0x34,
  0x36, 0x32, 0x16, 0x14, 0x06, 0x22, 0x26, 0x34, 0x36, 0x32, 0x16, 0x14,
  0x06, 0x22, 0x26, 0x34, 0x36, 0x32, 0x16, 0x14, 0x06, 0x22, 0x26, 0x34,
  0x36, 0x32, 0x16, 0x14, 0x06, 0x22, 0x36, 0x34, 0x36, 0x32, 0x16, 0x14,
  0x06, 0x22, 0x06, 0x34, 0x36, 0x32, 0x16, 0x14, 0x06, 0x22, 0x06, 0x34,
  0x36, 0x32, 0x16, 0x14, 0x06, 0x22, 0x06, 0x34, 0x36, 0x32, 0x16, 0x14,
  0x06, 0x22, 0x06, 0x34, 0x36, 0x32, 0x16, 0x14, 0x06, 0x22, 0x26, 0x34,
  0x36, 0x32, 0x16, 0x14, 0x06, 0x22, 0x06, 0x34, 0x36, 0x32, 0x16, 0x14,
  0x06, 0x22, 0x26, 0x34, 0x36, 0x32, 0x16, 0x14, 0x06, 0x22, 0x06, 0x34,
  0x36, 0x32, 0x16, 0x14, 0x06, 0x22, 0x16, 0x34, 0x36, 0x32, 0x16, 0x14,
  0x06, 0x22, 0x36, 0x34, 0x36, 0x32, 0x16, 0x14, 0x06, 0x22, 0x26, 0x34,
  0x36, 0x32, 0x16, 0x14, 0x06, 0x22, 0x36, 0x34, 0x36, 0x32, 0x16, 0x14,
  0x06, 0x22, 0x06, 0x34, 0x36, 0x32, 0x16, 0x14, 0x06, 0x22, 0x36, 0x34,
  0x36, 0x32, 0x16, 0x14, 0x06, 0x22, 0x06, 0x34, 0x36, 0x32, 0x16, 0x14,
  0x06, 0x22, 0x02, 0x34, 0x36, 0x32, 0x16, 0x14, 0x06, 0x22, 0x06, 0x34,
  0x36, 0x32, 0x16, 0x14, 0x06, 0x22, 0x26, 0x34, 0x36, 0x32, 0x16, 0x14,
  0x06, 0x22, 0x26, 0x34, 0x36, 0x32, 0x16, 0x14, 0x06, 0x22, 0x06, 0x34,
  0x36, 0x32, 0x16, 0x14, 0x06, 0x22, 0x06, 0x34, 0x36, 0x32, 0x16, 0x14,
  0x06, 0x22, 0x36, 0x34, 0x36, 0x32, 0x16, 0x14, 0x06, 0x22, 0x26, 0x34,
  0x36, 0x32, 0x16, 0x14, 0x06, 0x22, 0x06, 0x34, 0x36, 0x32, 0x16, 0x14,
  0x06, 0x22, 0x36, 0x34, 0x36, 0x32, 0x16, 0x14, 0x06, 0x22, 0x36, 0x34,
  0x36, 0x32, 0x16, 0x14, 0x06, 0x22, 0x06, 0x34, 0x36, 0x32, 0x16, 0x14,
  0x06, 0x22, 0x36, 0x34, 0x36, 0x32, 0x16, 0x14, 0x06, 0x22, 0x36, 0x34,
  0x36, 0x32, 0x16, 0x14, 0x06, 0x22, 0x26, 0x34, 0x36, 0x32, 0x16, 0x14,
  0x06, 0x22, 0x26, 0x34, 0x36, 0x32, 0x16, 0x14, 0x06, 0x22, 0x06, 0x34,
  0x36, 0x32, 0x16, 0x14, 0x06, 0x22, 0x64, 0x1d, 0x2a, 0x1d, 0x1d, 0x2a,
  0x1d, 0x1d, 0x2a, 0x1d, 0x1d, 0x2a, 0x1d, 0x1d, 0x2a, 0x1d, 0x1d, 0x2a,
  0x1d, 0x1d, 0x2a, 0x1d, 0x1d, 0x2a, 0x47, 0x1d, 0x2a, 0x1d, 0x1d, 0x2a,
  0x1d, 0x1d, 0x2a, 0x1d, 0x1d, 0x2a, 0x1d, 0x1d, 0x2a, 0x1d, 0x1d, 0x2a,
  0x1d, 0x1d, 0x2a, 0x1d, 0x1d, 0x2a, 0x1d, 0x1d, 0x2a, 0x1d, 0x1d, 0x2a,
  0x81, 0x1d, 0x2a, 0x1d, 0x1d, 0x2a, 0x1d, 0x1d, 0x2a, 0x1d, 0x1d, 0x2a,
  0x81, 0x1d, 0x2a, 0x1d, 0x1d, 0x2a, 0x1d, 0x1d, 0x2a, 0x1d, 0x1d, 0x2a,
  0x47, 0x1d, 0x2a, 0x1d, 0x1d, 0x2a, 0x47, 0x1d, 0x2a, 0x1d, 0x1d, 0x2a,
  0x1d, 0x1d, 0x2a, 0x1d, 0x1d, 0x2a, 0x47, 0x1d, 0x2a, 0x1d, 0x1d, 0x2a,
  0x1d, 0x1d, 0x2a, 0x1d, 0x1d, 0x2a, 0x47, 0x1d, 0x2a, 0x1d, 0x1d, 0x2a,
  0x1d, 0x1d, 0x2a, 0x1d, 0x1d, 0x2a, 0xe5, 0x1d, 0x2a, 0x1d, 0x1d, 0x2a,
  0x1d, 0x1d, 0x2a, 0x1d, 0x1d, 0x2a, 0x81, 0x1d, 0x2a, 0x1d, 0x1d, 0x2a,
  0x1d, 0x1d, 0x2a, 0x1d, 0x1d, 0x2a, 0x1d, 0x1d, 0x2a, 0x1d, 0x1d, 0x2a,
  0x1d, 0x1d, 0x2a, 0x1d, 0x1d, 0x2a, 0x47, 0x1d, 0x2a, 0x1d, 0x1d, 0x2a,
  0x1d, 0x1d, 0x2a, 0x1d, 0x1d, 0x2a, 0x81, 0x1d, 0x2a, 0x1d, 0x1d, 0x2a,
  0x47, 0x1d, 0x2a, 0x1d, 0x1d, 0x2a, 0x47, 0x1d, 0x2a, 0x1d, 0x1d, 0x2a,
  0x1d, 0x1d, 0x2a, 0x1d, 0x1d, 0x2a, 0x47, 0x1d, 0x2a, 0x1d, 0x1d, 0x2a,
  0x47, 0x1d, 0x2a, 0x1d, 0x1d, 0x2a, 0x1d, 0x1d, 0x2a, 0x1d, 0x1d, 0x2a,
  0x81, 0x1d, 0x2a, 0x1d, 0x1d, 0x2a, 0xe5, 0x1d, 0x2a, 0x1d, 0x1d, 0x2a,
  0x03, 0xa1, 0x2a, 0x1d, 0x1d, 0x2a, 0x1d, 0x81, 0x2a, 0x1d, 0x1d, 0x2a,
  0x1d, 0x81, 0x2a, 0x1d, 0x1d, 0x2a, 0x1d, 0x81, 0x2a, 0x1d, 0x1d, 0x2a,
  0x1d, 0x1d, 0x2a, 0x1d, 0x1d, 0x2a, 0x1d, 0x47, 0x2a, 0x1d, 0x1d, 0x2a,
  0x1d, 0x47, 0x2a, 0x1d, 0x1d, 0x2a, 0x1d, 0x47, 0x2a, 0x1d, 0x1d, 0x2a,
  0x1d, 0x47, 0x2a, 0x1d, 0x1d, 0x2a, 0x1d, 0x1d, 0x2a, 0x1d, 0x1d, 0x2a,
  0x1d, 0x47, 0x2a, 0x1d, 0x1d, 0x2a, 0x1d, 0xe5, 0x2a, 0x1d, 0x1d, 0x2a,
  0x1d, 0x47, 0x2a, 0x1d, 0x1d, 0x2a, 0x1d, 0xab, 0x2a, 0x1d, 0x1d, 0x2a,
  0x1d, 0x1d, 0x2a, 0x1d, 0x1d, 0x2a, 0x1d, 0x81, 0x2a, 0x1d, 0x1d, 0x2a,
  0x1d, 0xe5, 0x2a, 0x1d, 0x1d, 0x2a, 0x1d, 0x47, 0x2a, 0x1d, 0x1d, 0x2a,
  0x1d, 0x81, 0x2a, 0x1d, 0x1d, 0x2a, 0x1d, 0x47, 0x2a, 0x1d, 0x1d, 0x2a,
  0x1d, 0xfe, 0xf1, 0x2a, 0x1d, 0x1d, 0x2a, 0x1d, 0x47, 0x2a, 0x1d, 0x1d,
  0x2a, 0x1d, 0x1d, 0x2a, 0x1d, 0x1d, 0x2a, 0x1d, 0x81, 0x2a, 0x1d, 0x1d,
  0x2a, 0x1d, 0xab, 0x2a, 0x1d, 0x1d, 0x2a, 0x1d, 0x47, 0x2a, 0x1d, 0x1d,
  0x2a, 0x1d, 0x1d, 0x2a, 0x1d, 0x1d, 0x2a, 0x1d, 0x81, 0x2a, 0x1d, 0x1d,
  0x2a, 0x1d, 0xab, 0x2a, 0x1d, 0x1d, 0x2a, 0x1d, 0x1d, 0x2a, 0x1d, 0x1d,
  0x2a, 0x1d, 0x1d, 0x2a, 0x1d, 0x1d, 0x2a, 0x1d, 0x47, 0x2a, 0x1d, 0x1d,
  0x2a, 0x1d, 0x1d, 0x2a, 0x1d, 0x1d, 0x2a, 0x1d, 0x1d, 0x2a, 0x1d, 0x1d,
  0x2a, 0x1d, 0x81, 0x2a, 0x1d, 0x1d, 0x2a, 0x1d, 0x1d, 0x2a, 0x1d, 0x1d,
  0x2a, 0x1d, 0x47, 0x2a, 0x1d, 0x1d, 0x2a, 0x1d, 0x00, 0x2e, 0x00, 0x00,
  0x00, 0x00, 0x03, 0x84, 0x03, 0xe8, 0x00, 0x07, 0x00, 0x0f, 0x00, 0x17,
  0x00, 0x1f, 0x00, 0x27, 0x00, 0x2f, 0x00, 0x37, 0x00, 0x3f, 0x00, 0x47,
  0x00, 0x4f, 0x00, 0x57, 0x00, 0x5f, 0x00, 0x67, 0x00, 0x6f, 0x00, 0x77,
  0x00, 0x7f, 0x00, 0x87, 0x00, 0x8f, 0x00, 0x97, 0x00, 0x9f, 0x00, 0xa7,
  0x00, 0xaf, 0x00, 0xb7, 0x00, 0xbf, 0x00, 0xc7, 0x00, 0xcf, 0x00, 0xd7,
  0x00, 0xdf, 0x00, 0xe7, 0x00, 0xef, 0x00, 0xf7, 0x00, 0xff, 0x01, 0x07,
  0x01, 0x0f, 0x01, 0x17, 0x01, 0x1f, 0x01, 0x27, 0x01, 0x2f, 0x01, 0x37,
  0x01, 0x3f, 0x01, 0x47, 0x01, 0x4f, 0x01, 0x57, 0x01, 0x5f, 0x01, 0x67,
  0x01, 0x6f, 0x00, 0x00, 0x3c, 0x01, 0x36, 0x32, 0x16, 0x14, 0x06, 0x22,
  0x16, 0x34, 0x36, 0x32, 0x16, 0x14, 0x06, 0x22, 0x16, 0x34, 0x36, 0x32,
  0x16, 0x14, 0x06, 0x22, 0x36, 0x34, 0x36, 0x32, 0x16, 0x14, 0x06, 0x22,
  0x36, 0x34, 0x36, 0x32, 0x16, 0x14, 0x06, 0x22, 0x36, 0x34, 0x36, 0x32,
  0x16, 0x14, 0x06, 0x22, 0x36, 0x34, 0x36, 0x32, 0x16, 0x14, 0x06, 0x22,
  0x26, 0x34, 0x36, 0x32, 0x16, 0x14, 0x06, 0x22, 0x26, 0x34, 0x36, 0x32,
  0x16, 0x14, 0x06, 0x22, 0x26, 0x34, 0x36, 0x32, 0x16, 0x14, 0x06, 0x22,
  0x26, 0x34, 0x36, 0x32, 0x16, 0x14, 0x06, 0x22, 0x26, 0x34, 0x36, 0x32,
  0x16, 0x14, 0x06, 0x22, 0x26, 0x34, 0x36, 0x32, 0x16, 0x14, 0x06, 0x22,
  0x26, 0x34, 0x36, 0x32, 0x16, 0x14, 0x06, 0x22, 0x26, 0x34, 0x36, 0x32,
  0x16, 0x14, 0x06, 0x22, 0x26, 0x34, 0x36, 0x32, 0x16, 0x14, 0x06, 0x22,
  0x36, 0x34, 0x36, 0x32, 0x16, 0x14, 0x06, 0x22, 0x06, 0x34, 0x36, 0x32,
  0x16, 0x14, 0x06, 0x22, 0x06, 0x34, 0x36, 0x32, 0x16, 0x14, 0x06, 0x22,
  0x04, 0x34, 0x36, 0x32, 0x16, 0x14, 0x06, 0x22, 0x36, 0x34, 0x36, 0x32,
  0x16, 0x14, 0x06, 0x22, 0x26, 0x34, 0x36, 0x32, 0x16, 0x14, 0x06, 0x22,
  0x24, 0x34, 0x36, 0x32, 0x16, 0x14, 0x06, 0x22, 0x24, 0x34, 0x36, 0x32,
  0x16, 0x14, 0x06, 0x22, 0x36, 0x34, 0x36, 0x32, 0x16, 0x14, 0x06, 0x22,
  0x26, 0x34, 0x36, 0x32, 0x16, 0x14, 0x06, 0x22, 0x26, 0x34, 0x36, 0x32,
  0x16, 0x14, 0x06, 0x22, 0x26, 0x34, 0x36, 0x32, 0x16, 0x14, 0x06, 0x22,
  0x26, 0x34, 0x36, 0x32, 0x16, 0x14, 0x06, 0x22, 0x26, 0x34, 0x36, 0x32,
  0x16, 0x14, 0x06, 0x22, 0x26, 0x34, 0x36, 0x32, 0x16, 0x14, 0x06, 0x22,
  0x36, 0x34, 0x36, 0x32, 0x16, 0x14, 0x06, 0x22, 0x06, 0x34, 0x36, 0x32,
  0x16, 0x14, 0x06, 0x22, 0x06, 0x34, 0x36, 0x32, 0x16, 0x14, 0x06, 0x22,
  0x06, 0x34, 0x36, 0x32, 0x16, 0x14, 0x06, 0x22, 0x06, 0x34, 0x36, 0x32,
  0x16, 0x14, 0x06, 0x22, 0x06, 0x34, 0x36, 0x32, 0x16, 0x14, 0x06, 0x22,
  0x24, 0x34, 0x36, 0x32, 0x16, 0x14, 0x06, 0x22, 0x26, 0x34, 0x36, 0x32,
  0x16, 0x14, 0x06, 0x22, 0x26, 0x34, 0x36, 0x32, 0x16, 0x14, 0x06, 0x22,
  0x26, 0x34, 0x36, 0x32, 0x16, 0x14, 0x06, 0x22, 0x36, 0x34, 0x36, 0x32,
  0x16, 0x14, 0x06, 0x22, 0x06, 0x34, 0x36, 0x32, 0x16, 0x14, 0x06, 0x22,
  0x06, 0x34, 0x36, 0x32, 0x16, 0x14, 0x06, 0x22, 0x06, 0x34, 0x36, 0x32,
  0x16, 0x14, 0x06, 0x22, 0x00, 0x34, 0x36, 0x32, 0x16, 0x14, 0x06, 0x22,
  0x1d, 0x2a, 0x1d, 0x1d, 0x2a, 0x47, 0x1d, 0x2a, 0x1d, 0x1d, 0x2a, 0x47,
  0x1d, 0x2a, 0x1d, 0x1d, 0x2a, 0x47, 0x1d, 0x2a, 0x1d, 0x1d, 0x2a, 0x47,
  0x1d, 0x2a, 0x1d, 0x1d, 0x2a, 0x47, 0x1d, 0x2a, 0x1d, 0x1d, 0x2a, 0x47,
  0x1d, 0x2a, 0x1d, 0x1d, 0x2a, 0x1d, 0x1d, 0x2a, 0x1d, 0x1d, 0x2a, 0x81,
  0x1d, 0x2a, 0x1d, 0x1d, 0x2a, 0x81, 0x1d, 0x2a, 0x1d, 0x1d, 0x2a, 0x81,
  0x1d, 0x2a, 0x1d, 0x1d, 0x2a, 0x81, 0x1d, 0x2a, 0x1d, 0x1d, 0x2a, 0x81,
  0x1d, 0x2a, 0x1d, 0x1d, 0x2a, 0x81, 0x1d, 0x2a, 0x1d, 0x1d, 0x2a, 0x1d,
  0x1d, 0x2a, 0x1d, 0x1d, 0x2a, 0x1d, 0x1d, 0x2a, 0x1d, 0x1d, 0x2a, 0x47,
  0x1d, 0x2a, 0x1d, 0x1d, 0x2a, 0x1d, 0x1d, 0x2a, 0x1d, 0x1d, 0x2a, 0x1d,
  0x1d, 0x2a, 0x1d, 0x1d, 0x2a, 0x02, 0x3b, 0x1d, 0x2a, 0x1d, 0x1d, 0x2a,
  0x47, 0x1d, 0x2a, 0x1d, 0x1d, 0x2a, 0x81, 0x1d, 0x2a, 0x1d, 0x1d, 0x2a,
  0xfd, 0xef, 0x1d, 0x2a, 0x1d, 0x1d, 0x2a, 0x01, 0x73, 0x1d, 0x2a, 0x1d,
  0x1d, 0x2a, 0x47, 0x1d, 0x2a, 0x1d, 0x1d, 0x2a, 0x1d, 0x1d, 0x2a, 0x1d,
  0x1d, 0x2a, 0x1d, 0x1d, 0x2a, 0x1d, 0x1d, 0x2a, 0x1d, 0x1d, 0x2a, 0x1d,
  0x1d, 0x2a, 0x1d, 0x1d, 0x2a, 0x1d, 0x1d, 0x2a, 0x1d, 0x1d, 0x2a, 0x1d,
  0x1d, 0x2a, 0x1d, 0x1d, 0x2a, 0x1d, 0x1d, 0x2a, 0x47, 0x1d, 0x2a, 0x1d,
  0x1d, 0x2a, 0x1d, 0x1d, 0x2a, 0x1d, 0x1d, 0x2a, 0x1d, 0x1d, 0x2a, 0x1d,
  0x1d, 0x2a, 0x1d, 0x1d, 0x2a, 0x1d, 0x1d, 0x2a, 0x1d, 0x1d, 0x2a, 0x1d,
  0x1d, 0x2a, 0x1d, 0x1d, 0x2a, 0x1d, 0x1d, 0x2a, 0xfc, 0xc3, 0x1d, 0x2a,
  0x1d, 0x1d, 0x2a, 0x1d, 0x1d, 0x2a, 0x1d, 0x1d, 0x2a, 0x1d, 0x1d, 0x2a,
  0x1d, 0x1d, 0x2a, 0x1d, 0x1d, 0x2a, 0x1d, 0x1d, 0x2a, 0x47, 0x1d, 0x2a,
  0x1d, 0x1d, 0x2a, 0x1d, 0x1d, 0x2a, 0x1d, 0x1d, 0x2a, 0x1d, 0x1d, 0x2a,
  0x1d, 0x1d, 0x2a, 0x1d, 0x1d, 0x2a, 0x1d, 0x1d, 0x2a, 0x02, 0x9f, 0x1d,
  0x2a, 0x1d, 0x1d, 0x2a, 0xe5, 0x2a, 0x1d, 0x1d, 0x2a, 0x1d, 0x47, 0x2a,
  0x1d, 0x1d, 0x2a, 0x1d, 0x47, 0x2a, 0x1d, 0x1d, 0x2a, 0x1d, 0x1d, 0x2a,
  0x1d, 0x1d, 0x2a, 0x1d, 0x1d, 0x2a, 0x1d, 0x1d, 0x2a, 0x1d, 0x1d, 0x2a,
  0x1d, 0x1d, 0x2a, 0x1d, 0x1d, 0x2a, 0x1d, 0x1d, 0x2a, 0x1d, 0x81, 0x2a,
  0x1d, 0x1d, 0x2a, 0x1d, 0x1d, 0x2a, 0x1d, 0x1d, 0x2a, 0x1d, 0x1d, 0x2a,
  0x1d, 0x1d, 0x2a, 0x1d, 0x1d, 0x2a, 0x1d, 0x1d, 0x2a, 0x1d, 0x1d, 0x2a,
  0x1d, 0x1d, 0x2a, 0x1d, 0x81, 0x2a, 0x1d, 0x1d, 0x2a, 0x1d, 0x81, 0x2a,
  0x1d, 0x1d, 0x2a, 0x1d, 0x81, 0x2a, 0x1d, 0x1d, 0x2a, 0x1d, 0x81, 0x2a,
  0x1d, 0x1d, 0x2a, 0x1d, 0x1d, 0x2a, 0x1d, 0x1d, 0x2a, 0x1d, 0x47, 0x2a,
  0x1d, 0x1d, 0x2a, 0x1d, 0x47, 0x2a, 0x1d, 0x1d, 0x2a, 0x1d, 0xab, 0x2a,
  0x1d, 0x1d, 0x2a, 0x1d, 0x81, 0x2a, 0x1d, 0x1d, 0x2a, 0x1d, 0x1d, 0x2a,
  0x1d, 0x1d, 0x2a, 0x1d, 0x1d, 0x2a, 0x1d, 0x1d, 0x2a, 0x1d, 0x1d, 0x2a,
  0x1d, 0x1d, 0x2a, 0x1d, 0x81, 0x2a, 0x1d, 0x1d, 0x2a, 0x1d, 0x81, 0x2a,
  0x1d, 0x1d, 0x2a, 0x1d, 0x81, 0x2a, 0x1d, 0x1d, 0x2a, 0x1d, 0x81, 0x2a,
  0x1d, 0x1d, 0x2a, 0x1d, 0x81, 0x2a, 0x1d, 0x1d, 0x2a, 0x1d, 0x81, 0x2a,
  0x1d, 0x1d, 0x2a, 0x1d, 0x81, 0x2a, 0x1d, 0x1d, 0x2a, 0x1d, 0x1d, 0x2a,
  0x1d, 0x1d, 0x2a, 0x1d, 0x47, 0x2a, 0x1d, 0x1d, 0x2a, 0x1d, 0x47, 0x2a,
  0x1d, 0x1d, 0x2a, 0x1d, 0x47, 0x2a, 0x1d, 0x1d, 0x2a, 0x1d, 0x47, 0x2a,
  0x1d, 0x1d, 0x2a, 0x1d, 0x47, 0x2a, 0x1d, 0x1d, 0x2a, 0x1d, 0xe5, 0x2a,
  0x1d, 0x1d, 0x2a, 0x1d, 0x81, 0x2a, 0x1d, 0x1d, 0x2a, 0x1d, 0x81, 0x2a,
  0x1d, 0x1d, 0x2a, 0x1d, 0x81, 0x2a, 0x1d, 0x1d, 0x2a, 0x1d, 0x1d, 0x2a,
  0x1d, 0x1d, 0x2a, 0x1d, 0x47, 0x2a, 0x1d, 0x1d, 0x2a, 0x1d, 0x47, 0x2a,
  0x1d, 0x1d, 0x2a, 0x1d, 0x47, 0x2a, 0x1d, 0x1d, 0x2a, 0x1d, 0xfe, 0xf1,
  0x2a, 0x1d, 0x1d, 0x2a, 0x1d, 0x00, 0x00, 0x00, 0x00, 0x26, 0x00, 0x00,
  0x00, 0x00, 0x03, 0x84, 0x03, 0xe8, 0x00, 0x07, 0x00, 0x0f, 0x00, 0x17,
  0x00, 0x1f, 0x00, 0x27, 0x00, 0x2f, 0x00, 0x37, 0x00, 0x3f, 0x00, 0x47,
  0x00, 0x4f, 0x00, 0x57, 0x00, 0x5f, 0x00, 0x67, 0x00, 0x6f, 0x00, 0x77,
  0x00, 0x7f, 0x00, 0x87, 0x00, 0x8f, 0x00, 0x97, 0x00, 0x9f, 0x00, 0xa7,
  0x00, 0xaf, 0x00, 0xb7, 0x00, 0xbf, 0x00, 0xc7, 0x00, 0xcf, 0x00, 0xd7,
  0x00, 0xdf, 0x00, 0xe7, 0x00, 0xef, 0x00, 0xf7, 0x00, 0xff, 0x01, 0x07,
  0x01, 0x0f, 0x01, 0x17, 0x01, 0x1f, 0x01, 0x27, 0x01, 0x2f, 0x00, 0x00,
  0x24, 0x34, 0x36, 0x32, 0x16, 0x14, 0x06, 0x22, 0x06, 0x34, 0x36, 0x32,
  0x16, 0x14, 0x06, 0x22, 0x36, 0x34, 0x36, 0x32, 0x16, 0x14, 0x06, 0x22,
  0x26, 0x34, 0x36, 0x32, 0x16, 0x14, 0x06, 0x22, 0x16, 0x34, 0x36, 0x32,
  0x16, 0x14, 0x06, 0x22, 0x26, 0x34, 0x36, 0x32, 0x16, 0x14, 0x06, 0x22,
  0x26, 0x34, 0x36, 0x32, 0x16, 0x14, 0x06, 0x22, 0x36, 0x34, 0x36, 0x32,
  0x16, 0x14, 0x06, 0x22, 0x26, 0x34, 0x36, 0x32, 0x16, 0x14, 0x06, 0x22,
  0x26, 0x34, 0x36, 0x32, 0x16, 0x14, 0x06, 0x22, 0x26, 0x34, 0x36, 0x32,
  0x16, 0x14, 0x06, 0x22, 0x36, 0x34, 0x36, 0x32, 0x16, 0x14, 0x06, 0x22,
  0x04, 0x34, 0x36, 0x32, 0x16, 0x14, 0x06, 0x22, 0x36, 0x34, 0x36, 0x32,
  0x16, 0x14, 0x06, 0x22, 0x26, 0x34, 0x36, 0x32, 0x16, 0x14, 0x06, 0x22,
  0x26, 0x34, 0x36, 0x32, 0x16, 0x14, 0x06, 0x22, 0x26, 0x34, 0x36, 0x32,
  0x16, 0x14, 0x06, 0x22, 0x36, 0x34, 0x36, 0x32, 0x16, 0x14, 0x06, 0x22,
  0x26, 0x34, 0x36, 0x32, 0x16, 0x14, 0x06, 0x22, 0x36, 0x34, 0x36, 0x32,
  0x16, 0x14, 0x06, 0x22, 0x26, 0x34, 0x36, 0x32, 0x16, 0x14, 0x06, 0x22,
  0x26, 0x34, 0x36, 0x32, 0x16, 0x14, 0x06, 0x22, 0x26, 0x34, 0x36, 0x32,
  0x16, 0x14, 0x06, 0x22, 0x36, 0x34, 0x36, 0x32, 0x16, 0x14, 0x06, 0x22,
  0x04, 0x34, 0x36, 0x32, 0x16, 0x14, 0x06, 0x22, 0x36, 0x34, 0x36, 0x32,
  0x16, 0x14, 0x06, 0x22, 0x26, 0x34, 0x36, 0x32, 0x16, 0x14, 0x06, 0x22,
  0x26, 0x34, 0x36, 0x32, 0x16, 0x14, 0x06, 0x22, 0x26, 0x34, 0x36, 0x32,
  0x16, 0x14, 0x06, 0x22, 0x36, 0x34, 0x36, 0x32, 0x16, 0x14, 0x06, 0x22,
  0x26, 0x34, 0x36, 0x32, 0x16, 0x14, 0x06, 0x22, 0x26, 0x34, 0x36, 0x32,
  0x16, 0x14, 0x06, 0x22, 0x36, 0x34, 0x36, 0x32, 0x16, 0x14, 0x06, 0x22,
  0x06, 0x34, 0x36, 0x32, 0x16, 0x14, 0x06, 0x22, 0x24, 0x34, 0x36, 0x32,
  0x16, 0x14, 0x06, 0x22, 0x26, 0x34, 0x36, 0x32, 0x16, 0x14, 0x06, 0x22,
  0x36, 0x34, 0x36, 0x32, 0x16, 0x14, 0x06, 0x22, 0x06, 0x34, 0x36, 0x32,
  0x16, 0x14, 0x06, 0x22, 0x01, 0x2c, 0x1d, 0x2a, 0x1d, 0x1d, 0x2a, 0x1d,
  0x1d, 0x2a, 0x1d, 0x1d, 0x2a, 0x47, 0x1d, 0x2a, 0x1d, 0x1d, 0x2a, 0x1d,
  0x1d, 0x2a, 0x1d, 0x1d, 0x2a, 0x47, 0x1d, 0x2a, 0x1d, 0x1d, 0x2a, 0x1d,
  0x1d, 0x2a, 0x1d, 0x1d, 0x2a, 0x1d, 0x1d, 0x2a, 0x1d, 0x1d, 0x2a, 0x47,
  0x1d, 0x2a, 0x1d, 0x1d, 0x2a, 0x1d, 0x1d, 0x2a, 0x1d, 0x1d, 0x2a, 0x81,
  0x1d, 0x2a, 0x1d, 0x1d, 0x2a, 0x1d, 0x1d, 0x2a, 0x1d, 0x1d, 0x2a, 0x47,
  0x1d, 0x2a, 0x1d, 0x1d, 0x2a, 0xfe, 0x53, 0x1d, 0x2a, 0x1d, 0x1d, 0x2a,
  0x47, 0x1d, 0x2a, 0x1d, 0x1d, 0x2a, 0x1d, 0x1d, 0x2a, 0x1d, 0x1d, 0x2a,
  0x81, 0x1d, 0x2a, 0x1d, 0x1d, 0x2a, 0x1d, 0x1d, 0x2a, 0x1d, 0x1d, 0x2a,
  0x47, 0x1d, 0x2a, 0x1d, 0x1d, 0x2a, 0xe5, 0x1d, 0x2a, 0x1d, 0x1d, 0x2a,
  0x47, 0x1d, 0x2a, 0x1d, 0x1d, 0x2a, 0x1d, 0x1d, 0x2a, 0x1d, 0x1d, 0x2a,
  0x81, 0x1d, 0x2a, 0x1d, 0x1d, 0x2a, 0x1d, 0x1d, 0x2a, 0x1d, 0x1d, 0x2a,
  0x47, 0x1d, 0x2a, 0x1d, 0x1d, 0x2a, 0x01, 0x73, 0x1d, 0x2a, 0x1d, 0x1d,
  0x2a, 0x47, 0x1d, 0x2a, 0x1d, 0x1d, 0x2a, 0x1d, 0x1d, 0x2a, 0x1d, 0x1d,
  0x2a, 0x81, 0x1d, 0x2a, 0x1d, 0x1d, 0x2a, 0x1d, 0x1d, 0x2a, 0x1d, 0x1d,
  0x2a, 0x47, 0x1d, 0x2a, 0x1d, 0x1d, 0x2a, 0x1d, 0x1d, 0x2a, 0x1d, 0x1d,
  0x2a, 0x1d, 0x1d, 0x2a, 0x1d, 0x1d, 0x2a, 0x47, 0x1d, 0x2a, 0x1d, 0x1d,
  0x2a, 0x1d, 0x1d, 0x2a, 0x1d, 0x1d, 0x2a, 0xfc, 0xc3, 0x1d, 0x2a, 0x1d,
  0x1d, 0x2a, 0x1d, 0x1d, 0x2a, 0x1d, 0x1d, 0x2a, 0x47, 0x1d, 0x2a, 0x1d,
  0x1d, 0x2a, 0x1d, 0x1d, 0x2a, 0x1d, 0x1d, 0x2a, 0x81, 0x2a, 0x1d, 0x1d,
  0x2a, 0x1d, 0x47, 0x2a, 0x1d, 0x1d, 0x2a, 0x1d, 0x1d, 0x2a, 0x1d, 0x1d,
  0x2a, 0x1d, 0x81, 0x2a, 0x1d, 0x1d, 0x2a, 0x1d, 0x47, 0x2a, 0x1d, 0x1d,
  0x2a, 0x1d, 0x81, 0x2a, 0x1d, 0x1d, 0x2a, 0x1d, 0x81, 0x2a, 0x1d, 0x1d,
  0x2a, 0x1d, 0x1d, 0x2a, 0x1d, 0x1d, 0x2a, 0x1d, 0x81, 0x2a, 0x1d, 0x1d,
  0x2a, 0x1d, 0x1d, 0x2a, 0x1d, 0x1d, 0x2a, 0x1d, 0x81, 0x2a, 0x1d, 0x1d,
  0x2a, 0x1d, 0x1d, 0x2a, 0x1d, 0x1d, 0x2a, 0x1d, 0xab, 0x2a, 0x1d, 0x1d,
  0x2a, 0x1d, 0x1d, 0x2a, 0x1d, 0x1d, 0x2a, 0x1d, 0x81, 0x2a, 0x1d, 0x1d,
  0x2a, 0x1d, 0x1d, 0x2a, 0x1d, 0x1d, 0x2a, 0x1d, 0x81, 0x2a, 0x1d, 0x1d,
  0x2a, 0x1d, 0x1d, 0x2a, 0x1d, 0x1d, 0x2a, 0x1d, 0x81, 0x2a, 0x1d, 0x1d,
  0x2a, 0x1d, 0x1d, 0x2a, 0x1d, 0x1d, 0x2a, 0x1d, 0x81, 0x2a, 0x1d, 0x1d,
  0x2a, 0x1d, 0x1d, 0x2a, 0x1d, 0x1d, 0x2a, 0x1d, 0x81, 0x2a, 0x1d, 0x1d,
  0x2a, 0x1d, 0x1d, 0x2a, 0x1d, 0x1d, 0x2a, 0x1d, 0xab, 0x2a, 0x1d, 0x1d,
  0x2a, 0x1d, 0x1d, 0x2a, 0x1d, 0x1d, 0x2a, 0x1d, 0x81, 0x2a, 0x1d, 0x1d,
  0x2a, 0x1d, 0x1d, 0x2a, 0x1d, 0x1d, 0x2a, 0x1d, 0x81, 0x2a, 0x1d, 0x1d,
  0x2a, 0x1d, 0x1d, 0x2a, 0x1d, 0x1d, 0x2a, 0x1d, 0x81, 0x2a, 0x1d, 0x1d,
  0x2a, 0x1d, 0x81, 0x2a, 0x1d, 0x1d, 0x2a, 0x1d, 0x1d, 0x2a, 0x1d, 0x1d,
  0x2a, 0x1d, 0x47, 0x2a, 0x1d, 0x1d, 0x2a, 0x1d, 0x1d, 0x2a, 0x1d, 0x1d,
  0x2a, 0x1d, 0x81, 0x2a, 0x1d, 0x1d, 0x2a, 0x1d, 0x1d, 0x2a, 0x1d, 0x1d,
  0x2a, 0x1d, 0x47, 0x2a, 0x1d, 0x1d, 0x2a, 0x1d, 0x00, 0x43, 0x00, 0x00,
  0x00, 0x00, 0x05, 0xdc, 0x03, 0xe8, 0x00, 0x07, 0x00, 0x0f, 0x00, 0x17,
  0x00, 0x1f, 0x00, 0x27, 0x00, 0x2f, 0x00, 0x37, 0x00, 0x3f, 0x00, 0x47,
  0x00, 0x4f, 0x00, 0x57, 0x00, 0x5f, 0x00, 0x67, 0x00, 0x6f, 0x00, 0x77,
  0x00, 0x7f, 0x00, 0x87, 0x00, 0x8f, 0x00, 0x97, 0x00, 0x9f, 0x00, 0xa7,
  0x00, 0xaf, 0x00, 0xb7, 0x00, 0xbf, 0x00, 0xc7, 0x00, 0xcf, 0x00, 0xd7,
  0x00, 0xdf, 0x00, 0xe7, 0x00, 0xef, 0x00, 0xf7, 0x00, 0xff, 0x01, 0x07,
  0x01, 0x0f, 0x01, 0x17, 0x01, 0x1f, 0x01, 0x27, 0x01, 0x2f, 0x01, 0x37,
  0x01, 0x3f, 0x01, 0x47, 0x01, 0x4f, 0x01, 0x57, 0x01, 0x5f, 0x01, 0x67,
  0x01, 0x6f, 0x01, 0x77, 0x01, 0x7f, 0x01, 0x87, 0x01, 0x8f, 0x01, 0x97,
  0x01, 0x9f, 0x01, 0xa7, 0x01, 0xaf, 0x01, 0xb7, 0x01, 0xbf, 0x01, 0xc7,
  0x01, 0xcf, 0x01, 0xd7, 0x01, 0xdf, 0x01, 0xe7, 0x01, 0xef, 0x01, 0xf7,
  0x01, 0xff, 0x02, 0x07, 0x02, 0x0f, 0x02, 0x17, 0x00, 0x00, 0x10, 0x34,
  0x36, 0x32, 0x16, 0x14, 0x06, 0x22, 0x26, 0x34, 0x36, 0x32, 0x16, 0x14,
  0x06, 0x22, 0x36, 0x34, 0x36, 0x32, 0x16, 0x14, 0x06, 0x22, 0x06, 0x34,
  0x36, 0x32, 0x16, 0x14, 0x06, 0x22, 0x06, 0x34, 0x36, 0x32, 0x16, 0x14,
  0x06, 0x22, 0x36, 0x34, 0x36, 0x32, 0x16, 0x14, 0x06, 0x22, 0x06, 0x34,
  0x36, 0x32, 0x16, 0x14, 0x06, 0x22, 0x06, 0x34, 0x36, 0x32, 0x16, 0x14,
  0x06, 0x22, 0x26, 0x34, 0x36, 0x32, 0x16, 0x14, 0x06, 0x22, 0x26, 0x34,
  0x36, 0x32, 0x16, 0x14, 0x06, 0x22, 0x16, 0x34, 0x36, 0x32, 0x16, 0x14,
  0x06, 0x22, 0x06, 0x34, 0x36, 0x32, 0x16, 0x14, 0x06, 0x22, 0x06, 0x34,
  0x36, 0x32, 0x16, 0x14, 0x06, 0x22, 0x36, 0x34, 0x36, 0x32, 0x16, 0x14,
  0x06, 0x22, 0x26, 0x34, 0x36, 0x32, 0x16, 0x14, 0x06, 0x22, 0x26, 0x34,
  0x36, 0x32, 0x16, 0x14, 0x06, 0x22, 0x02, 0x34, 0x36, 0x32, 0x16, 0x14,
  0x06, 0x22, 0x06, 0x34, 0x36, 0x32, 0x16, 0x14, 0x06, 0x22, 0x36, 0x34,
  0x36, 0x32, 0x16, 0x14, 0x06, 0x22, 0x36, 0x34, 0x36, 0x32, 0x16, 0x14,
  0x06, 0x22, 0x06, 0x34, 0x36, 0x32, 0x16, 0x14, 0x06, 0x22, 0x26, 0x34,
  0x36, 0x32, 0x16, 0x14, 0x06, 0x22, 0x36, 0x34, 0x36, 0x32, 0x16, 0x14,
  0x06, 0x22, 0x26, 0x34, 0x36, 0x32, 0x16, 0x14, 0x06, 0x22, 0x26, 0x34,
  0x36, 0x32, 0x16, 0x14, 0x06, 0x22, 0x36, 0x34, 0x36, 0x32, 0x16, 0x14,
  0x06, 0x22, 0x06, 0x34, 0x36, 0x32, 0x16, 0x14, 0x06, 0x22, 0x06, 0x34,
  0x36, 0x32, 0x16, 0x14, 0x06, 0x22, 0x36, 0x34, 0x36, 0x32, 0x16, 0x14,
  0x06, 0x22, 0x26, 0x34, 0x36, 0x32, 0x16, 0x14, 0x06, 0x22, 0x26, 0x34,
  0x36, 0x32, 0x16, 0x14, 0x06, 0x22, 0x36, 0x34, 0x36, 0x32, 0x16, 0x14,
  0x06, 0x22, 0x06, 0x34, 0x36, 0x32, 0x16, 0x14, 0x06, 0x22, 0x06, 0x34,
  0x36, 0x32, 0x16, 0x14, 0x06, 0x22, 0x06, 0x34, 0x36, 0x32, 0x16, 0x14,
  0x06, 0x22, 0x06, 0x34, 0x36, 0x32, 0x16, 0x14, 0x06, 0x22, 0x36, 0x34,
  0x36, 0x32, 0x16, 0x14, 0x06, 0x22, 0x36, 0x34, 0x36, 0x32, 0x16, 0x14,
  0x06, 0x22, 0x26, 0x34, 0x36, 0x32, 0x16, 0x14, 0x06, 0x22, 0x26, 0x34,
  0x36, 0x32, 0x16, 0x14, 0x06, 0x22, 0x36, 0x34, 0x36, 0x32, 0x16, 0x14,
  0x06, 0x22, 0x26, 0x34, 0x36, 0x32, 0x16, 0x14, 0x06, 0x22, 0x26, 0x34,
  0x36, 0x32, 0x16, 0x14, 0x06, 0x22, 0x36, 0x34, 0x36, 0x32, 0x16, 0x14,
  0x06, 0x22, 0x06, 0x34, 0x36, 0x32, 0x16, 0x14, 0x06, 0x22, 0x06, 0x34,
  0x36, 0x32, 0x16, 0x14, 0x06, 0x22, 0x02, 0x34, 0x36, 0x32, 0x16, 0x14,
  0x06, 0x22, 0x26, 0x34, 0x36, 0x32, 0x16, 0x14, 0x06, 0x22, 0x26, 0x34,
  0x36, 0x32, 0x16, 0x14, 0x06, 0x22, 0x36, 0x34, 0x36, 0x32, 0x16, 0x14,
  0x06, 0x22, 0x06, 0x34, 0x36, 0x32, 0x16, 0x14, 0x06, 0x22, 0x06, 0x34,
  0x36, 0x32, 0x16, 0x14, 0x06, 0x22, 0x02, 0x34, 0x36, 0x32, 0x16, 0x14,
  0x06, 0x22, 0x26, 0x34, 0x36, 0x32, 0x16, 0x14, 0x06, 0x22, 0x36, 0x34,
  0x36, 0x32, 0x16, 0x14, 0x06, 0x22, 0x06, 0x34, 0x36, 0x32, 0x16, 0x14,
  0x06, 0x22, 0x00, 0x34, 0x36, 0x32, 0x16, 0x14, 0x06, 0x22, 0x26, 0x34,
  0x36, 0x32, 0x16, 0x14, 0x06, 0x22, 0x26, 0x34, 0x36, 0x32, 0x16, 0x14,
  0x06, 0x22, 0x36, 0x34, 0x36, 0x32, 0x16, 0x14, 0x06, 0x22, 0x06, 0x34,
  0x36, 0x32, 0x16, 0x14, 0x06, 0x22, 0x06, 0x34, 0x36, 0x32, 0x16, 0x14,
  0x06, 0x22, 0x26, 0x34, 0x36, 0x32, 0x16, 0x14, 0x06, 0x22, 0x26, 0x34,
  0x36, 0x32, 0x16, 0x14, 0x06, 0x22, 0x26, 0x34, 0x36, 0x32, 0x16, 0x14,
  0x06, 0x22, 0x26, 0x34, 0x36, 0x32, 0x16, 0x14, 0x06, 0x22, 0x26, 0x34,
  0x36, 0x32, 0x16, 0x14, 0x06, 0x22, 0x1d, 0x2a, 0x1d, 0x1d, 0x2a, 0x1d,
  0x1d, 0x2a, 0x1d, 0x1d, 0x2a, 0x47, 0x1d, 0x2a, 0x1d, 0x1d, 0x2a, 0x1d,
  0x1d, 0x2a, 0x1d, 0x1d, 0x2a, 0x1d, 0x1d, 0x2a, 0x1d, 0x1d, 0x2a, 0x47,
  0x1d, 0x2a, 0x1d, 0x1d, 0x2a, 0x1d, 0x1d, 0x2a, 0x1d, 0x1d, 0x2a, 0x1d,
  0x1d, 0x2a, 0x1d, 0x1d, 0x2a, 0x81, 0x1d, 0x2a, 0x1d, 0x1d, 0x2a, 0x1d,
  0x1d, 0x2a, 0x1d, 0x1d, 0x2a, 0x47, 0x1d, 0x2a, 0x1d, 0x1d, 0x2a, 0x1d,
  0x1d, 0x2a, 0x1d, 0x1d, 0x2a, 0x1d, 0x1d, 0x2a, 0x1d, 0x1d, 0x2a, 0x47,
  0x1d, 0x2a, 0x1d, 0x1d, 0x2a, 0x1d, 0x1d, 0x2a, 0x1d, 0x1d, 0x2a, 0x1d,
  0x1d, 0x2a, 0x1d, 0x1d, 0x2a, 0x1d, 0x1d, 0x2a, 0x1d, 0x1d, 0x2a, 0x1d,
  0x1d, 0x2a, 0x1d, 0x1d, 0x2a, 0x47, 0x1d, 0x2a, 0x1d, 0x1d, 0x2a, 0x47,
  0x1d, 0x2a, 0x1d, 0x1d, 0x2a, 0x1d, 0x1d, 0x2a, 0x1d, 0x1d, 0x2a, 0x81,
  0x1d, 0x2a, 0x1d, 0x1d, 0x2a, 0x47, 0x1d, 0x2a, 0x1d, 0x1d, 0x2a, 0x1d,
  0x1d, 0x2a, 0x1d, 0x1d, 0x2a, 0x1d, 0x1d, 0x2a, 0x1d, 0x1d, 0x2a, 0x47,
  0x1d, 0x2a, 0x1d, 0x1d, 0x2a, 0x1d, 0x1d, 0x2a, 0x1d, 0x1d, 0x2a, 0x1d,
  0x1d, 0x2a, 0x1d, 0x1d, 0x2a, 0xab, 0x1d, 0x2a, 0x1d, 0x1d, 0x2a, 0x1d,
  0x1d, 0x2a, 0x1d, 0x1d, 0x2a, 0x1d, 0x1d, 0x2a, 0x1d, 0x1d, 0x2a, 0x47,
  0x1d, 0x2a, 0x1d, 0x1d, 0x2a, 0x1d, 0x1d, 0x2a, 0x1d, 0x1d, 0x2a, 0x1d,
  0x1d, 0x2a, 0x1d, 0x1d, 0x2a, 0x1d, 0x1d, 0x2a, 0x1d, 0x1d, 0x2a, 0x1d,
  0x1d, 0x2a, 0x1d, 0x1d, 0x2a, 0x47, 0x1d, 0x2a, 0x1d, 0x1d, 0x2a, 0x47,
  0x1d, 0x2a, 0x1d, 0x1d, 0x2a, 0x1d, 0x1d, 0x2a, 0x1d, 0x1d, 0x2a, 0x81,
  0x1d, 0x2a, 0x1d, 0x1d, 0x2a, 0x47, 0x1d, 0x2a, 0x1d, 0x1d, 0x2a, 0x1d,
  0x1d, 0x2a, 0x1d, 0x1d, 0x2a, 0x1d, 0x1d, 0x2a, 0x1d, 0x1d, 0x2a, 0x47,
  0x1d, 0x2a, 0x1d, 0x1d, 0x2a, 0x1d, 0x1d, 0x2a, 0x1d, 0x1d, 0x2a, 0x1d,
  0x1d, 0x2a, 0x1d, 0x1d, 0x2a, 0x1d, 0x1d, 0x2a, 0x1d, 0x1d, 0x2a, 0x1d,
  0x1d, 0x2a, 0x1d, 0x1d, 0x2a, 0x1d, 0x1d, 0x2a, 0x1d, 0x1d, 0x2a, 0x47,
  0x1d, 0x2a, 0x1d, 0x1d, 0x2a, 0x1d, 0x1d, 0x2a, 0x1d, 0x1d, 0x2a, 0x1d,
  0x1d, 0x2a, 0x1d, 0x1d, 0x2a, 0x1d, 0x1d, 0x2a, 0x1d, 0x1d, 0x2a, 0x1d,
  0x1d, 0x2a, 0x1d, 0x1d, 0x2a, 0x47, 0x1d, 0x2a, 0x1d, 0x1d, 0x2a, 0x1d,
  0x1d, 0x2a, 0x1d, 0x1d, 0x2a, 0xfc, 0xc3, 0x1d, 0x2a, 0x1d, 0x1d, 0x2a,
  0x1d, 0x1d, 0x2a, 0x1d, 0x1d, 0x2a, 0x1d, 0x1d, 0x2a, 0x1d, 0x1d, 0x2a,
  0xab, 0x1d, 0x2a, 0x1d, 0x1d, 0x2a, 0x1d, 0x1d, 0x2a, 0x1d, 0x1d, 0x2a,
  0x1d, 0x1d, 0x2a, 0x1d, 0x1d, 0x2a, 0x81, 0x1d, 0x2a, 0x1d, 0x1d, 0x2a,
  0x1d, 0x1d, 0x2a, 0x1d, 0x1d, 0x2a, 0x1d, 0x1d, 0x2a, 0x1d, 0x1d, 0x2a,
  0x1d, 0x1d, 0x2a, 0x1d, 0x1d, 0x2a, 0x1d, 0x1d, 0x2a, 0x1d, 0x1d, 0x2a,
  0x03, 0x3d, 0x2a, 0x1d, 0x1d, 0x2a, 0x1d, 0x81, 0x2a, 0x1d, 0x1d, 0x2a,
  0x1d, 0x1d, 0x2a, 0x1d, 0x1d, 0x2a, 0x1d, 0x47, 0x2a, 0x1d, 0x1d, 0x2a,
  0x1d, 0x47, 0x2a, 0x1d, 0x1d, 0x2a, 0x1d, 0x1d, 0x2a, 0x1d, 0x1d, 0x2a,
  0x1d, 0x47, 0x2a, 0x1d, 0x1d, 0x2a, 0x1d, 0x47, 0x2a, 0x1d, 0x1d, 0x2a,
  0x1d, 0x1d, 0x2a, 0x1d, 0x1d, 0x2a, 0x1d, 0x81, 0x2a, 0x1d, 0x1d, 0x2a,
  0x1d, 0xab, 0x2a, 0x1d, 0x1d, 0x2a, 0x1d, 0x47, 0x2a, 0x1d, 0x1d, 0x2a,
  0x1d, 0x47, 0x2a, 0x1d, 0x1d, 0x2a, 0x1d, 0x1d, 0x2a, 0x1d, 0x1d, 0x2a,
  0x1d, 0x81, 0x2a, 0x1d, 0x1d, 0x2a, 0x1d, 0x81, 0x2a, 0x1d, 0x1d, 0x2a,
  0x1d, 0xfe, 0xf1, 0x2a, 0x1d, 0x1d, 0x2a, 0x1d, 0x47, 0x2a, 0x1d, 0x1d,
  0x2a, 0x1d, 0x1d, 0x2a, 0x1d, 0x1d, 0x2a, 0x1d, 0x81, 0x2a, 0x1d, 0x1d,
  0x2a, 0x1d, 0x47, 0x2a, 0x1d, 0x1d, 0x2a, 0x1d, 0x81, 0x2a, 0x1d, 0x1d,
  0x2a, 0x1d, 0x81, 0x2a, 0x1d, 0x1d, 0x2a, 0x1d, 0x81, 0x2a, 0x1d, 0x1d,
  0x2a, 0x1d, 0x81, 0x2a, 0x1d, 0x1d, 0x2a, 0x1d, 0x1d, 0x2a, 0x1d, 0x1d,
  0x2a, 0x1d, 0x47, 0x2a, 0x1d, 0x1d, 0x2a, 0x1d, 0x47, 0x2a, 0x1d, 0x1d,
  0x2a, 0x1d, 0x1d, 0x2a, 0x1d, 0x1d, 0x2a, 0x1d, 0x81, 0x2a, 0x1d, 0x1d,
  0x2a, 0x1d, 0x81, 0x2a, 0x1d, 0x1d, 0x2a, 0x1d, 0x1d, 0x2a, 0x1d, 0x1d,
  0x2a, 0x1d, 0x47, 0x2a, 0x1d, 0x1d, 0x2a, 0x1d, 0x47, 0x2a, 0x1d, 0x1d,
  0x2a, 0x1d, 0x47, 0x2a, 0x1d, 0x1d, 0x2a, 0x1d, 0x47, 0x2a, 0x1d, 0x1d,
  0x2a, 0x1d, 0x1d, 0x2a, 0x1d, 0x1d, 0x2a, 0x1d, 0x1d, 0x2a, 0x1d, 0x1d,
  0x2a, 0x1d, 0x81, 0x2a, 0x1d, 0x1d, 0x2a, 0x1d, 0x1d, 0x2a, 0x1d, 0x1d,
  0x2a, 0x1d, 0x81, 0x2a, 0x1d, 0x1d, 0x2a, 0x1d, 0x81, 0x2a, 0x1d, 0x1d,
  0x2a, 0x1d, 0x81, 0x2a, 0x1d, 0x1d, 0x2a, 0x1d, 0x1d, 0x2a, 0x1d, 0x1d,
  0x2a, 0x1d, 0x47, 0x2a, 0x1d, 0x1d, 0x2a, 0x1d, 0x47, 0x2a, 0x1d, 0x1d,
  0x2a, 0x1d, 0x01, 0x49, 0x2a, 0x1d, 0x1d, 0x2a, 0x1d, 0x81, 0x2a, 0x1d,
  0x1d, 0x2a, 0x1d, 0x81, 0x2a, 0x1d, 0x1d, 0x2a, 0x1d, 0x1d, 0x2a, 0x1d,
  0x1d, 0x2a, 0x1d, 0x47, 0x2a, 0x1d, 0x1d, 0x2a, 0x1d, 0x47, 0x2a, 0x1d,
  0x1d, 0x2a, 0x1d, 0x01, 0x49, 0x2a, 0x1d, 0x1d, 0x2a, 0x1d, 0x81, 0x2a,
  0x1d, 0x1d, 0x2a, 0x1d, 0x1d, 0x2a, 0x1d, 0x1d, 0x2a, 0x1d, 0x47, 0x2a,
  0x1d, 0x1d, 0x2a, 0x1d, 0xfe, 0xf1, 0x2a, 0x1d, 0x1d, 0x2a, 0x1d, 0x81,
  0x2a, 0x1d, 0x1d, 0x2a, 0x1d, 0x81, 0x2a, 0x1d, 0x1d, 0x2a, 0x1d, 0x1d,
  0x2a, 0x1d, 0x1d, 0x2a, 0x1d, 0x47, 0x2a, 0x1d, 0x1d, 0x2a, 0x1d, 0x47,
  0x2a, 0x1d, 0x1d, 0x2a, 0x1d, 0x1d, 0x2a, 0x1d, 0x1d, 0x2a, 0x1d, 0x81,
  0x2a, 0x1d, 0x1d, 0x2a, 0x1d, 0x81, 0x2a, 0x1d, 0x1d, 0x2a, 0x1d, 0x81,
  0x2a, 0x1d, 0x1d, 0x2a, 0x1d, 0x81, 0x2a, 0x1d, 0x1d, 0x2a, 0x1d, 0x00,
  0x00, 0x26, 0x00, 0x00, 0x00, 0x00, 0x02, 0xbc, 0x03, 0xe8, 0x00, 0x07,
  0x00, 0x0f, 0x00, 0x17, 0x00, 0x1f, 0x00, 0x27, 0x00, 0x2f, 0x00, 0x37,
  0x00, 0x3f, 0x00, 0x47, 0x00, 0x4f, 0x00, 0x57, 0x00, 0x5f, 0x00, 0x67,
  0x00, 0x6f, 0x00, 0x77, 0x00, 0x7f, 0x00, 0x87, 0x00, 0x8f, 0x00, 0x97,
  0x00, 0x9f, 0x00, 0xa7, 0x00, 0xaf, 0x00, 0xb7, 0x00, 0xbf, 0x00, 0xc7,
  0x00, 0xcf, 0x00, 0xd7, 0x00, 0xdf, 0x00, 0xe7, 0x00, 0xef, 0x00, 0xf7,
  0x00, 0xff, 0x01, 0x07, 0x01, 0x0f, 0x01, 0x17, 0x01, 0x1f, 0x01, 0x27,
  0x01, 0x2f, 0x00, 0x00, 0x3c, 0x01, 0x36, 0x32, 0x16, 0x14, 0x06, 0x22,
  0x06, 0x34, 0x36, 0x32, 0x16, 0x14, 0x06, 0x22, 0x36, 0x34, 0x36, 0x32,
  0x16, 0x14, 0x06, 0x22, 0x06, 0x34, 0x36, 0x32, 0x16, 0x14, 0x06, 0x22,
  0x02, 0x34, 0x36, 0x32, 0x16, 0x14, 0x06, 0x22, 0x06, 0x34, 0x36, 0x32,
  0x16, 0x14, 0x06, 0x22, 0x36, 0x34, 0x36, 0x32, 0x16, 0x14, 0x06, 0x22,
  0x06, 0x34, 0x36, 0x32, 0x16, 0x14, 0x06, 0x22, 0x36, 0x34, 0x36, 0x32,
  0x16, 0x14, 0x06, 0x22, 0x06, 0x34, 0x36, 0x32, 0x16, 0x14, 0x06, 0x22,
  0x36, 0x34, 0x36, 0x32, 0x16, 0x14, 0x06, 0x22, 0x06, 0x34, 0x36, 0x32,
  0x16, 0x14, 0x06, 0x22, 0x06, 0x34, 0x36, 0x32, 0x16, 0x14, 0x06, 0x22,
  0x06, 0x34, 0x36, 0x32, 0x16, 0x14, 0x06, 0x22, 0x36, 0x34, 0x36, 0x32,
  0x16, 0x14, 0x06, 0x22, 0x06, 0x34, 0x36, 0x32, 0x16, 0x14, 0x06, 0x22,
  0x00, 0x34, 0x36, 0x32, 0x16, 0x14, 0x06, 0x22, 0x06, 0x34, 0x36, 0x32,
  0x16, 0x14, 0x06, 0x22, 0x36, 0x34, 0x36, 0x32, 0x16, 0x14, 0x06, 0x22,
  0x36, 0x34, 0x36, 0x32, 0x16, 0x14, 0x06, 0x22, 0x06, 0x34, 0x36, 0x32,
  0x16, 0x14, 0x06, 0x22, 0x26, 0x34, 0x36, 0x32, 0x16, 0x14, 0x06, 0x22,
  0x02, 0x34, 0x36, 0x32, 0x16, 0x14, 0x06, 0x22, 0x06, 0x34, 0x36, 0x32,
  0x16, 0x14, 0x06, 0x22, 0x36, 0x34, 0x36, 0x32, 0x16, 0x14, 0x06, 0x22,
  0x06, 0x34, 0x36, 0x32, 0x16, 0x14, 0x06, 0x22, 0x02, 0x34, 0x36, 0x32,
  0x16, 0x14, 0x06, 0x22, 0x06, 0x34, 0x36, 0x32, 0x16, 0x14, 0x06, 0x22,
  0x36, 0x34, 0x36, 0x32, 0x16, 0x14, 0x06, 0x22, 0x06, 0x34, 0x36, 0x32,
  0x16, 0x14, 0x06, 0x22, 0x04, 0x34, 0x36, 0x32, 0x16, 0x14, 0x06, 0x22,
  0x06, 0x34, 0x36, 0x32, 0x16, 0x14, 0x06, 0x22, 0x36, 0x34, 0x36, 0x32,
  0x16, 0x14, 0x06, 0x22, 0x06, 0x34, 0x36, 0x32, 0x16, 0x14, 0x06, 0x22,
  0x02, 0x34, 0x36, 0x32, 0x16, 0x14, 0x06, 0x22, 0x06, 0x34, 0x36, 0x32,
  0x16, 0x14, 0x06, 0x22, 0x36, 0x34, 0x36, 0x32, 0x16, 0x14, 0x06, 0x22,
  0x06, 0x34, 0x36, 0x32, 0x16, 0x14, 0x06, 0x22, 0x1d, 0x2a, 0x1d, 0x1d,
  0x2a, 0x1d, 0x1d, 0x2a, 0x1d, 0x1d, 0x2a, 0x47, 0x1d, 0x2a, 0x1d, 0x1d,
  0x2a, 0x1d, 0x1d, 0x2a, 0x1d, 0x1d, 0x2a, 0x1d, 0x1d, 0x2a, 0x1d, 0x1d,
  0x2a, 0x1d, 0x1d, 0x2a, 0x1d, 0x1d, 0x2a, 0x47, 0x1d, 0x2a, 0x1d, 0x1d,
  0x2a, 0x1d, 0x1d, 0x2a, 0x1d, 0x1d, 0x2a, 0xab, 0x1d, 0x2a, 0x1d, 0x1d,
  0x2a, 0x1d, 0x1d, 0x2a, 0x1d, 0x1d, 0x2a, 0x47, 0x1d, 0x2a, 0x1d, 0x1d,
  0x2a, 0x1d, 0x1d, 0x2a, 0x1d, 0x1d, 0x2a, 0x1d, 0x1d, 0x2a, 0x1d, 0x1d,
  0x2a, 0x1d, 0x1d, 0x2a, 0x1d, 0x1d, 0x2a, 0x47, 0x1d, 0x2a, 0x1d, 0x1d,
  0x2a, 0x1d, 0x1d, 0x2a, 0x1d, 0x1d, 0x2a, 0xfe, 0x53, 0x1d, 0x2a, 0x1d,
  0x1d, 0x2a, 0x1d, 0x1d, 0x2a, 0x1d, 0x1d, 0x2a, 0x47, 0x1d, 0x2a, 0x1d,
  0x1d, 0x2a, 0x47, 0x1d, 0x2a, 0x1d, 0x1d, 0x2a, 0x1d, 0x1d, 0x2a, 0x1d,
  0x1d, 0x2a, 0x81, 0x1d, 0x2a, 0x1d, 0x1d, 0x2a, 0xe5, 0x1d, 0x2a, 0x1d,
  0x1d, 0x2a, 0x1d, 0x1d, 0x2a, 0x1d, 0x1d, 0x2a, 0x47, 0x1d, 0x2a, 0x1d,
  0x1d, 0x2a, 0x1d, 0x1d, 0x2a, 0x1d, 0x1d, 0x2a, 0xe5, 0x1d, 0x2a, 0x1d,
  0x1d, 0x2a, 0x1d, 0x1d, 0x2a, 0x1d, 0x1d, 0x2a, 0x47, 0x1d, 0x2a, 0x1d,
  0x1d, 0x2a, 0x1d, 0x1d, 0x2a, 0x1d, 0x1d, 0x2a, 0x01, 0x0f, 0x1d, 0x2a,
  0x1d, 0x1d, 0x2a, 0x1d, 0x1d, 0x2a, 0x1d, 0x1d, 0x2a, 0x47, 0x1d, 0x2a,
  0x1d, 0x1d, 0x2a, 0x1d, 0x1d, 0x2a, 0x1d, 0x1d, 0x2a, 0x1d, 0x1d, 0x2a,
  0x1d, 0x1d, 0x2a, 0x1d, 0x1d, 0x2a, 0x1d, 0x1d, 0x2a, 0x47, 0x1d, 0x2a,
  0x1d, 0x1d, 0x2a, 0x1d, 0x1d, 0x2a, 0x1d, 0x1d, 0x2a, 0x81, 0x2a, 0x1d,
  0x1d, 0x2a, 0x1d, 0x47, 0x2a, 0x1d, 0x1d, 0x2a, 0x1d, 0x81, 0x2a, 0x1d,
  0x1d, 0x2a, 0x1d, 0x47, 0x2a, 0x1d, 0x1d, 0x2a, 0x1d, 0x01, 0x49, 0x2a,
  0x1d, 0x1d, 0x2a, 0x1d, 0x47, 0x2a, 0x1d, 0x1d, 0x2a, 0x1d, 0x81, 0x2a,
  0x1d, 0x1d, 0x2a, 0x1d, 0x47, 0x2a, 0x1d, 0x1d, 0x2a, 0x1d, 0x81, 0x2a,
  0x1d, 0x1d, 0x2a, 0x1d, 0x47, 0x2a, 0x1d, 0x1d, 0x2a, 0x1d, 0x81, 0x2a,
  0x1d, 0x1d, 0x2a, 0x1d, 0x47, 0x2a, 0x1d, 0x1d, 0x2a, 0x1d, 0x47, 0x2a,
  0x1d, 0x1d, 0x2a, 0x1d, 0x47, 0x2a, 0x1d, 0x1d, 0x2a, 0x1d, 0x81, 0x2a,
  0x1d, 0x1d, 0x2a, 0x1d, 0x47, 0x2a, 0x1d, 0x1d, 0x2a, 0x1d, 0x02, 0x11,
  0x2a, 0x1d, 0x1d, 0x2a, 0x1d, 0x47, 0x2a, 0x1d, 0x1d, 0x2a, 0x1d, 0x81,
  0x2a, 0x1d, 0x1d, 0x2a, 0x1d, 0x1d, 0x2a, 0x1d, 0x1d, 0x2a, 0x1d, 0x47,
  0x2a, 0x1d, 0x1d, 0x2a, 0x1d, 0x1d, 0x2a, 0x1d, 0x1d, 0x2a, 0x1d, 0x01,
  0x49, 0x2a, 0x1d, 0x1d, 0x2a, 0x1d, 0x47, 0x2a, 0x1d, 0x1d, 0x2a, 0x1d,
  0x81, 0x2a, 0x1d, 0x1d, 0x2a, 0x1d, 0x47, 0x2a, 0x1d, 0x1d, 0x2a, 0x1d,
  0x01, 0x49, 0x2a, 0x1d, 0x1d, 0x2a, 0x1d, 0x47, 0x2a, 0x1d, 0x1d, 0x2a,
  0x1d, 0x81, 0x2a, 0x1d, 0x1d, 0x2a, 0x1d, 0x47, 0x2a, 0x1d, 0x1d, 0x2a,
  0x1d, 0x47, 0x2a, 0x1d, 0x1d, 0x2a, 0x1d, 0x47, 0x2a, 0x1d, 0x1d, 0x2a,
  0x1d, 0x81, 0x2a, 0x1d, 0x1d, 0x2a, 0x1d, 0x47, 0x2a, 0x1d, 0x1d, 0x2a,
  0x1d, 0x01, 0x49, 0x2a, 0x1d, 0x1d, 0x2a, 0x1d, 0x47, 0x2a, 0x1d, 0x1d,
  0x2a, 0x1d, 0x81, 0x2a, 0x1d, 0x1d, 0x2a, 0x1d, 0x47, 0x2a, 0x1d, 0x1d,
  0x2a, 0x1d, 0x00, 0x00, 0x00, 0x3f, 0x00, 0x00, 0xfe, 0xd4, 0x03, 0x84,
  0x03, 0xe8, 0x00, 0x07, 0x00, 0x0f, 0x00, 0x17, 0x00, 0x1f, 0x00, 0x27,
  0x00, 0x2f, 0x00, 0x37, 0x00, 0x3f, 0x00, 0x47, 0x00, 0x4f, 0x00, 0x57,
  0x00, 0x5f, 0x00, 0x67, 0x00, 0x6f, 0x00, 0x77, 0x00, 0x7f, 0x00, 0x87,
  0x00, 0x8f, 0x00, 0x97, 0x00, 0x9f, 0x00, 0xa7, 0x00, 0xaf, 0x00, 0xb7,
  0x00, 0xbf, 0x00, 0xc7, 0x00, 0xcf, 0x00, 0xd7, 0x00, 0xdf, 0x00, 0xe7,
  0x00, 0xef, 0x00, 0xf7, 0x00, 0xff, 0x01, 0x07, 0x01, 0x0f, 0x01, 0x17,
  0x01, 0x1f, 0x01, 0x27, 0x01, 0x2f, 0x01, 0x37, 0x01, 0x3f, 0x01, 0x47,
  0x01, 0x4f, 0x01, 0x57, 0x01, 0x5f, 0x01, 0x67, 0x01, 0x6f, 0x01, 0x77,
  0x01, 0x7f, 0x01, 0x87, 0x01, 0x8f, 0x01, 0x97, 0x01, 0x9f, 0x01, 0xa7,
  0x01, 0xaf, 0x01, 0xb7, 0x01, 0xbf, 0x01, 0xc7, 0x01, 0xcf, 0x01, 0xd7,
  0x01, 0xdf, 0x01, 0xe7, 0x01, 0xef, 0x01, 0xf7, 0x00, 0x00, 0x16, 0x34,
  0x36, 0x32, 0x16, 0x14, 0x06, 0x22, 0x06, 0x34, 0x36, 0x32, 0x16, 0x14,
  0x06, 0x22, 0x16, 0x34, 0x36, 0x32, 0x16, 0x14, 0x06, 0x22, 0x36, 0x34,
  0x36, 0x32, 0x16, 0x14, 0x06, 0x22, 0x36, 0x34, 0x36, 0x32, 0x16, 0x14,
  0x06, 0x22, 0x36, 0x34, 0x36, 0x32, 0x16, 0x14, 0x06, 0x22, 0x36, 0x34,
  0x36, 0x32, 0x16, 0x14, 0x06, 0x22, 0x26, 0x34, 0x36, 0x32, 0x16, 0x14,
  0x06, 0x22, 0x26, 0x34, 0x36, 0x32, 0x16, 0x14, 0x06, 0x22, 0x26, 0x34,
  0x36, 0x32, 0x16, 0x14, 0x06, 0x22, 0x26, 0x34, 0x36, 0x32, 0x16, 0x14,
  0x06, 0x22, 0x26, 0x34, 0x36, 0x32, 0x16, 0x14, 0x06, 0x22, 0x24, 0x34,
  0x36, 0x32, 0x16, 0x14, 0x06, 0x22, 0x16, 0x34, 0x36, 0x32, 0x16, 0x14,
  0x06, 0x22, 0x26, 0x34, 0x36, 0x32, 0x16, 0x14, 0x06, 0x22, 0x36, 0x34,
  0x36, 0x32, 0x16, 0x14, 0x06, 0x22, 0x26, 0x34, 0x36, 0x32, 0x16, 0x14,
  0x06, 0x22, 0x26, 0x34, 0x36, 0x32, 0x16, 0x14, 0x06, 0x22, 0x26, 0x34,
  0x36, 0x32, 0x16, 0x14, 0x06, 0x22, 0x36, 0x34, 0x36, 0x32, 0x16, 0x14,
  0x06, 0x22, 0x24, 0x34, 0x36, 0x32, 0x16, 0x14, 0x06, 0x22, 0x26, 0x34,
  0x36, 0x32, 0x16, 0x14, 0x06, 0x22, 0x26, 0x34, 0x36, 0x32, 0x16, 0x14,
  0x06, 0x22, 0x26, 0x34, 0x36, 0x32, 0x16, 0x14, 0x06, 0x22, 0x26, 0x34,
  0x36, 0x32, 0x16, 0x14, 0x06, 0x22, 0x26, 0x34, 0x36, 0x32, 0x16, 0x14,
  0x06, 0x22, 0x26, 0x34, 0x36, 0x32, 0x16, 0x14, 0x06, 0x22, 0x36, 0x34,
  0x36, 0x32, 0x16, 0x14, 0x06, 0x22, 0x24, 0x34, 0x36, 0x32, 0x16, 0x14,
  0x06, 0x22, 0x36, 0x34, 0x36, 0x32, 0x16, 0x14, 0x06, 0x22, 0x36, 0x34,
  0x36, 0x32, 0x16, 0x14, 0x06, 0x22, 0x26, 0x34, 0x36, 0x32, 0x16, 0x14,
  0x06, 0x22, 0x26, 0x34, 0x36, 0x32, 0x16, 0x14, 0x06, 0x22, 0x26, 0x34,
  0x36, 0x32, 0x16, 0x14, 0x06, 0x22, 0x36, 0x34, 0x36, 0x32, 0x16, 0x14,
  0x06, 0x22, 0x26, 0x34, 0x36, 0x32, 0x16, 0x14, 0x06, 0x22, 0x26, 0x34,
  0x36, 0x32, 0x16, 0x14, 0x06, 0x22, 0x26, 0x34, 0x36, 0x32, 0x16, 0x14,
  0x06, 0x22, 0x26, 0x34, 0x36, 0x32, 0x16, 0x14, 0x06, 0x22, 0x36, 0x34,
  0x36, 0x32, 0x16, 0x14, 0x06, 0x22, 0x06, 0x34, 0x36, 0x32, 0x16, 0x14,
  0x06, 0x22, 0x24, 0x34, 0x36, 0x32, 0x16, 0x14, 0x06, 0x22, 0x26, 0x34,
  0x36, 0x32, 0x16, 0x14, 0x06, 0x22, 0x26, 0x34, 0x36, 0x32, 0x16, 0x14,
  0x06, 0x22, 0x36, 0x34, 0x36, 0x32, 0x16, 0x14, 0x06, 0x22, 0x06, 0x34,
  0x36, 0x32, 0x16, 0x14, 0x06, 0x22, 0x26, 0x34, 0x36, 0x32, 0x16, 0x14,
  0x06, 0x22, 0x06, 0x34, 0x36, 0x32, 0x16, 0x14, 0x06, 0x22, 0x06, 0x34,
  0x36, 0x32, 0x16, 0x14, 0x06, 0x22, 0x06, 0x34, 0x36, 0x32, 0x16, 0x14,
  0x06, 0x22, 0x36, 0x34, 0x36, 0x32, 0x16, 0x14, 0x06, 0x22, 0x26, 0x34,
  0x36, 0x32, 0x16, 0x14, 0x06, 0x22, 0x26, 0x34, 0x36, 0x32, 0x16, 0x14,
  0x06, 0x22, 0x00, 0x34, 0x36, 0x32, 0x16, 0x14, 0x06, 0x22, 0x26, 0x34,
  0x36, 0x32, 0x16, 0x14, 0x06, 0x22, 0x00, 0x34, 0x36, 0x32, 0x16, 0x14,
  0x06, 0x22, 0x36, 0x34, 0x36, 0x32, 0x16, 0x14, 0x06, 0x22, 0x36, 0x34,
  0x36, 0x32, 0x16, 0x14, 0x06, 0x22, 0x36, 0x34, 0x36, 0x32, 0x16, 0x14,
  0x06, 0x22, 0x36, 0x34, 0x36, 0x32, 0x16, 0x14, 0x06, 0x22, 0x36, 0x34,
  0x36, 0x32, 0x16, 0x14, 0x06, 0x22, 0x36, 0x34, 0x36, 0x32, 0x16, 0x14,
  0x06, 0x22, 0x00, 0x34, 0x36, 0x32, 0x16, 0x14, 0x06, 0x22, 0x64, 0x1d,
  0x2a, 0x1d, 0x1d, 0x2a, 0x1d, 0x1d, 0x2a, 0x1d, 0x1d, 0x2a, 0x47, 0x1d,
  0x2a, 0x1d, 0x1d, 0x2a, 0x47, 0x1d, 0x2a, 0x1d, 0x1d, 0x2a, 0x47, 0x1d,
  0x2a, 0x1d, 0x1d, 0x2a, 0x47, 0x1d, 0x2a, 0x1d, 0x1d, 0x2a, 0x47, 0x1d,
  0x2a, 0x1d, 0x1d, 0x2a, 0x1d, 0x1d, 0x2a, 0x1d, 0x1d, 0x2a, 0x81, 0x1d,
  0x2a, 0x1d, 0x1d, 0x2a, 0x81, 0x1d, 0x2a, 0x1d, 0x1d, 0x2a, 0x81, 0x1d,
  0x2a, 0x1d, 0x1d, 0x2a, 0x81, 0x1d, 0x2a, 0x1d, 0x1d, 0x2a, 0x01, 0x73,
  0x1d, 0x2a, 0x1d, 0x1d, 0x2a, 0x47, 0x1d, 0x2a, 0x1d, 0x1d, 0x2a, 0x1d,
  0x1d, 0x2a, 0x1d, 0x1d, 0x2a, 0x47, 0x1d, 0x2a, 0x1d, 0x1d, 0x2a, 0x1d,
  0x1d, 0x2a, 0x1d, 0x1d, 0x2a, 0x81, 0x1d, 0x2a, 0x1d, 0x1d, 0x2a, 0x1d,
  0x1d, 0x2a, 0x1d, 0x1d, 0x2a, 0x47, 0x1d, 0x2a, 0x1d, 0x1d, 0x2a, 0xfe,
  0xb7, 0x1d, 0x2a, 0x1d, 0x1d, 0x2a, 0x81, 0x1d, 0x2a, 0x1d, 0x1d, 0x2a,
  0x81, 0x1d, 0x2a, 0x1d, 0x1d, 0x2a, 0x81, 0x1d, 0x2a, 0x1d, 0x1d, 0x2a,
  0x81, 0x1d, 0x2a, 0x1d, 0x1d, 0x2a, 0x1d, 0x1d, 0x2a, 0x1d, 0x1d, 0x2a,
  0x81, 0x1d, 0x2a, 0x1d, 0x1d, 0x2a, 0xab, 0x1d, 0x2a, 0x1d, 0x1d, 0x2a,
  0x01, 0x73, 0x1d, 0x2a, 0x1d, 0x1d, 0x2a, 0x47, 0x1d, 0x2a, 0x1d, 0x1d,
  0x2a, 0x47, 0x1d, 0x2a, 0x1d, 0x1d, 0x2a, 0x1d, 0x1d, 0x2a, 0x1d, 0x1d,
  0x2a, 0x81, 0x1d, 0x2a, 0x1d, 0x1d, 0x2a, 0x1d, 0x1d, 0x2a, 0x1d, 0x1d,
  0x2a, 0x47, 0x1d, 0x2a, 0x1d, 0x1d, 0x2a, 0x1d, 0x1d, 0x2a, 0x1d, 0x1d,
  0x2a, 0x81, 0x1d, 0x2a, 0x1d, 0x1d, 0x2a, 0x1d, 0x1d, 0x2a, 0x1d, 0x1d,
  0x2a, 0x1d, 0x1d, 0x2a, 0x1d, 0x1d, 0x2a, 0x47, 0x1d, 0x2a, 0x1d, 0x1d,
  0x2a, 0x1d, 0x1d, 0x2a, 0x1d, 0x1d, 0x2a, 0xfd, 0x27, 0x1d, 0x2a, 0x1d,
  0x1d, 0x2a, 0x81, 0x1d, 0x2a, 0x1d, 0x1d, 0x2a, 0x1d, 0x1d, 0x2a, 0x1d,
  0x1d, 0x2a, 0x47, 0x1d, 0x2a, 0x1d, 0x1d, 0x2a, 0x1d, 0x1d, 0x2a, 0x1d,
  0x1d, 0x2a, 0x81, 0x1d, 0x2a, 0x1d, 0x1d, 0x2a, 0x1d, 0x1d, 0x2a, 0x1d,
  0x1d, 0x2a, 0x1d, 0x1d, 0x2a, 0x1d, 0x1d, 0x2a, 0x1d, 0x1d, 0x2a, 0x1d,
  0x1d, 0x2a, 0x47, 0x1d, 0x2a, 0x1d, 0x1d, 0x2a, 0x1d, 0x1d, 0x2a, 0x1d,
  0x1d, 0x2a, 0x1d, 0x1d, 0x2a, 0x1d, 0x1d, 0x2a, 0x02, 0x9f, 0x1d, 0x2a,
  0x1d, 0x1d, 0x2a, 0x81, 0x1d, 0x2a, 0x1d, 0x1d, 0x2a, 0xfd, 0xef, 0x1d,
  0x2a, 0x1d, 0x1d, 0x2a, 0x47, 0x1d, 0x2a, 0x1d, 0x1d, 0x2a, 0x47, 0x1d,
  0x2a, 0x1d, 0x1d, 0x2a, 0x47, 0x1d, 0x2a, 0x1d, 0x1d, 0x2a, 0x47, 0x1d,
  0x2a, 0x1d, 0x1d, 0x2a, 0x47, 0x1d, 0x2a, 0x1d, 0x1d, 0x2a, 0x47, 0x1d,
  0x2a, 0x1d, 0x1d, 0x2a, 0xfd, 0x8b, 0x1d, 0x2a, 0x1d, 0x1d, 0x2a, 0x47,
  0x2a, 0x1d, 0x1d, 0x2a, 0x1d, 0x47, 0x2a, 0x1d, 0x1d, 0x2a, 0x1d, 0x47,
  0x2a, 0x1d, 0x1d, 0x2a, 0x1d, 0x1d, 0x2a, 0x1d, 0x1d, 0x2a, 0x1d, 0x1d,
  0x2a, 0x1d, 0x1d, 0x2a, 0x1d, 0x1d, 0x2a, 0x1d, 0x1d, 0x2a, 0x1d, 0x1d,
  0x2a, 0x1d, 0x1d, 0x2a, 0x1d, 0x81, 0x2a, 0x1d, 0x1d, 0x2a, 0x1d, 0x1d,
  0x2a, 0x1d, 0x1d, 0x2a, 0x1d, 0x1d, 0x2a, 0x1d, 0x1d, 0x2a, 0x1d, 0x1d,
  0x2a, 0x1d, 0x1d, 0x2a, 0x1d, 0x1d, 0x2a, 0x1d, 0x1d, 0x2a, 0x1d, 0x81,
  0x2a, 0x1d, 0x1d, 0x2a, 0x1d, 0x47, 0x2a, 0x1d, 0x1d, 0x2a, 0x1d, 0x81,
  0x2a, 0x1d, 0x1d, 0x2a, 0x1d, 0x1d, 0x2a, 0x1d, 0x1d, 0x2a, 0x1d, 0x81,
  0x2a, 0x1d, 0x1d, 0x2a, 0x1d, 0x1d, 0x2a, 0x1d, 0x1d, 0x2a, 0x1d, 0x81,
  0x2a, 0x1d, 0x1d, 0x2a, 0x1d, 0x1d, 0x2a, 0x1d, 0x1d, 0x2a, 0x1d, 0x1d,
  0x2a, 0x1d, 0x1d, 0x2a, 0x1d, 0x1d, 0x2a, 0x1d, 0x1d, 0x2a, 0x1d, 0x1d,
  0x2a, 0x1d, 0x1d, 0x2a, 0x1d, 0x1d, 0x2a, 0x1d, 0x1d, 0x2a, 0x1d, 0x81,
  0x2a, 0x1d, 0x1d, 0x2a, 0x1d, 0x81, 0x2a, 0x1d, 0x1d, 0x2a, 0x1d, 0x1d,
  0x2a, 0x1d, 0x1d, 0x2a, 0x1d, 0x1d, 0x2a, 0x1d, 0x1d, 0x2a, 0x1d, 0x1d,
  0x2a, 0x1d, 0x1d, 0x2a, 0x1d, 0x1d, 0x2a, 0x1d, 0x1d, 0x2a, 0x1d, 0x1d,
  0x2a, 0x1d, 0x1d, 0x2a, 0x1d, 0x81, 0x2a, 0x1d, 0x1d, 0x2a, 0x1d, 0x1d,
  0x2a, 0x1d, 0x1d, 0x2a, 0x1d, 0x81, 0x2a, 0x1d, 0x1d, 0x2a, 0x1d, 0x1d,
  0x2a, 0x1d, 0x1d, 0x2a, 0x1d, 0x81, 0x2a, 0x1d, 0x1d, 0x2a, 0x1d, 0x1d,
  0x2a, 0x1d, 0x1d, 0x2a, 0x1d, 0x81, 0x2a, 0x1d, 0x1d, 0x2a, 0x1d, 0x81,
  0x2a, 0x1d, 0x1d, 0x2a, 0x1d, 0x1d, 0x2a, 0x1d, 0x1d, 0x2a, 0x1d, 0x47,
  0x2a, 0x1d, 0x1d, 0x2a, 0x1d, 0x81, 0x2a, 0x1d, 0x1d, 0x2a, 0x1d, 0x1d,
  0x2a, 0x1d, 0x1d, 0x2a, 0x1d, 0x81, 0x2a, 0x1d, 0x1d, 0x2a, 0x1d, 0x1d,
  0x2a, 0x1d, 0x1d, 0x2a, 0x1d, 0xab, 0x2a, 0x1d, 0x1d, 0x2a, 0x1d, 0x1d,
  0x2a, 0x1d, 0x1d, 0x2a, 0x1d, 0x47, 0x2a, 0x1d, 0x1d, 0x2a, 0x1d, 0x47,
  0x2a, 0x1d, 0x1d, 0x2a, 0x1d, 0x47, 0x2a, 0x1d, 0x1d, 0x2a, 0x1d, 0x1d,
  0x2a, 0x1d, 0x1d, 0x2a, 0x1d, 0x81, 0x2a, 0x1d, 0x1d, 0x2a, 0x1d, 0x81,
  0x2a, 0x1d, 0x1d, 0x2a, 0x1d, 0x01, 0x49, 0x2a, 0x1d, 0x1d, 0x2a, 0x1d,
  0x1d, 0x2a, 0x1d, 0x1d, 0x2a, 0x1d, 0xfd, 0x61, 0x2a, 0x1d, 0x1d, 0x2a,
  0x1d, 0x1d, 0x2a, 0x1d, 0x1d, 0x2a, 0x1d, 0x1d, 0x2a, 0x1d, 0x1d, 0x2a,
  0x1d, 0x1d, 0x2a, 0x1d, 0x1d, 0x2a, 0x1d, 0x1d, 0x2a, 0x1d, 0x1d, 0x2a,
  0x1d, 0x1d, 0x2a, 0x1d, 0x1d, 0x2a, 0x1d, 0x1d, 0x2a, 0x1d, 0x1d, 0x2a,
  0x1d, 0xfe, 0xf1, 0x2a, 0x1d, 0x1d, 0x2a, 0x1d, 0x00, 0x24, 0x00, 0x00,
  0x00, 0x00, 0x02, 0x58, 0x03, 0xe8, 0x00, 0x07, 0x00, 0x0f, 0x00, 0x17,
  0x00, 0x1f, 0x00, 0x27, 0x00, 0x2f, 0x00, 0x37, 0x00, 0x3f, 0x00, 0x47,
  0x00, 0x4f, 0x00, 0x57, 0x00, 0x5f, 0x00, 0x67, 0x00, 0x6f, 0x00, 0x77,
  0x00, 0x7f, 0x00, 0x87, 0x00, 0x8f, 0x00, 0x97, 0x00, 0x9f, 0x00, 0xa7,
  0x00, 0xaf, 0x00, 0xb7, 0x00, 0xbf, 0x00, 0xc7, 0x00, 0xcf, 0x00, 0xd7,
  0x00, 0xdf, 0x00, 0xe7, 0x00, 0xef, 0x00, 0xf7, 0x00, 0xff, 0x01, 0x07,
  0x01, 0x0f, 0x01, 0x17, 0x01, 0x1f, 0x00, 0x00, 0x3c, 0x01, 0x36, 0x32,
  0x16, 0x14, 0x06, 0x22, 0x26, 0x34, 0x36, 0x32, 0x16, 0x14, 0x06, 0x22,
  0x16, 0x34, 0x36, 0x32, 0x16, 0x14, 0x06, 0x22, 0x26, 0x34, 0x36, 0x32,
  0x16, 0x14, 0x06, 0x22, 0x26, 0x34, 0x36, 0x32, 0x16, 0x14, 0x06, 0x22,
  0x26, 0x34, 0x36, 0x32, 0x16, 0x14, 0x06, 0x22, 0x36, 0x34, 0x36, 0x32,
  0x16, 0x14, 0x06, 0x22, 0x26, 0x34, 0x36, 0x32, 0x16, 0x14, 0x06, 0x22,
  0x26, 0x34, 0x36, 0x32, 0x16, 0x14, 0x06, 0x22, 0x16, 0x34, 0x36, 0x32,
  0x16, 0x14, 0x06, 0x22, 0x26, 0x34, 0x36, 0x32, 0x16, 0x14, 0x06, 0x22,
  0x26, 0x34, 0x36, 0x32, 0x16, 0x14, 0x06, 0x22, 0x36, 0x34, 0x36, 0x32,
  0x16, 0x14, 0x06, 0x22, 0x26, 0x34, 0x36, 0x32, 0x16, 0x14, 0x06, 0x22,
  0x26, 0x34, 0x36, 0x32, 0x16, 0x14, 0x06, 0x22, 0x26, 0x34, 0x36, 0x32,
  0x16, 0x14, 0x06, 0x22, 0x24, 0x34, 0x36, 0x32, 0x16, 0x14, 0x06, 0x22,
  0x36, 0x34, 0x36, 0x32, 0x16, 0x14, 0x06, 0x22, 0x36, 0x34, 0x36, 0x32,
  0x16, 0x14, 0x06, 0x22, 0x36, 0x34, 0x36, 0x32, 0x16, 0x14, 0x06, 0x22,
  0x06, 0x34, 0x36, 0x32, 0x16, 0x14, 0x06, 0x22, 0x26, 0x34, 0x36, 0x32,
  0x16, 0x14, 0x06, 0x22, 0x26, 0x34, 0x36, 0x32, 0x16, 0x14, 0x06, 0x22,
  0x26, 0x34, 0x36, 0x32, 0x16, 0x14, 0x06, 0x22, 0x12, 0x34, 0x36, 0x32,
  0x16, 0x14, 0x06, 0x22, 0x36, 0x34, 0x36, 0x32, 0x16, 0x14, 0x06, 0x22,
  0x36, 0x34, 0x36, 0x32, 0x16, 0x14, 0x06, 0x22, 0x36, 0x34, 0x36, 0x32,
  0x16, 0x14, 0x06, 0x22, 0x06, 0x34, 0x36, 0x32, 0x16, 0x14, 0x06, 0x22,
  0x26, 0x34, 0x36, 0x32, 0x16, 0x14, 0x06, 0x22, 0x26, 0x34, 0x36, 0x32,
  0x16, 0x14, 0x06, 0x22, 0x26, 0x34, 0x36, 0x32, 0x16, 0x14, 0x06, 0x22,
  0x00, 0x34, 0x36, 0x32, 0x16, 0x14, 0x06, 0x22, 0x26, 0x34, 0x36, 0x32,
  0x16, 0x14, 0x06, 0x22, 0x26, 0x34, 0x36, 0x32, 0x16, 0x14, 0x06, 0x22,
  0x00, 0x34, 0x36, 0x32, 0x16, 0x14, 0x06, 0x22, 0x1d, 0x2a, 0x1d, 0x1d,
  0x2a, 0x1d, 0x1d, 0x2a, 0x1d, 0x1d, 0x2a, 0x47, 0x1d, 0x2a, 0x1d, 0x1d,
  0x2a, 0x1d, 0x1d, 0x2a, 0x1d, 0x1d, 0x2a, 0x1d, 0x1d, 0x2a, 0x1d, 0x1d,
  0x2a, 0x1d, 0x1d, 0x2a, 0x1d, 0x1d, 0x2a, 0x47, 0x1d, 0x2a, 0x1d, 0x1d,
  0x2a, 0x1d, 0x1d, 0x2a, 0x1d, 0x1d, 0x2a, 0x1d, 0x1d, 0x2a, 0x1d, 0x1d,
  0x2a, 0x47, 0x1d, 0x2a, 0x1d, 0x1d, 0x2a, 0x1d, 0x1d, 0x2a, 0x1d, 0x1d,
  0x2a, 0x1d, 0x1d, 0x2a, 0x1d, 0x1d, 0x2a, 0x47, 0x1d, 0x2a, 0x1d, 0x1d,
  0x2a, 0x1d, 0x1d, 0x2a, 0x1d, 0x1d, 0x2a, 0x1d, 0x1d, 0x2a, 0x1d, 0x1d,
  0x2a, 0x1d, 0x1d, 0x2a, 0x1d, 0x1d, 0x2a, 0xfe, 0x53, 0x1d, 0x2a, 0x1d,
  0x1d, 0x2a, 0x47, 0x1d, 0x2a, 0x1d, 0x1d, 0x2a, 0x47, 0x1d, 0x2a, 0x1d,
  0x1d, 0x2a, 0x47, 0x1d, 0x2a, 0x1d, 0x1d, 0x2a, 0x1d, 0x1d, 0x2a, 0x1d,
  0x1d, 0x2a, 0x81, 0x1d, 0x2a, 0x1d, 0x1d, 0x2a, 0x81, 0x1d, 0x2a, 0x1d,
  0x1d, 0x2a, 0x81, 0x1d, 0x2a, 0x1d, 0x1d, 0x2a, 0xab, 0x1d, 0x2a, 0x1d,
  0x1d, 0x2a, 0x47, 0x1d, 0x2a, 0x1d, 0x1d, 0x2a, 0x47, 0x1d, 0x2a, 0x1d,
  0x1d, 0x2a, 0x47, 0x1d, 0x2a, 0x1d, 0x1d, 0x2a, 0x1d, 0x1d, 0x2a, 0x1d,
  0x1d, 0x2a, 0x81, 0x1d, 0x2a, 0x1d, 0x1d, 0x2a, 0x81, 0x1d, 0x2a, 0x1d,
  0x1d, 0x2a, 0x81, 0x1d, 0x2a, 0x1d, 0x1d, 0x2a, 0x01, 0x0f, 0x1d, 0x2a,
  0x1d, 0x1d, 0x2a, 0x1d, 0x1d, 0x2a, 0x1d, 0x1d, 0x2a, 0x1d, 0x1d, 0x2a,
  0x1d, 0x1d, 0x2a, 0xfd, 0xef, 0x1d, 0x2a, 0x1d, 0x1d, 0x2a, 0x1d, 0x2a,
  0x1d, 0x1d, 0x2a, 0x1d, 0x81, 0x2a, 0x1d, 0x1d, 0x2a, 0x1d, 0x47, 0x2a,
  0x1d, 0x1d, 0x2a, 0x1d, 0x81, 0x2a, 0x1d, 0x1d, 0x2a, 0x1d, 0x81, 0x2a,
  0x1d, 0x1d, 0x2a, 0x1d, 0x81, 0x2a, 0x1d, 0x1d, 0x2a, 0x1d, 0x1d, 0x2a,
  0x1d, 0x1d, 0x2a, 0x1d, 0x81, 0x2a, 0x1d, 0x1d, 0x2a, 0x1d, 0x81, 0x2a,
  0x1d, 0x1d, 0x2a, 0x1d, 0x47, 0x2a, 0x1d, 0x1d, 0x2a, 0x1d, 0x81, 0x2a,
  0x1d, 0x1d, 0x2a, 0x1d, 0x81, 0x2a, 0x1d, 0x1d, 0x2a, 0x1d, 0x1d, 0x2a,
  0x1d, 0x1d, 0x2a, 0x1d, 0x81, 0x2a, 0x1d, 0x1d, 0x2a, 0x1d, 0x81, 0x2a,
  0x1d, 0x1d, 0x2a, 0x1d, 0x81, 0x2a, 0x1d, 0x1d, 0x2a, 0x1d, 0x1d, 0x2a,
  0x1d, 0x1d, 0x2a, 0x1d, 0x1d, 0x2a, 0x1d, 0x1d, 0x2a, 0x1d, 0x1d, 0x2a,
  0x1d, 0x1d, 0x2a, 0x1d, 0x1d, 0x2a, 0x1d, 0x1d, 0x2a, 0x1d, 0x47, 0x2a,
  0x1d, 0x1d, 0x2a, 0x1d, 0x1d, 0x2a, 0x1d, 0x1d, 0x2a, 0x1d, 0x1d, 0x2a,
  0x1d, 0x1d, 0x2a, 0x1d, 0x1d, 0x2a, 0x1d, 0x1d, 0x2a, 0x1d, 0xfd, 0x61,
  0x2a, 0x1d, 0x1d, 0x2a, 0x1d, 0x1d, 0x2a, 0x1d, 0x1d, 0x2a, 0x1d, 0x1d,
  0x2a, 0x1d, 0x1d, 0x2a, 0x1d, 0x1d, 0x2a, 0x1d, 0x1d, 0x2a, 0x1d, 0x47,
  0x2a, 0x1d, 0x1d, 0x2a, 0x1d, 0x1d, 0x2a, 0x1d, 0x1d, 0x2a, 0x1d, 0x1d,
  0x2a, 0x1d, 0x1d, 0x2a, 0x1d, 0x1d, 0x2a, 0x1d, 0x1d, 0x2a, 0x1d, 0x02,
  0xd9, 0x2a, 0x1d, 0x1d, 0x2a, 0x1d, 0x81, 0x2a, 0x1d, 0x1d, 0x2a, 0x1d,
  0x81, 0x2a, 0x1d, 0x1d, 0x2a, 0x1d, 0xfd, 0x61, 0x2a, 0x1d, 0x1d, 0x2a,
  0x1d, 0x00, 0x00, 0x00, 0x00, 0x00, 0x00, 0x12, 0x00, 0xde, 0x00, 0x01,
  0x00, 0x00, 0x00, 0x00, 0x00, 0x00, 0x00, 0x23, 0x00, 0x48, 0x00, 0x01,
  0x00, 0x00, 0x00, 0x00, 0x00, 0x01, 0x00, 0x12, 0x00, 0x92, 0x00, 0x01,
  0x00, 0x00, 0x00, 0x00, 0x00, 0x02, 0x00, 0x06, 0x00, 0xb3, 0x00, 0x01,
  0x00, 0x00, 0x00, 0x00, 0x00, 0x03, 0x00, 0x35, 0x01, 0x26, 0x00, 0x01,
  0x00, 0x00, 0x00, 0x00, 0x00, 0x04, 0x00, 0x19, 0x01, 0x90, 0x00, 0x01,
  0x00, 0x00, 0x00, 0x00, 0x00, 0x05, 0x00, 0x0f, 0x01, 0xca, 0x00, 0x01,
  0x00, 0x00, 0x00, 0x00, 0x00, 0x06, 0x00, 0x06, 0x01, 0xe8, 0x00, 0x01,
  0x00, 0x00, 0x00, 0x00, 0x00, 0x0d, 0x11, 0x37, 0x24, 0x5f, 0x00, 0x01,
  0x00, 0x00, 0x00, 0x00, 0x00, 0x0e, 0x00, 0x1a, 0x35, 0xcd, 0x00, 0x03,
  0x00, 0x01, 0x04, 0x09, 0x00, 0x00, 0x00, 0x46, 0x00, 0x00, 0x00, 0x03,
  0x00, 0x01, 0x04, 0x09, 0x00, 0x01, 0x00, 0x24, 0x00, 0x6c, 0x00, 0x03,
  0x00, 0x01, 0x04, 0x09, 0x00, 0x02, 0x00, 0x0c, 0x00, 0xa5, 0x00, 0x03,
  0x00, 0x01, 0x04, 0x09, 0x00, 0x03, 0x00, 0x6a, 0x00, 0xba, 0x00, 0x03,
  0x00, 0x01, 0x04, 0x09, 0x00, 0x04, 0x00, 0x32, 0x01, 0x5c, 0x00, 0x03,
  0x00, 0x01, 0x04, 0x09, 0x00, 0x05, 0x00, 0x1e, 0x01, 0xaa, 0x00, 0x03,
  0x00, 0x01, 0x04, 0x09, 0x00, 0x06, 0x00, 0x0c, 0x01, 0xda, 0x00, 0x03,
  0x00, 0x01, 0x04, 0x09, 0x00, 0x0d, 0x22, 0x6e, 0x01, 0xef, 0x00, 0x03,
  0x00, 0x01, 0x04, 0x09, 0x00, 0x0e, 0x00, 0x34, 0x35, 0x97, 0x00, 0x43,
  0x00, 0x6f, 0x00, 0x70, 0x00, 0x79, 0x00, 0x72, 0x00, 0x69, 0x00, 0x67,
  0x00, 0x68, 0x00, 0x74, 0x00, 0x20, 0x00, 0x28, 0x00, 0x63, 0x00, 0x29,
  0x00, 0x20, 0x00, 0x32, 0x00, 0x30, 0x00, 0x32, 0x00, 0x32, 0x00, 0x2c,
  0x00, 0x20, 0x00, 0x53, 0x00, 0x65, 0x00, 0x61, 0x00, 0x6e, 0x00, 0x20,
  0x00, 0x50, 0x00, 0x65, 0x00, 0x74, 0x00, 0x79, 0x00, 0x6b, 0x00, 0x6f,
  0x00, 0x77, 0x00, 0x73, 0x00, 0x6b, 0x00, 0x69, 0x00, 0x00, 0x43, 0x6f,
  0x70, 0x79, 0x72, 0x69, 0x67, 0x68, 0x74, 0x20, 0x28, 0x63, 0x29, 0x20,
  0x32, 0x30, 0x32, 0x32, 0x2c, 0x20, 0x53, 0x65, 0x61, 0x6e, 0x20, 0x50,
  0x65, 0x74, 0x79, 0x6b, 0x6f, 0x77, 0x73, 0x6b, 0x69, 0x00, 0x00, 0x4c,
  0x00, 0x6f, 0x00, 0x6e, 0x00, 0x64, 0x00, 0x6f, 0x00, 0x6e, 0x00, 0x20,
  0x00, 0x55, 0x00, 0x6e, 0x00, 0x64, 0x00, 0x65, 0x00, 0x72, 0x00, 0x67,
  0x00, 0x72, 0x00, 0x6f, 0x00, 0x75, 0x00, 0x6e, 0x00, 0x64, 0x00, 0x00,
  0x4c, 0x6f, 0x6e, 0x64, 0x6f, 0x6e, 0x20, 0x55, 0x6e, 0x64, 0x65, 0x72,
  0x67, 0x72, 0x6f, 0x75, 0x6e, 0x64, 0x00, 0x00, 0x4d, 0x00, 0x65, 0x00,
  0x64, 0x00, 0x69, 0x00, 0x75, 0x00, 0x6d, 0x00, 0x00, 0x4d, 0x65, 0x64,
  0x69, 0x75, 0x6d, 0x00, 0x00, 0x46, 0x00, 0x6f, 0x00, 0x6e, 0x00, 0x74,
  0x00, 0x46, 0x00, 0x6f, 0x00, 0x72, 0x00, 0x67, 0x00, 0x65, 0x00, 0x20,
  0x00, 0x32, 0x00, 0x2e, 0x00, 0x30, 0x00, 0x20, 0x00, 0x3a, 0x00, 0x20,
  0x00, 0x4c, 0x00, 0x6f, 0x00, 0x6e, 0x00, 0x64, 0x00, 0x6f, 0x00, 0x6e,
  0x00, 0x20, 0x00, 0x55, 0x00, 0x6e, 0x00, 0x64, 0x00, 0x65, 0x00, 0x72,
  0x00, 0x67, 0x00, 0x72, 0x00, 0x6f, 0x00, 0x75, 0x00, 0x6e, 0x00, 0x64,
  0x00, 0x20, 0x00, 0x4d, 0x00, 0x65, 0x00, 0x64, 0x00, 0x69, 0x00, 0x75,
  0x00, 0x6d, 0x00, 0x20, 0x00, 0x3a, 0x00, 0x20, 0x00, 0x32, 0x00, 0x33,
  0x00, 0x2d, 0x00, 0x37, 0x00, 0x2d, 0x00, 0x32, 0x00, 0x30, 0x00, 0x32,
  0x00, 0x33, 0x00, 0x00, 0x46, 0x6f, 0x6e, 0x74, 0x46, 0x6f, 0x72, 0x67,
  0x65, 0x20, 0x32, 0x2e, 0x30, 0x20, 0x3a, 0x20, 0x4c, 0x6f, 0x6e, 0x64,
  0x6f, 0x6e, 0x20, 0x55, 0x6e, 0x64, 0x65, 0x72, 0x67, 0x72, 0x6f, 0x75,
  0x6e, 0x64, 0x20, 0x4d, 0x65, 0x64, 0x69, 0x75, 0x6d, 0x20, 0x3a, 0x20,
  0x32, 0x33, 0x2d, 0x37, 0x2d, 0x32, 0x30, 0x32, 0x33, 0x00, 0x00, 0x4c,
  0x00, 0x6f, 0x00, 0x6e, 0x00, 0x64, 0x00, 0x6f, 0x00, 0x6e, 0x00, 0x20,
  0x00, 0x55, 0x00, 0x6e, 0x00, 0x64, 0x00, 0x65, 0x00, 0x72, 0x00, 0x67,
  0x00, 0x72, 0x00, 0x6f, 0x00, 0x75, 0x00, 0x6e, 0x00, 0x64, 0x00, 0x20,
  0x00, 0x4d, 0x00, 0x65, 0x00, 0x64, 0x00, 0x69, 0x00, 0x75, 0x00, 0x6d,
  0x00, 0x00, 0x4c, 0x6f, 0x6e, 0x64, 0x6f, 0x6e, 0x20, 0x55, 0x6e, 0x64,
  0x65, 0x72, 0x67, 0x72, 0x6f, 0x75, 0x6e, 0x64, 0x20, 0x4d, 0x65, 0x64,
  0x69, 0x75, 0x6d, 0x00, 0x00, 0x56, 0x00, 0x65, 0x00, 0x72, 0x00, 0x73,
  0x00, 0x69, 0x00, 0x6f, 0x00, 0x6e, 0x00, 0x20, 0x00, 0x30, 0x00, 0x30,
  0x00, 0x31, 0x00, 0x2e, 0x00, 0x30, 0x00, 0x30, 0x00, 0x30, 0x00, 0x00,
  0x56, 0x65, 0x72, 0x73, 0x69, 0x6f, 0x6e, 0x20, 0x30, 0x30, 0x31, 0x2e,
  0x30, 0x30, 0x30, 0x00, 0x00, 0x4d, 0x00, 0x65, 0x00, 0x64, 0x00, 0x69,
  0x00, 0x75, 0x00, 0x6d, 0x00, 0x00, 0x4d, 0x65, 0x64, 0x69, 0x75, 0x6d,
  0x00, 0x00, 0x43, 0x00, 0x6f, 0x00, 0x70, 0x00, 0x79, 0x00, 0x72, 0x00,
  0x69, 0x00, 0x67, 0x00, 0x68, 0x00, 0x74, 0x00, 0x20, 0x00, 0x28, 0x00,
  0x63, 0x00, 0x29, 0x00, 0x20, 0x00, 0x32, 0x00, 0x30, 0x00, 0x32, 0x00,
  0x32, 0x00, 0x2c, 0x00, 0x20, 0x00, 0x53, 0x00, 0x65, 0x00, 0x61, 0x00,
  0x6e, 0x00, 0x20, 0x00, 0x50, 0x00, 0x65, 0x00, 0x74, 0x00, 0x79, 0x00,
  0x6b, 0x00, 0x6f, 0x00, 0x77, 0x00, 0x73, 0x00, 0x6b, 0x00, 0x69, 0x00,
  0x20, 0x00, 0x28, 0x00, 0x73, 0x00, 0x70, 0x00, 0x65, 0x00, 0x74, 0x00,
  0x79, 0x00, 0x6b, 0x00, 0x6f, 0x00, 0x77, 0x00, 0x73, 0x00, 0x6b, 0x00,
  0x69, 0x00, 0x40, 0x00, 0x67, 0x00, 0x6d, 0x00, 0x61, 0x00, 0x69, 0x00,
  0x6c, 0x00, 0x2e, 0x00, 0x63, 0x00, 0x6f, 0x00, 0x6d, 0x00, 0x29, 0x00,
  0x2c, 0x00, 0x0a, 0x00, 0x77, 0x00, 0x69, 0x00, 0x74, 0x00, 0x68, 0x00,
  0x20, 0x00, 0x52, 0x00, 0x65, 0x00, 0x73, 0x00, 0x65, 0x00, 0x72, 0x00,
  0x76, 0x00, 0x65, 0x00, 0x64, 0x00, 0x20, 0x00, 0x46, 0x00, 0x6f, 0x00,
  0x6e, 0x00, 0x74, 0x00, 0x20, 0x00, 0x4e, 0x00, 0x61, 0x00, 0x6d, 0x00,
  0x65, 0x00, 0x20, 0x00, 0x4c, 0x00, 0x6f, 0x00, 0x6e, 0x00, 0x64, 0x00,
  0x6f, 0x00, 0x6e, 0x00, 0x20, 0x00, 0x55, 0x00, 0x6e, 0x00, 0x64, 0x00,
  0x65, 0x00, 0x72, 0x00, 0x67, 0x00, 0x72, 0x00, 0x6f, 0x00, 0x75, 0x00,
  0x6e, 0x00, 0x64, 0x00, 0x2e, 0x00, 0x0a, 0x00, 0x0a, 0x00, 0x54, 0x00,
  0x68, 0x00, 0x69, 0x00, 0x73, 0x00, 0x20, 0x00, 0x46, 0x00, 0x6f, 0x00,
  0x6e, 0x00, 0x74, 0x00, 0x20, 0x00, 0x53, 0x00, 0x6f, 0x00, 0x66, 0x00,
  0x74, 0x00, 0x77, 0x00, 0x61, 0x00, 0x72, 0x00, 0x65, 0x00, 0x20, 0x00,
  0x69, 0x00, 0x73, 0x00, 0x20, 0x00, 0x6c, 0x00, 0x69, 0x00, 0x63, 0x00,
  0x65, 0x00, 0x6e, 0x00, 0x73, 0x00, 0x65, 0x00, 0x64, 0x00, 0x20, 0x00,
  0x75, 0x00, 0x6e, 0x00, 0x64, 0x00, 0x65, 0x00, 0x72, 0x00, 0x20, 0x00,
  0x74, 0x00, 0x68, 0x00, 0x65, 0x00, 0x20, 0x00, 0x53, 0x00, 0x49, 0x00,
  0x4c, 0x00, 0x20, 0x00, 0x4f, 0x00, 0x70, 0x00, 0x65, 0x00, 0x6e, 0x00,
  0x20, 0x00, 0x46, 0x00, 0x6f, 0x00, 0x6e, 0x00, 0x74, 0x00, 0x20, 0x00,
  0x4c, 0x00, 0x69, 0x00, 0x63, 0x00, 0x65, 0x00, 0x6e, 0x00, 0x73, 0x00,
  0x65, 0x00, 0x2c, 0x00, 0x20, 0x00, 0x56, 0x00, 0x65, 0x00, 0x72, 0x00,
  0x73, 0x00, 0x69, 0x00, 0x6f, 0x00, 0x6e, 0x00, 0x20, 0x00, 0x31, 0x00,
  0x2e, 0x00, 0x31, 0x00, 0x2e, 0x00, 0x0a, 0x00, 0x54, 0x00, 0x68, 0x00,
  0x69, 0x00, 0x73, 0x00, 0x20, 0x00, 0x6c, 0x00, 0x69, 0x00, 0x63, 0x00,
  0x65, 0x00, 0x6e, 0x00, 0x73, 0x00, 0x65, 0x00, 0x20, 0x00, 0x69, 0x00,
  0x73, 0x00, 0x20, 0x00, 0x63, 0x00, 0x6f, 0x00, 0x70, 0x00, 0x69, 0x00,
  0x65, 0x00, 0x64, 0x00, 0x20, 0x00, 0x62, 0x00, 0x65, 0x00, 0x6c, 0x00,
  0x6f, 0x00, 0x77, 0x00, 0x2c, 0x00, 0x20, 0x00, 0x61, 0x00, 0x6e, 0x00,
  0x64, 0x00, 0x20, 0x00, 0x69, 0x00, 0x73, 0x00, 0x20, 0x00, 0x61, 0x00,
  0x6c, 0x00, 0x73, 0x00, 0x6f, 0x00, 0x20, 0x00, 0x61, 0x00, 0x76, 0x00,
  0x61, 0x00, 0x69, 0x00, 0x6c, 0x00, 0x61, 0x00, 0x62, 0x00, 0x6c, 0x00,
  0x65, 0x00, 0x20, 0x00, 0x77, 0x00, 0x69, 0x00, 0x74, 0x00, 0x68, 0x00,
  0x20, 0x00, 0x61, 0x00, 0x20, 0x00, 0x46, 0x00, 0x41, 0x00, 0x51, 0x00,
  0x20, 0x00, 0x61, 0x00, 0x74, 0x00, 0x3a, 0x00, 0x0a, 0x00, 0x68, 0x00,
  0x74, 0x00, 0x74, 0x00, 0x70, 0x00, 0x3a, 0x00, 0x2f, 0x00, 0x2f, 0x00,
  0x73, 0x00, 0x63, 0x00, 0x72, 0x00, 0x69, 0x00, 0x70, 0x00, 0x74, 0x00,
  0x73, 0x00, 0x2e, 0x00, 0x73, 0x00, 0x69, 0x00, 0x6c, 0x00, 0x2e, 0x00,
  0x6f, 0x00, 0x72, 0x00, 0x67, 0x00, 0x2f, 0x00, 0x4f, 0x00, 0x46, 0x00,
  0x4c, 0x00, 0x0a, 0x00, 0x0a, 0x00, 0x0a, 0x00, 0x2d, 0x00, 0x2d, 0x00,
  0x2d, 0x00, 0x2d, 0x00, 0x2d, 0x00, 0x2d, 0x00, 0x2d, 0x00, 0x2d, 0x00,
  0x2d, 0x00, 0x2d, 0x00, 0x2d, 0x00, 0x2d, 0x00, 0x2d, 0x00, 0x2d, 0x00,
  0x2d, 0x00, 0x2d, 0x00, 0x2d, 0x00, 0x2d, 0x00, 0x2d, 0x00, 0x2d, 0x00,
  0x2d, 0x00, 0x2d, 0x00, 0x2d, 0x00, 0x2d, 0x00, 0x2d, 0x00, 0x2d, 0x00,
  0x2d, 0x00, 0x2d, 0x00, 0x2d, 0x00, 0x2d, 0x00, 0x2d, 0x00, 0x2d, 0x00,
  0x2d, 0x00, 0x2d, 0x00, 0x2d, 0x00, 0x2d, 0x00, 0x2d, 0x00, 0x2d, 0x00,
  0x2d, 0x00, 0x2d, 0x00, 0x2d, 0x00, 0x2d, 0x00, 0x2d, 0x00, 0x2d, 0x00,
  0x2d, 0x00, 0x2d, 0x00, 0x2d, 0x00, 0x2d, 0x00, 0x2d, 0x00, 0x2d, 0x00,
  0x2d, 0x00, 0x2d, 0x00, 0x2d, 0x00, 0x2d, 0x00, 0x2d, 0x00, 0x2d, 0x00,
  0x2d, 0x00, 0x2d, 0x00, 0x2d, 0x00, 0x0a, 0x00, 0x53, 0x00, 0x49, 0x00,
  0x4c, 0x00, 0x20, 0x00, 0x4f, 0x00, 0x50, 0x00, 0x45, 0x00, 0x4e, 0x00,
  0x20, 0x00, 0x46, 0x00, 0x4f, 0x00, 0x4e, 0x00, 0x54, 0x00, 0x20, 0x00,
  0x4c, 0x00, 0x49, 0x00, 0x43, 0x00, 0x45, 0x00, 0x4e, 0x00, 0x53, 0x00,
  0x45, 0x00, 0x20, 0x00, 0x56, 0x00, 0x65, 0x00, 0x72, 0x00, 0x73, 0x00,
  0x69, 0x00, 0x6f, 0x00, 0x6e, 0x00, 0x20, 0x00, 0x31, 0x00, 0x2e, 0x00,
  0x31, 0x00, 0x20, 0x00, 0x2d, 0x00, 0x20, 0x00, 0x32, 0x00, 0x36, 0x00,
  0x20, 0x00, 0x46, 0x00, 0x65, 0x00, 0x62, 0x00, 0x72, 0x00, 0x75, 0x00,
  0x61, 0x00, 0x72, 0x00, 0x79, 0x00, 0x20, 0x00, 0x32, 0x00, 0x30, 0x00,
  0x30, 0x00, 0x37, 0x00, 0x0a, 0x00, 0x2d, 0x00, 0x2d, 0x00, 0x2d, 0x00,
  0x2d, 0x00, 0x2d, 0x00, 0x2d, 0x00, 0x2d, 0x00, 0x2d, 0x00, 0x2d, 0x00,
  0x2d, 0x00, 0x2d, 0x00, 0x2d, 0x00, 0x2d, 0x00, 0x2d, 0x00, 0x2d, 0x00,
  0x2d, 0x00, 0x2d, 0x00, 0x2d, 0x00, 0x2d, 0x00, 0x2d, 0x00, 0x2d, 0x00,
  0x2d, 0x00, 0x2d, 0x00, 0x2d, 0x00, 0x2d, 0x00, 0x2d, 0x00, 0x2d, 0x00,
  0x2d, 0x00, 0x2d, 0x00, 0x2d, 0x00, 0x2d, 0x00, 0x2d, 0x00, 0x2d, 0x00,
  0x2d, 0x00, 0x2d, 0x00, 0x2d, 0x00, 0x2d, 0x00, 0x2d, 0x00, 0x2d, 0x00,
  0x2d, 0x00, 0x2d, 0x00, 0x2d, 0x00, 0x2d, 0x00, 0x2d, 0x00, 0x2d, 0x00,
  0x2d, 0x00, 0x2d, 0x00, 0x2d, 0x00, 0x2d, 0x00, 0x2d, 0x00, 0x2d, 0x00,
  0x2d, 0x00, 0x2d, 0x00, 0x2d, 0x00, 0x2d, 0x00, 0x2d, 0x00, 0x2d, 0x00,
  0x2d, 0x00, 0x2d, 0x00, 0x0a, 0x00, 0x0a, 0x00, 0x50, 0x00, 0x52, 0x00,
  0x45, 0x00, 0x41, 0x00, 0x4d, 0x00, 0x42, 0x00, 0x4c, 0x00, 0x45, 0x00,
  0x0a, 0x00, 0x54, 0x00, 0x68, 0x00, 0x65, 0x00, 0x20, 0x00, 0x67, 0x00,
  0x6f, 0x00, 0x61, 0x00, 0x6c, 0x00, 0x73, 0x00, 0x20, 0x00, 0x6f, 0x00,
  0x66, 0x00, 0x20, 0x00, 0x74, 0x00, 0x68, 0x00, 0x65, 0x00, 0x20, 0x00,
  0x4f, 0x00, 0x70, 0x00, 0x65, 0x00, 0x6e, 0x00, 0x20, 0x00, 0x46, 0x00,
  0x6f, 0x00, 0x6e, 0x00, 0x74, 0x00, 0x20, 0x00, 0x4c, 0x00, 0x69, 0x00,
  0x63, 0x00, 0x65, 0x00, 0x6e, 0x00, 0x73, 0x00, 0x65, 0x00, 0x20, 0x00,
  0x28, 0x00, 0x4f, 0x00, 0x46, 0x00, 0x4c, 0x00, 0x29, 0x00, 0x20, 0x00,
  0x61, 0x00, 0x72, 0x00, 0x65, 0x00, 0x20, 0x00, 0x74, 0x00, 0x6f, 0x00,
  0x20, 0x00, 0x73, 0x00, 0x74, 0x00, 0x69, 0x00, 0x6d, 0x00, 0x75, 0x00,
  0x6c, 0x00, 0x61, 0x00, 0x74, 0x00, 0x65, 0x00, 0x20, 0x00, 0x77, 0x00,
  0x6f, 0x00, 0x72, 0x00, 0x6c, 0x00, 0x64, 0x00, 0x77, 0x00, 0x69, 0x00,
  0x64, 0x00, 0x65, 0x00, 0x0a, 0x00, 0x64, 0x00, 0x65, 0x00, 0x76, 0x00,
  0x65, 0x00, 0x6c, 0x00, 0x6f, 0x00, 0x70, 0x00, 0x6d, 0x00, 0x65, 0x00,
  0x6e, 0x00, 0x74, 0x00, 0x20, 0x00, 0x6f, 0x00, 0x66, 0x00, 0x20, 0x00,
  0x63, 0x00, 0x6f, 0x00, 0x6c, 0x00, 0x6c, 0x00, 0x61, 0x00, 0x62, 0x00,
  0x6f, 0x00, 0x72, 0x00, 0x61, 0x00, 0x74, 0x00, 0x69, 0x00, 0x76, 0x00,
  0x65, 0x00, 0x20, 0x00, 0x66, 0x00, 0x6f, 0x00, 0x6e, 0x00, 0x74, 0x00,
  0x20, 0x00, 0x70, 0x00, 0x72, 0x00, 0x6f, 0x00, 0x6a, 0x00, 0x65, 0x00,
  0x63, 0x00, 0x74, 0x00, 0x73, 0x00, 0x2c, 0x00, 0x20, 0x00, 0x74, 0x00,
  0x6f, 0x00, 0x20, 0x00, 0x73, 0x00, 0x75, 0x00, 0x70, 0x00, 0x70, 0x00,
  0x6f, 0x00, 0x72, 0x00, 0x74, 0x00, 0x20, 0x00, 0x74, 0x00, 0x68, 0x00,
  0x65, 0x00, 0x20, 0x00, 0x66, 0x00, 0x6f, 0x00, 0x6e, 0x00, 0x74, 0x00,
  0x20, 0x00, 0x63, 0x00, 0x72, 0x00, 0x65, 0x00, 0x61, 0x00, 0x74, 0x00,
  0x69, 0x00, 0x6f, 0x00, 0x6e, 0x00, 0x0a, 0x00, 0x65, 0x00, 0x66, 0x00,
  0x66, 0x00, 0x6f, 0x00, 0x72, 0x00, 0x74, 0x00, 0x73, 0x00, 0x20, 0x00,
  0x6f, 0x00, 0x66, 0x00, 0x20, 0x00, 0x61, 0x00, 0x63, 0x00, 0x61, 0x00,
  0x64, 0x00, 0x65, 0x00, 0x6d, 0x00, 0x69, 0x00, 0x63, 0x00, 0x20, 0x00,
  0x61, 0x00, 0x6e, 0x00, 0x64, 0x00, 0x20, 0x00, 0x6c, 0x00, 0x69, 0x00,
  0x6e, 0x00, 0x67, 0x00, 0x75, 0x00, 0x69, 0x00, 0x73, 0x00, 0x74, 0x00,
  0x69, 0x00, 0x63, 0x00, 0x20, 0x00, 0x63, 0x00, 0x6f, 0x00, 0x6d, 0x00,
  0x6d, 0x00, 0x75, 0x00, 0x6e, 0x00, 0x69, 0x00, 0x74, 0x00, 0x69, 0x00,
  0x65, 0x00, 0x73, 0x00, 0x2c, 0x00, 0x20, 0x00, 0x61, 0x00, 0x6e, 0x00,
  0x64, 0x00, 0x20, 0x00, 0x74, 0x00, 0x6f, 0x00, 0x20, 0x00, 0x70, 0x00,
  0x72, 0x00, 0x6f, 0x00, 0x76, 0x00, 0x69, 0x00, 0x64, 0x00, 0x65, 0x00,
  0x20, 0x00, 0x61, 0x00, 0x20, 0x00, 0x66, 0x00, 0x72, 0x00, 0x65, 0x00,
  0x65, 0x00, 0x20, 0x00, 0x61, 0x00, 0x6e, 0x00, 0x64, 0x00, 0x0a, 0x00,
  0x6f, 0x00, 0x70, 0x00, 0x65, 0x00, 0x6e, 0x00, 0x20, 0x00, 0x66, 0x00,
  0x72, 0x00, 0x61, 0x00, 0x6d, 0x00, 0x65, 0x00, 0x77, 0x00, 0x6f, 0x00,
  0x72, 0x00, 0x6b, 0x00, 0x20, 0x00, 0x69, 0x00, 0x6e, 0x00, 0x20, 0x00,
  0x77, 0x00, 0x68, 0x00, 0x69, 0x00, 0x63, 0x00, 0x68, 0x00, 0x20, 0x00,
  0x66, 0x00, 0x6f, 0x00, 0x6e, 0x00, 0x74, 0x00, 0x73, 0x00, 0x20, 0x00,
  0x6d, 0x00, 0x61, 0x00, 0x79, 0x00, 0x20, 0x00, 0x62, 0x00, 0x65, 0x00,
  0x20, 0x00, 0x73, 0x00, 0x68, 0x00, 0x61, 0x00, 0x72, 0x00, 0x65, 0x00,
  0x64, 0x00, 0x20, 0x00, 0x61, 0x00, 0x6e, 0x00, 0x64, 0x00, 0x20, 0x00,
  0x69, 0x00, 0x6d, 0x00, 0x70, 0x00, 0x72, 0x00, 0x6f, 0x00, 0x76, 0x00,
  0x65, 0x00, 0x64, 0x00, 0x20, 0x00, 0x69, 0x00, 0x6e, 0x00, 0x20, 0x00,
  0x70, 0x00, 0x61, 0x00, 0x72, 0x00, 0x74, 0x00, 0x6e, 0x00, 0x65, 0x00,
  0x72, 0x00, 0x73, 0x00, 0x68, 0x00, 0x69, 0x00, 0x70, 0x00, 0x0a, 0x00,
  0x77, 0x00, 0x69, 0x00, 0x74, 0x00, 0x68, 0x00, 0x20, 0x00, 0x6f, 0x00,
  0x74, 0x00, 0x68, 0x00, 0x65, 0x00, 0x72, 0x00, 0x73, 0x00, 0x2e, 0x00,
  0x0a, 0x00, 0x0a, 0x00, 0x54, 0x00, 0x68, 0x00, 0x65, 0x00, 0x20, 0x00,
  0x4f, 0x00, 0x46, 0x00, 0x4c, 0x00, 0x20, 0x00, 0x61, 0x00, 0x6c, 0x00,
  0x6c, 0x00, 0x6f, 0x00, 0x77, 0x00, 0x73, 0x00, 0x20, 0x00, 0x74, 0x00,
  0x68, 0x00, 0x65, 0x00, 0x20, 0x00, 0x6c, 0x00, 0x69, 0x00, 0x63, 0x00,
  0x65, 0x00, 0x6e, 0x00, 0x73, 0x00, 0x65, 0x00, 0x64, 0x00, 0x20, 0x00,
  0x66, 0x00, 0x6f, 0x00, 0x6e, 0x00, 0x74, 0x00, 0x73, 0x00, 0x20, 0x00,
  0x74, 0x00, 0x6f, 0x00, 0x20, 0x00, 0x62, 0x00, 0x65, 0x00, 0x20, 0x00,
  0x75, 0x00, 0x73, 0x00, 0x65, 0x00, 0x64, 0x00, 0x2c, 0x00, 0x20, 0x00,
  0x73, 0x00, 0x74, 0x00, 0x75, 0x00, 0x64, 0x00, 0x69, 0x00, 0x65, 0x00,
  0x64, 0x00, 0x2c, 0x00, 0x20, 0x00, 0x6d, 0x00, 0x6f, 0x00, 0x64, 0x00,
  0x69, 0x00, 0x66, 0x00, 0x69, 0x00, 0x65, 0x00, 0x64, 0x00, 0x20, 0x00,
  0x61, 0x00, 0x6e, 0x00, 0x64, 0x00, 0x0a, 0x00, 0x72, 0x00, 0x65, 0x00,
  0x64, 0x00, 0x69, 0x00, 0x73, 0x00, 0x74, 0x00, 0x72, 0x00, 0x69, 0x00,
  0x62, 0x00, 0x75, 0x00, 0x74, 0x00, 0x65, 0x00, 0x64, 0x00, 0x20, 0x00,
  0x66, 0x00, 0x72, 0x00, 0x65, 0x00, 0x65, 0x00, 0x6c, 0x00, 0x79, 0x00,
  0x20, 0x00, 0x61, 0x00, 0x73, 0x00, 0x20, 0x00, 0x6c, 0x00, 0x6f, 0x00,
  0x6e, 0x00, 0x67, 0x00, 0x20, 0x00, 0x61, 0x00, 0x73, 0x00, 0x20, 0x00,
  0x74, 0x00, 0x68, 0x00, 0x65, 0x00, 0x79, 0x00, 0x20, 0x00, 0x61, 0x00,
  0x72, 0x00, 0x65, 0x00, 0x20, 0x00, 0x6e, 0x00, 0x6f, 0x00, 0x74, 0x00,
  0x20, 0x00, 0x73, 0x00, 0x6f, 0x00, 0x6c, 0x00, 0x64, 0x00, 0x20, 0x00,
  0x62, 0x00, 0x79, 0x00, 0x20, 0x00, 0x74, 0x00, 0x68, 0x00, 0x65, 0x00,
  0x6d, 0x00, 0x73, 0x00, 0x65, 0x00, 0x6c, 0x00, 0x76, 0x00, 0x65, 0x00,
  0x73, 0x00, 0x2e, 0x00, 0x20, 0x00, 0x54, 0x00, 0x68, 0x00, 0x65, 0x00,
  0x0a, 0x00, 0x66, 0x00, 0x6f, 0x00, 0x6e, 0x00, 0x74, 0x00, 0x73, 0x00,
  0x2c, 0x00, 0x20, 0x00, 0x69, 0x00, 0x6e, 0x00, 0x63, 0x00, 0x6c, 0x00,
  0x75, 0x00, 0x64, 0x00, 0x69, 0x00, 0x6e, 0x00, 0x67, 0x00, 0x20, 0x00,
  0x61, 0x00, 0x6e, 0x00, 0x79, 0x00, 0x20, 0x00, 0x64, 0x00, 0x65, 0x00,
  0x72, 0x00, 0x69, 0x00, 0x76, 0x00, 0x61, 0x00, 0x74, 0x00, 0x69, 0x00,
  0x76, 0x00, 0x65, 0x00, 0x20, 0x00, 0x77, 0x00, 0x6f, 0x00, 0x72, 0x00,
  0x6b, 0x00, 0x73, 0x00, 0x2c, 0x00, 0x20, 0x00, 0x63, 0x00, 0x61, 0x00,
  0x6e, 0x00, 0x20, 0x00, 0x62, 0x00, 0x65, 0x00, 0x20, 0x00, 0x62, 0x00,
  0x75, 0x00, 0x6e, 0x00, 0x64, 0x00, 0x6c, 0x00, 0x65, 0x00, 0x64, 0x00,
  0x2c, 0x00, 0x20, 0x00, 0x65, 0x00, 0x6d, 0x00, 0x62, 0x00, 0x65, 0x00,
  0x64, 0x00, 0x64, 0x00, 0x65, 0x00, 0x64, 0x00, 0x2c, 0x00, 0x20, 0x00,
  0x0a, 0x00, 0x72, 0x00, 0x65, 0x00, 0x64, 0x00, 0x69, 0x00, 0x73, 0x00,
  0x74, 0x00, 0x72, 0x00, 0x69, 0x00, 0x62, 0x00, 0x75, 0x00, 0x74, 0x00,
  0x65, 0x00, 0x64, 0x00, 0x20, 0x00, 0x61, 0x00, 0x6e, 0x00, 0x64, 0x00,
  0x2f, 0x00, 0x6f, 0x00, 0x72, 0x00, 0x20, 0x00, 0x73, 0x00, 0x6f, 0x00,
  0x6c, 0x00, 0x64, 0x00, 0x20, 0x00, 0x77, 0x00, 0x69, 0x00, 0x74, 0x00,
  0x68, 0x00, 0x20, 0x00, 0x61, 0x00, 0x6e, 0x00, 0x79, 0x00, 0x20, 0x00,
  0x73, 0x00, 0x6f, 0x00, 0x66, 0x00, 0x74, 0x00, 0x77, 0x00, 0x61, 0x00,
  0x72, 0x00, 0x65, 0x00, 0x20, 0x00, 0x70, 0x00, 0x72, 0x00, 0x6f, 0x00,
  0x76, 0x00, 0x69, 0x00, 0x64, 0x00, 0x65, 0x00, 0x64, 0x00, 0x20, 0x00,
  0x74, 0x00, 0x68, 0x00, 0x61, 0x00, 0x74, 0x00, 0x20, 0x00, 0x61, 0x00,
  0x6e, 0x00, 0x79, 0x00, 0x20, 0x00, 0x72, 0x00, 0x65, 0x00, 0x73, 0x00,
  0x65, 0x00, 0x72, 0x00, 0x76, 0x00, 0x65, 0x00, 0x64, 0x00, 0x0a, 0x00,
  0x6e, 0x00, 0x61, 0x00, 0x6d, 0x00, 0x65, 0x00, 0x73, 0x00, 0x20, 0x00,
  0x61, 0x00, 0x72, 0x00, 0x65, 0x00, 0x20, 0x00, 0x6e, 0x00, 0x6f, 0x00,
  0x74, 0x00, 0x20, 0x00, 0x75, 0x00, 0x73, 0x00, 0x65, 0x00, 0x64, 0x00,
  0x20, 0x00, 0x62, 0x00, 0x79, 0x00, 0x20, 0x00, 0x64, 0x00, 0x65, 0x00,
  0x72, 0x00, 0x69, 0x00, 0x76, 0x00, 0x61, 0x00, 0x74, 0x00, 0x69, 0x00,
  0x76, 0x00, 0x65, 0x00, 0x20, 0x00, 0x77, 0x00, 0x6f, 0x00, 0x72, 0x00,
  0x6b, 0x00, 0x73, 0x00, 0x2e, 0x00, 0x20, 0x00, 0x54, 0x00, 0x68, 0x00,
  0x65, 0x00, 0x20, 0x00, 0x66, 0x00, 0x6f, 0x00, 0x6e, 0x00, 0x74, 0x00,
  0x73, 0x00, 0x20, 0x00, 0x61, 0x00, 0x6e, 0x00, 0x64, 0x00, 0x20, 0x00,
  0x64, 0x00, 0x65, 0x00, 0x72, 0x00, 0x69, 0x00, 0x76, 0x00, 0x61, 0x00,
  0x74, 0x00, 0x69, 0x00, 0x76, 0x00, 0x65, 0x00, 0x73, 0x00, 0x2c, 0x00,
  0x0a, 0x00, 0x68, 0x00, 0x6f, 0x00, 0x77, 0x00, 0x65, 0x00, 0x76, 0x00,
  0x65, 0x00, 0x72, 0x00, 0x2c, 0x00, 0x20, 0x00, 0x63, 0x00, 0x61, 0x00,
  0x6e, 0x00, 0x6e, 0x00, 0x6f, 0x00, 0x74, 0x00, 0x20, 0x00, 0x62, 0x00,
  0x65, 0x00, 0x20, 0x00, 0x72, 0x00, 0x65, 0x00, 0x6c, 0x00, 0x65, 0x00,
  0x61, 0x00, 0x73, 0x00, 0x65, 0x00, 0x64, 0x00, 0x20, 0x00, 0x75, 0x00,
  0x6e, 0x00, 0x64, 0x00, 0x65, 0x00, 0x72, 0x00, 0x20, 0x00, 0x61, 0x00,
  0x6e, 0x00, 0x79, 0x00, 0x20, 0x00, 0x6f, 0x00, 0x74, 0x00, 0x68, 0x00,
  0x65, 0x00, 0x72, 0x00, 0x20, 0x00, 0x74, 0x00, 0x79, 0x00, 0x70, 0x00,
  0x65, 0x00, 0x20, 0x00, 0x6f, 0x00, 0x66, 0x00, 0x20, 0x00, 0x6c, 0x00,
  0x69, 0x00, 0x63, 0x00, 0x65, 0x00, 0x6e, 0x00, 0x73, 0x00, 0x65, 0x00,
  0x2e, 0x00, 0x20, 0x00, 0x54, 0x00, 0x68, 0x00, 0x65, 0x00, 0x0a, 0x00,
  0x72, 0x00, 0x65, 0x00, 0x71, 0x00, 0x75, 0x00, 0x69, 0x00, 0x72, 0x00,
  0x65, 0x00, 0x6d, 0x00, 0x65, 0x00, 0x6e, 0x00, 0x74, 0x00, 0x20, 0x00,
  0x66, 0x00, 0x6f, 0x00, 0x72, 0x00, 0x20, 0x00, 0x66, 0x00, 0x6f, 0x00,
  0x6e, 0x00, 0x74, 0x00, 0x73, 0x00, 0x20, 0x00, 0x74, 0x00, 0x6f, 0x00,
  0x20, 0x00, 0x72, 0x00, 0x65, 0x00, 0x6d, 0x00, 0x61, 0x00, 0x69, 0x00,
  0x6e, 0x00, 0x20, 0x00, 0x75, 0x00, 0x6e, 0x00, 0x64, 0x00, 0x65, 0x00,
  0x72, 0x00, 0x20, 0x00, 0x74, 0x00, 0x68, 0x00, 0x69, 0x00, 0x73, 0x00,
  0x20, 0x00, 0x6c, 0x00, 0x69, 0x00, 0x63, 0x00, 0x65, 0x00, 0x6e, 0x00,
  0x73, 0x00, 0x65, 0x00, 0x20, 0x00, 0x64, 0x00, 0x6f, 0x00, 0x65, 0x00,
  0x73, 0x00, 0x20, 0x00, 0x6e, 0x00, 0x6f, 0x00, 0x74, 0x00, 0x20, 0x00,
  0x61, 0x00, 0x70, 0x00, 0x70, 0x00, 0x6c, 0x00, 0x79, 0x00, 0x0a, 0x00,
  0x74, 0x00, 0x6f, 0x00, 0x20, 0x00, 0x61, 0x00, 0x6e, 0x00, 0x79, 0x00,
  0x20, 0x00, 0x64, 0x00, 0x6f, 0x00, 0x63, 0x00, 0x75, 0x00, 0x6d, 0x00,
  0x65, 0x00, 0x6e, 0x00, 0x74, 0x00, 0x20, 0x00, 0x63, 0x00, 0x72, 0x00,
  0x65, 0x00, 0x61, 0x00, 0x74, 0x00, 0x65, 0x00, 0x64, 0x00, 0x20, 0x00,
  0x75, 0x00, 0x73, 0x00, 0x69, 0x00, 0x6e, 0x00, 0x67, 0x00, 0x20, 0x00,
  0x74, 0x00, 0x68, 0x00, 0x65, 0x00, 0x20, 0x00, 0x66, 0x00, 0x6f, 0x00,
  0x6e, 0x00, 0x74, 0x00, 0x73, 0x00, 0x20, 0x00, 0x6f, 0x00, 0x72, 0x00,
  0x20, 0x00, 0x74, 0x00, 0x68, 0x00, 0x65, 0x00, 0x69, 0x00, 0x72, 0x00,
  0x20, 0x00, 0x64, 0x00, 0x65, 0x00, 0x72, 0x00, 0x69, 0x00, 0x76, 0x00,
  0x61, 0x00, 0x74, 0x00, 0x69, 0x00, 0x76, 0x00, 0x65, 0x00, 0x73, 0x00,
  0x2e, 0x00, 0x0a, 0x00, 0x0a, 0x00, 0x44, 0x00, 0x45, 0x00, 0x46, 0x00,
  0x49, 0x00, 0x4e, 0x00, 0x49, 0x00, 0x54, 0x00, 0x49, 0x00, 0x4f, 0x00,
  0x4e, 0x00, 0x53, 0x00, 0x0a, 0x00, 0x22, 0x00, 0x46, 0x00, 0x6f, 0x00,
  0x6e, 0x00, 0x74, 0x00, 0x20, 0x00, 0x53, 0x00, 0x6f, 0x00, 0x66, 0x00,
  0x74, 0x00, 0x77, 0x00, 0x61, 0x00, 0x72, 0x00, 0x65, 0x00, 0x22, 0x00,
  0x20, 0x00, 0x72, 0x00, 0x65, 0x00, 0x66, 0x00, 0x65, 0x00, 0x72, 0x00,
  0x73, 0x00, 0x20, 0x00, 0x74, 0x00, 0x6f, 0x00, 0x20, 0x00, 0x74, 0x00,
  0x68, 0x00, 0x65, 0x00, 0x20, 0x00, 0x73, 0x00, 0x65, 0x00, 0x74, 0x00,
  0x20, 0x00, 0x6f, 0x00, 0x66, 0x00, 0x20, 0x00, 0x66, 0x00, 0x69, 0x00,
  0x6c, 0x00, 0x65, 0x00, 0x73, 0x00, 0x20, 0x00, 0x72, 0x00, 0x65, 0x00,
  0x6c, 0x00, 0x65, 0x00, 0x61, 0x00, 0x73, 0x00, 0x65, 0x00, 0x64, 0x00,
  0x20, 0x00, 0x62, 0x00, 0x79, 0x00, 0x20, 0x00, 0x74, 0x00, 0x68, 0x00,
  0x65, 0x00, 0x20, 0x00, 0x43, 0x00, 0x6f, 0x00, 0x70, 0x00, 0x79, 0x00,
  0x72, 0x00, 0x69, 0x00, 0x67, 0x00, 0x68, 0x00, 0x74, 0x00, 0x0a, 0x00,
  0x48, 0x00, 0x6f, 0x00, 0x6c, 0x00, 0x64, 0x00, 0x65, 0x00, 0x72, 0x00,
  0x28, 0x00, 0x73, 0x00, 0x29, 0x00, 0x20, 0x00, 0x75, 0x00, 0x6e, 0x00,
  0x64, 0x00, 0x65, 0x00, 0x72, 0x00, 0x20, 0x00, 0x74, 0x00, 0x68, 0x00,
  0x69, 0x00, 0x73, 0x00, 0x20, 0x00, 0x6c, 0x00, 0x69, 0x00, 0x63, 0x00,
  0x65, 0x00, 0x6e, 0x00, 0x73, 0x00, 0x65, 0x00, 0x20, 0x00, 0x61, 0x00,
  0x6e, 0x00, 0x64, 0x00, 0x20, 0x00, 0x63, 0x00, 0x6c, 0x00, 0x65, 0x00,
  0x61, 0x00, 0x72, 0x00, 0x6c, 0x00, 0x79, 0x00, 0x20, 0x00, 0x6d, 0x00,
  0x61, 0x00, 0x72, 0x00, 0x6b, 0x00, 0x65, 0x00, 0x64, 0x00, 0x20, 0x00,
  0x61, 0x00, 0x73, 0x00, 0x20, 0x00, 0x73, 0x00, 0x75, 0x00, 0x63, 0x00,
  0x68, 0x00, 0x2e, 0x00, 0x20, 0x00, 0x54, 0x00, 0x68, 0x00, 0x69, 0x00,
  0x73, 0x00, 0x20, 0x00, 0x6d, 0x00, 0x61, 0x00, 0x79, 0x00, 0x0a, 0x00,
  0x69, 0x00, 0x6e, 0x00, 0x63, 0x00, 0x6c, 0x00, 0x75, 0x00, 0x64, 0x00,
  0x65, 0x00, 0x20, 0x00, 0x73, 0x00, 0x6f, 0x00, 0x75, 0x00, 0x72, 0x00,
  0x63, 0x00, 0x65, 0x00, 0x20, 0x00, 0x66, 0x00, 0x69, 0x00, 0x6c, 0x00,
  0x65, 0x00, 0x73, 0x00, 0x2c, 0x00, 0x20, 0x00, 0x62, 0x00, 0x75, 0x00,
  0x69, 0x00, 0x6c, 0x00, 0x64, 0x00, 0x20, 0x00, 0x73, 0x00, 0x63, 0x00,
  0x72, 0x00, 0x69, 0x00, 0x70, 0x00, 0x74, 0x00, 0x73, 0x00, 0x20, 0x00,
  0x61, 0x00, 0x6e, 0x00, 0x64, 0x00, 0x20, 0x00, 0x64, 0x00, 0x6f, 0x00,
  0x63, 0x00, 0x75, 0x00, 0x6d, 0x00, 0x65, 0x00, 0x6e, 0x00, 0x74, 0x00,
  0x61, 0x00, 0x74, 0x00, 0x69, 0x00, 0x6f, 0x00, 0x6e, 0x00, 0x2e, 0x00,
  0x0a, 0x00, 0x0a, 0x00, 0x22, 0x00, 0x52, 0x00, 0x65, 0x00, 0x73, 0x00,
  0x65, 0x00, 0x72, 0x00, 0x76, 0x00, 0x65, 0x00, 0x64, 0x00, 0x20, 0x00,
  0x46, 0x00, 0x6f, 0x00, 0x6e, 0x00, 0x74, 0x00, 0x20, 0x00, 0x4e, 0x00,
  0x61, 0x00, 0x6d, 0x00, 0x65, 0x00, 0x22, 0x00, 0x20, 0x00, 0x72, 0x00,
  0x65, 0x00, 0x66, 0x00, 0x65, 0x00, 0x72, 0x00, 0x73, 0x00, 0x20, 0x00,
  0x74, 0x00, 0x6f, 0x00, 0x20, 0x00, 0x61, 0x00, 0x6e, 0x00, 0x79, 0x00,
  0x20, 0x00, 0x6e, 0x00, 0x61, 0x00, 0x6d, 0x00, 0x65, 0x00, 0x73, 0x00,
  0x20, 0x00, 0x73, 0x00, 0x70, 0x00, 0x65, 0x00, 0x63, 0x00, 0x69, 0x00,
  0x66, 0x00, 0x69, 0x00, 0x65, 0x00, 0x64, 0x00, 0x20, 0x00, 0x61, 0x00,
  0x73, 0x00, 0x20, 0x00, 0x73, 0x00, 0x75, 0x00, 0x63, 0x00, 0x68, 0x00,
  0x20, 0x00, 0x61, 0x00, 0x66, 0x00, 0x74, 0x00, 0x65, 0x00, 0x72, 0x00,
  0x20, 0x00, 0x74, 0x00, 0x68, 0x00, 0x65, 0x00, 0x0a, 0x00, 0x63, 0x00,
  0x6f, 0x00, 0x70, 0x00, 0x79, 0x00, 0x72, 0x00, 0x69, 0x00, 0x67, 0x00,
  0x68, 0x00, 0x74, 0x00, 0x20, 0x00, 0x73, 0x00, 0x74, 0x00, 0x61, 0x00,
  0x74, 0x00, 0x65, 0x00, 0x6d, 0x00, 0x65, 0x00, 0x6e, 0x00, 0x74, 0x00,
  0x28, 0x00, 0x73, 0x00, 0x29, 0x00, 0x2e, 0x00, 0x0a, 0x00, 0x0a, 0x00,
  0x22, 0x00, 0x4f, 0x00, 0x72, 0x00, 0x69, 0x00, 0x67, 0x00, 0x69, 0x00,
  0x6e, 0x00, 0x61, 0x00, 0x6c, 0x00, 0x20, 0x00, 0x56, 0x00, 0x65, 0x00,
  0x72, 0x00, 0x73, 0x00, 0x69, 0x00, 0x6f, 0x00, 0x6e, 0x00, 0x22, 0x00,
  0x20, 0x00, 0x72, 0x00, 0x65, 0x00, 0x66, 0x00, 0x65, 0x00, 0x72, 0x00,
  0x73, 0x00, 0x20, 0x00, 0x74, 0x00, 0x6f, 0x00, 0x20, 0x00, 0x74, 0x00,
  0x68, 0x00, 0x65, 0x00, 0x20, 0x00, 0x63, 0x00, 0x6f, 0x00, 0x6c, 0x00,
  0x6c, 0x00, 0x65, 0x00, 0x63, 0x00, 0x74, 0x00, 0x69, 0x00, 0x6f, 0x00,
  0x6e, 0x00, 0x20, 0x00, 0x6f, 0x00, 0x66, 0x00, 0x20, 0x00, 0x46, 0x00,
  0x6f, 0x00, 0x6e, 0x00, 0x74, 0x00, 0x20, 0x00, 0x53, 0x00, 0x6f, 0x00,
  0x66, 0x00, 0x74, 0x00, 0x77, 0x00, 0x61, 0x00, 0x72, 0x00, 0x65, 0x00,
  0x20, 0x00, 0x63, 0x00, 0x6f, 0x00, 0x6d, 0x00, 0x70, 0x00, 0x6f, 0x00,
  0x6e, 0x00, 0x65, 0x00, 0x6e, 0x00, 0x74, 0x00, 0x73, 0x00, 0x20, 0x00,
  0x61, 0x00, 0x73, 0x00, 0x0a, 0x00, 0x64, 0x00, 0x69, 0x00, 0x73, 0x00,
  0x74, 0x00, 0x72, 0x00, 0x69, 0x00, 0x62, 0x00, 0x75, 0x00, 0x74, 0x00,
  0x65, 0x00, 0x64, 0x00, 0x20, 0x00, 0x62, 0x00, 0x79, 0x00, 0x20, 0x00,
  0x74, 0x00, 0x68, 0x00, 0x65, 0x00, 0x20, 0x00, 0x43, 0x00, 0x6f, 0x00,
  0x70, 0x00, 0x79, 0x00, 0x72, 0x00, 0x69, 0x00, 0x67, 0x00, 0x68, 0x00,
  0x74, 0x00, 0x20, 0x00, 0x48, 0x00, 0x6f, 0x00, 0x6c, 0x00, 0x64, 0x00,
  0x65, 0x00, 0x72, 0x00, 0x28, 0x00, 0x73, 0x00, 0x29, 0x00, 0x2e, 0x00,
  0x0a, 0x00, 0x0a, 0x00, 0x22, 0x00, 0x4d, 0x00, 0x6f, 0x00, 0x64, 0x00,
  0x69, 0x00, 0x66, 0x00, 0x69, 0x00, 0x65, 0x00, 0x64, 0x00, 0x20, 0x00,
  0x56, 0x00, 0x65, 0x00, 0x72, 0x00, 0x73, 0x00, 0x69, 0x00, 0x6f, 0x00,
  0x6e, 0x00, 0x22, 0x00, 0x20, 0x00, 0x72, 0x00, 0x65, 0x00, 0x66, 0x00,
  0x65, 0x00, 0x72, 0x00, 0x73, 0x00, 0x20, 0x00, 0x74, 0x00, 0x6f, 0x00,
  0x20, 0x00, 0x61, 0x00, 0x6e, 0x00, 0x79, 0x00, 0x20, 0x00, 0x64, 0x00,
  0x65, 0x00, 0x72, 0x00, 0x69, 0x00, 0x76, 0x00, 0x61, 0x00, 0x74, 0x00,
  0x69, 0x00, 0x76, 0x00, 0x65, 0x00, 0x20, 0x00, 0x6d, 0x00, 0x61, 0x00,
  0x64, 0x00, 0x65, 0x00, 0x20, 0x00, 0x62, 0x00, 0x79, 0x00, 0x20, 0x00,
  0x61, 0x00, 0x64, 0x00, 0x64, 0x00, 0x69, 0x00, 0x6e, 0x00, 0x67, 0x00,
  0x20, 0x00, 0x74, 0x00, 0x6f, 0x00, 0x2c, 0x00, 0x20, 0x00, 0x64, 0x00,
  0x65, 0x00, 0x6c, 0x00, 0x65, 0x00, 0x74, 0x00, 0x69, 0x00, 0x6e, 0x00,
  0x67, 0x00, 0x2c, 0x00, 0x0a, 0x00, 0x6f, 0x00, 0x72, 0x00, 0x20, 0x00,
  0x73, 0x00, 0x75, 0x00, 0x62, 0x00, 0x73, 0x00, 0x74, 0x00, 0x69, 0x00,
  0x74, 0x00, 0x75, 0x00, 0x74, 0x00, 0x69, 0x00, 0x6e, 0x00, 0x67, 0x00,
  0x20, 0x00, 0x2d, 0x00, 0x2d, 0x00, 0x20, 0x00, 0x69, 0x00, 0x6e, 0x00,
  0x20, 0x00, 0x70, 0x00, 0x61, 0x00, 0x72, 0x00, 0x74, 0x00, 0x20, 0x00,
  0x6f, 0x00, 0x72, 0x00, 0x20, 0x00, 0x69, 0x00, 0x6e, 0x00, 0x20, 0x00,
  0x77, 0x00, 0x68, 0x00, 0x6f, 0x00, 0x6c, 0x00, 0x65, 0x00, 0x20, 0x00,
  0x2d, 0x00, 0x2d, 0x00, 0x20, 0x00, 0x61, 0x00, 0x6e, 0x00, 0x79, 0x00,
  0x20, 0x00, 0x6f, 0x00, 0x66, 0x00, 0x20, 0x00, 0x74, 0x00, 0x68, 0x00,
  0x65, 0x00, 0x20, 0x00, 0x63, 0x00, 0x6f, 0x00, 0x6d, 0x00, 0x70, 0x00,
  0x6f, 0x00, 0x6e, 0x00, 0x65, 0x00, 0x6e, 0x00, 0x74, 0x00, 0x73, 0x00,
  0x20, 0x00, 0x6f, 0x00, 0x66, 0x00, 0x20, 0x00, 0x74, 0x00, 0x68, 0x00,
  0x65, 0x00, 0x0a, 0x00, 0x4f, 0x00, 0x72, 0x00, 0x69, 0x00, 0x67, 0x00,
  0x69, 0x00, 0x6e, 0x00, 0x61, 0x00, 0x6c, 0x00, 0x20, 0x00, 0x56, 0x00,
  0x65, 0x00, 0x72, 0x00, 0x73, 0x00, 0x69, 0x00, 0x6f, 0x00, 0x6e, 0x00,
  0x2c, 0x00, 0x20, 0x00, 0x62, 0x00, 0x79, 0x00, 0x20, 0x00, 0x63, 0x00,
  0x68, 0x00, 0x61, 0x00, 0x6e, 0x00, 0x67, 0x00, 0x69, 0x00, 0x6e, 0x00,
  0x67, 0x00, 0x20, 0x00, 0x66, 0x00, 0x6f, 0x00, 0x72, 0x00, 0x6d, 0x00,
  0x61, 0x00, 0x74, 0x00, 0x73, 0x00, 0x20, 0x00, 0x6f, 0x00, 0x72, 0x00,
  0x20, 0x00, 0x62, 0x00, 0x79, 0x00, 0x20, 0x00, 0x70, 0x00, 0x6f, 0x00,
  0x72, 0x00, 0x74, 0x00, 0x69, 0x00, 0x6e, 0x00, 0x67, 0x00, 0x20, 0x00,
  0x74, 0x00, 0x68, 0x00, 0x65, 0x00, 0x20, 0x00, 0x46, 0x00, 0x6f, 0x00,
  0x6e, 0x00, 0x74, 0x00, 0x20, 0x00, 0x53, 0x00, 0x6f, 0x00, 0x66, 0x00,
  0x74, 0x00, 0x77, 0x00, 0x61, 0x00, 0x72, 0x00, 0x65, 0x00, 0x20, 0x00,
  0x74, 0x00, 0x6f, 0x00, 0x20, 0x00, 0x61, 0x00, 0x0a, 0x00, 0x6e, 0x00,
  0x65, 0x00, 0x77, 0x00, 0x20, 0x00, 0x65, 0x00, 0x6e, 0x00, 0x76, 0x00,
  0x69, 0x00, 0x72, 0x00, 0x6f, 0x00, 0x6e, 0x00, 0x6d, 0x00, 0x65, 0x00,
  0x6e, 0x00, 0x74, 0x00, 0x2e, 0x00, 0x0a, 0x00, 0x0a, 0x00, 0x22, 0x00,
  0x41, 0x00, 0x75, 0x00, 0x74, 0x00, 0x68, 0x00, 0x6f, 0x00, 0x72, 0x00,
  0x22, 0x00, 0x20, 0x00, 0x72, 0x00, 0x65, 0x00, 0x66, 0x00, 0x65, 0x00,
  0x72, 0x00, 0x73, 0x00, 0x20, 0x00, 0x74, 0x00, 0x6f, 0x00, 0x20, 0x00,
  0x61, 0x00, 0x6e, 0x00, 0x79, 0x00, 0x20, 0x00, 0x64, 0x00, 0x65, 0x00,
  0x73, 0x00, 0x69, 0x00, 0x67, 0x00, 0x6e, 0x00, 0x65, 0x00, 0x72, 0x00,
  0x2c, 0x00, 0x20, 0x00, 0x65, 0x00, 0x6e, 0x00, 0x67, 0x00, 0x69, 0x00,
  0x6e, 0x00, 0x65, 0x00, 0x65, 0x00, 0x72, 0x00, 0x2c, 0x00, 0x20, 0x00,
  0x70, 0x00, 0x72, 0x00, 0x6f, 0x00, 0x67, 0x00, 0x72, 0x00, 0x61, 0x00,
  0x6d, 0x00, 0x6d, 0x00, 0x65, 0x00, 0x72, 0x00, 0x2c, 0x00, 0x20, 0x00,
  0x74, 0x00, 0x65, 0x00, 0x63, 0x00, 0x68, 0x00, 0x6e, 0x00, 0x69, 0x00,
  0x63, 0x00, 0x61, 0x00, 0x6c, 0x00, 0x0a, 0x00, 0x77, 0x00, 0x72, 0x00,
  0x69, 0x00, 0x74, 0x00, 0x65, 0x00, 0x72, 0x00, 0x20, 0x00, 0x6f, 0x00,
  0x72, 0x00, 0x20, 0x00, 0x6f, 0x00, 0x74, 0x00, 0x68, 0x00, 0x65, 0x00,
  0x72, 0x00, 0x20, 0x00, 0x70, 0x00, 0x65, 0x00, 0x72, 0x00, 0x73, 0x00,
  0x6f, 0x00, 0x6e, 0x00, 0x20, 0x00, 0x77, 0x00, 0x68, 0x00, 0x6f, 0x00,
  0x20, 0x00, 0x63, 0x00, 0x6f, 0x00, 0x6e, 0x00, 0x74, 0x00, 0x72, 0x00,
  0x69, 0x00, 0x62, 0x00, 0x75, 0x00, 0x74, 0x00, 0x65, 0x00, 0x64, 0x00,
  0x20, 0x00, 0x74, 0x00, 0x6f, 0x00, 0x20, 0x00, 0x74, 0x00, 0x68, 0x00,
  0x65, 0x00, 0x20, 0x00, 0x46, 0x00, 0x6f, 0x00, 0x6e, 0x00, 0x74, 0x00,
  0x20, 0x00, 0x53, 0x00, 0x6f, 0x00, 0x66, 0x00, 0x74, 0x00, 0x77, 0x00,
  0x61, 0x00, 0x72, 0x00, 0x65, 0x00, 0x2e, 0x00, 0x0a, 0x00, 0x0a, 0x00,
  0x50, 0x00, 0x45, 0x00, 0x52, 0x00, 0x4d, 0x00, 0x49, 0x00, 0x53, 0x00,
  0x53, 0x00, 0x49, 0x00, 0x4f, 0x00, 0x4e, 0x00, 0x20, 0x00, 0x26, 0x00,
  0x20, 0x00, 0x43, 0x00, 0x4f, 0x00, 0x4e, 0x00, 0x44, 0x00, 0x49, 0x00,
  0x54, 0x00, 0x49, 0x00, 0x4f, 0x00, 0x4e, 0x00, 0x53, 0x00, 0x0a, 0x00,
  0x50, 0x00, 0x65, 0x00, 0x72, 0x00, 0x6d, 0x00, 0x69, 0x00, 0x73, 0x00,
  0x73, 0x00, 0x69, 0x00, 0x6f, 0x00, 0x6e, 0x00, 0x20, 0x00, 0x69, 0x00,
  0x73, 0x00, 0x20, 0x00, 0x68, 0x00, 0x65, 0x00, 0x72, 0x00, 0x65, 0x00,
  0x62, 0x00, 0x79, 0x00, 0x20, 0x00, 0x67, 0x00, 0x72, 0x00, 0x61, 0x00,
  0x6e, 0x00, 0x74, 0x00, 0x65, 0x00, 0x64, 0x00, 0x2c, 0x00, 0x20, 0x00,
  0x66, 0x00, 0x72, 0x00, 0x65, 0x00, 0x65, 0x00, 0x20, 0x00, 0x6f, 0x00,
  0x66, 0x00, 0x20, 0x00, 0x63, 0x00, 0x68, 0x00, 0x61, 0x00, 0x72, 0x00,
  0x67, 0x00, 0x65, 0x00, 0x2c, 0x00, 0x20, 0x00, 0x74, 0x00, 0x6f, 0x00,
  0x20, 0x00, 0x61, 0x00, 0x6e, 0x00, 0x79, 0x00, 0x20, 0x00, 0x70, 0x00,
  0x65, 0x00, 0x72, 0x00, 0x73, 0x00, 0x6f, 0x00, 0x6e, 0x00, 0x20, 0x00,
  0x6f, 0x00, 0x62, 0x00, 0x74, 0x00, 0x61, 0x00, 0x69, 0x00, 0x6e, 0x00,
  0x69, 0x00, 0x6e, 0x00, 0x67, 0x00, 0x0a, 0x00, 0x61, 0x00, 0x20, 0x00,
  0x63, 0x00, 0x6f, 0x00, 0x70, 0x00, 0x79, 0x00, 0x20, 0x00, 0x6f, 0x00,
  0x66, 0x00, 0x20, 0x00, 0x74, 0x00, 0x68, 0x00, 0x65, 0x00, 0x20, 0x00,
  0x46, 0x00, 0x6f, 0x00, 0x6e, 0x00, 0x74, 0x00, 0x20, 0x00, 0x53, 0x00,
  0x6f, 0x00, 0x66, 0x00, 0x74, 0x00, 0x77, 0x00, 0x61, 0x00, 0x72, 0x00,
  0x65, 0x00, 0x2c, 0x00, 0x20, 0x00, 0x74, 0x00, 0x6f, 0x00, 0x20, 0x00,
  0x75, 0x00, 0x73, 0x00, 0x65, 0x00, 0x2c, 0x00, 0x20, 0x00, 0x73, 0x00,
  0x74, 0x00, 0x75, 0x00, 0x64, 0x00, 0x79, 0x00, 0x2c, 0x00, 0x20, 0x00,
  0x63, 0x00, 0x6f, 0x00, 0x70, 0x00, 0x79, 0x00, 0x2c, 0x00, 0x20, 0x00,
  0x6d, 0x00, 0x65, 0x00, 0x72, 0x00, 0x67, 0x00, 0x65, 0x00, 0x2c, 0x00,
  0x20, 0x00, 0x65, 0x00, 0x6d, 0x00, 0x62, 0x00, 0x65, 0x00, 0x64, 0x00,
  0x2c, 0x00, 0x20, 0x00, 0x6d, 0x00, 0x6f, 0x00, 0x64, 0x00, 0x69, 0x00,
  0x66, 0x00, 0x79, 0x00, 0x2c, 0x00, 0x0a, 0x00, 0x72, 0x00, 0x65, 0x00,
  0x64, 0x00, 0x69, 0x00, 0x73, 0x00, 0x74, 0x00, 0x72, 0x00, 0x69, 0x00,
  0x62, 0x00, 0x75, 0x00, 0x74, 0x00, 0x65, 0x00, 0x2c, 0x00, 0x20, 0x00,
  0x61, 0x00, 0x6e, 0x00, 0x64, 0x00, 0x20, 0x00, 0x73, 0x00, 0x65, 0x00,
  0x6c, 0x00, 0x6c, 0x00, 0x20, 0x00, 0x6d, 0x00, 0x6f, 0x00, 0x64, 0x00,
  0x69, 0x00, 0x66, 0x00, 0x69, 0x00, 0x65, 0x00, 0x64, 0x00, 0x20, 0x00,
  0x61, 0x00, 0x6e, 0x00, 0x64, 0x00, 0x20, 0x00, 0x75, 0x00, 0x6e, 0x00,
  0x6d, 0x00, 0x6f, 0x00, 0x64, 0x00, 0x69, 0x00, 0x66, 0x00, 0x69, 0x00,
  0x65, 0x00, 0x64, 0x00, 0x20, 0x00, 0x63, 0x00, 0x6f, 0x00, 0x70, 0x00,
  0x69, 0x00, 0x65, 0x00, 0x73, 0x00, 0x20, 0x00, 0x6f, 0x00, 0x66, 0x00,
  0x20, 0x00, 0x74, 0x00, 0x68, 0x00, 0x65, 0x00, 0x20, 0x00, 0x46, 0x00,
  0x6f, 0x00, 0x6e, 0x00, 0x74, 0x00, 0x0a, 0x00, 0x53, 0x00, 0x6f, 0x00,
  0x66, 0x00, 0x74, 0x00, 0x77, 0x00, 0x61, 0x00, 0x72, 0x00, 0x65, 0x00,
  0x2c, 0x00, 0x20, 0x00, 0x73, 0x00, 0x75, 0x00, 0x62, 0x00, 0x6a, 0x00,
  0x65, 0x00, 0x63, 0x00, 0x74, 0x00, 0x20, 0x00, 0x74, 0x00, 0x6f, 0x00,
  0x20, 0x00, 0x74, 0x00, 0x68, 0x00, 0x65, 0x00, 0x20, 0x00, 0x66, 0x00,
  0x6f, 0x00, 0x6c, 0x00, 0x6c, 0x00, 0x6f, 0x00, 0x77, 0x00, 0x69, 0x00,
  0x6e, 0x00, 0x67, 0x00, 0x20, 0x00, 0x63, 0x00, 0x6f, 0x00, 0x6e, 0x00,
  0x64, 0x00, 0x69, 0x00, 0x74, 0x00, 0x69, 0x00, 0x6f, 0x00, 0x6e, 0x00,
  0x73, 0x00, 0x3a, 0x00, 0x0a, 0x00, 0x0a, 0x00, 0x31, 0x00, 0x29, 0x00,
  0x20, 0x00, 0x4e, 0x00, 0x65, 0x00, 0x69, 0x00, 0x74, 0x00, 0x68, 0x00,
  0x65, 0x00, 0x72, 0x00, 0x20, 0x00, 0x74, 0x00, 0x68, 0x00, 0x65, 0x00,
  0x20, 0x00, 0x46, 0x00, 0x6f, 0x00, 0x6e, 0x00, 0x74, 0x00, 0x20, 0x00,
  0x53, 0x00, 0x6f, 0x00, 0x66, 0x00, 0x74, 0x00, 0x77, 0x00, 0x61, 0x00,
  0x72, 0x00, 0x65, 0x00, 0x20, 0x00, 0x6e, 0x00, 0x6f, 0x00, 0x72, 0x00,
  0x20, 0x00, 0x61, 0x00, 0x6e, 0x00, 0x79, 0x00, 0x20, 0x00, 0x6f, 0x00,
  0x66, 0x00, 0x20, 0x00, 0x69, 0x00, 0x74, 0x00, 0x73, 0x00, 0x20, 0x00,
  0x69, 0x00, 0x6e, 0x00, 0x64, 0x00, 0x69, 0x00, 0x76, 0x00, 0x69, 0x00,
  0x64, 0x00, 0x75, 0x00, 0x61, 0x00, 0x6c, 0x00, 0x20, 0x00, 0x63, 0x00,
  0x6f, 0x00, 0x6d, 0x00, 0x70, 0x00, 0x6f, 0x00, 0x6e, 0x00, 0x65, 0x00,
  0x6e, 0x00, 0x74, 0x00, 0x73, 0x00, 0x2c, 0x00, 0x0a, 0x00, 0x69, 0x00,
  0x6e, 0x00, 0x20, 0x00, 0x4f, 0x00, 0x72, 0x00, 0x69, 0x00, 0x67, 0x00,
  0x69, 0x00, 0x6e, 0x00, 0x61, 0x00, 0x6c, 0x00, 0x20, 0x00, 0x6f, 0x00,
  0x72, 0x00, 0x20, 0x00, 0x4d, 0x00, 0x6f, 0x00, 0x64, 0x00, 0x69, 0x00,
  0x66, 0x00, 0x69, 0x00, 0x65, 0x00, 0x64, 0x00, 0x20, 0x00, 0x56, 0x00,
  0x65, 0x00, 0x72, 0x00, 0x73, 0x00, 0x69, 0x00, 0x6f, 0x00, 0x6e, 0x00,
  0x73, 0x00, 0x2c, 0x00, 0x20, 0x00, 0x6d, 0x00, 0x61, 0x00, 0x79, 0x00,
  0x20, 0x00, 0x62, 0x00, 0x65, 0x00, 0x20, 0x00, 0x73, 0x00, 0x6f, 0x00,
  0x6c, 0x00, 0x64, 0x00, 0x20, 0x00, 0x62, 0x00, 0x79, 0x00, 0x20, 0x00,
  0x69, 0x00, 0x74, 0x00, 0x73, 0x00, 0x65, 0x00, 0x6c, 0x00, 0x66, 0x00,
  0x2e, 0x00, 0x0a, 0x00, 0x0a, 0x00, 0x32, 0x00, 0x29, 0x00, 0x20, 0x00,
  0x4f, 0x00, 0x72, 0x00, 0x69, 0x00, 0x67, 0x00, 0x69, 0x00, 0x6e, 0x00,
  0x61, 0x00, 0x6c, 0x00, 0x20, 0x00, 0x6f, 0x00, 0x72, 0x00, 0x20, 0x00,
  0x4d, 0x00, 0x6f, 0x00, 0x64, 0x00, 0x69, 0x00, 0x66, 0x00, 0x69, 0x00,
  0x65, 0x00, 0x64, 0x00, 0x20, 0x00, 0x56, 0x00, 0x65, 0x00, 0x72, 0x00,
  0x73, 0x00, 0x69, 0x00, 0x6f, 0x00, 0x6e, 0x00, 0x73, 0x00, 0x20, 0x00,
  0x6f, 0x00, 0x66, 0x00, 0x20, 0x00, 0x74, 0x00, 0x68, 0x00, 0x65, 0x00,
  0x20, 0x00, 0x46, 0x00, 0x6f, 0x00, 0x6e, 0x00, 0x74, 0x00, 0x20, 0x00,
  0x53, 0x00, 0x6f, 0x00, 0x66, 0x00, 0x74, 0x00, 0x77, 0x00, 0x61, 0x00,
  0x72, 0x00, 0x65, 0x00, 0x20, 0x00, 0x6d, 0x00, 0x61, 0x00, 0x79, 0x00,
  0x20, 0x00, 0x62, 0x00, 0x65, 0x00, 0x20, 0x00, 0x62, 0x00, 0x75, 0x00,
  0x6e, 0x00, 0x64, 0x00, 0x6c, 0x00, 0x65, 0x00, 0x64, 0x00, 0x2c, 0x00,
  0x0a, 0x00, 0x72, 0x00, 0x65, 0x00, 0x64, 0x00, 0x69, 0x00, 0x73, 0x00,
  0x74, 0x00, 0x72, 0x00, 0x69, 0x00, 0x62, 0x00, 0x75, 0x00, 0x74, 0x00,
  0x65, 0x00, 0x64, 0x00, 0x20, 0x00, 0x61, 0x00, 0x6e, 0x00, 0x64, 0x00,
  0x2f, 0x00, 0x6f, 0x00, 0x72, 0x00, 0x20, 0x00, 0x73, 0x00, 0x6f, 0x00,
  0x6c, 0x00, 0x64, 0x00, 0x20, 0x00, 0x77, 0x00, 0x69, 0x00, 0x74, 0x00,
  0x68, 0x00, 0x20, 0x00, 0x61, 0x00, 0x6e, 0x00, 0x79, 0x00, 0x20, 0x00,
  0x73, 0x00, 0x6f, 0x00, 0x66, 0x00, 0x74, 0x00, 0x77, 0x00, 0x61, 0x00,
  0x72, 0x00, 0x65, 0x00, 0x2c, 0x00, 0x20, 0x00, 0x70, 0x00, 0x72, 0x00,
  0x6f, 0x00, 0x76, 0x00, 0x69, 0x00, 0x64, 0x00, 0x65, 0x00, 0x64, 0x00,
  0x20, 0x00, 0x74, 0x00, 0x68, 0x00, 0x61, 0x00, 0x74, 0x00, 0x20, 0x00,
  0x65, 0x00, 0x61, 0x00, 0x63, 0x00, 0x68, 0x00, 0x20, 0x00, 0x63, 0x00,
  0x6f, 0x00, 0x70, 0x00, 0x79, 0x00, 0x0a, 0x00, 0x63, 0x00, 0x6f, 0x00,
  0x6e, 0x00, 0x74, 0x00, 0x61, 0x00, 0x69, 0x00, 0x6e, 0x00, 0x73, 0x00,
  0x20, 0x00, 0x74, 0x00, 0x68, 0x00, 0x65, 0x00, 0x20, 0x00, 0x61, 0x00,
  0x62, 0x00, 0x6f, 0x00, 0x76, 0x00, 0x65, 0x00, 0x20, 0x00, 0x63, 0x00,
  0x6f, 0x00, 0x70, 0x00, 0x79, 0x00, 0x72, 0x00, 0x69, 0x00, 0x67, 0x00,
  0x68, 0x00, 0x74, 0x00, 0x20, 0x00, 0x6e, 0x00, 0x6f, 0x00, 0x74, 0x00,
  0x69, 0x00, 0x63, 0x00, 0x65, 0x00, 0x20, 0x00, 0x61, 0x00, 0x6e, 0x00,
  0x64, 0x00, 0x20, 0x00, 0x74, 0x00, 0x68, 0x00, 0x69, 0x00, 0x73, 0x00,
  0x20, 0x00, 0x6c, 0x00, 0x69, 0x00, 0x63, 0x00, 0x65, 0x00, 0x6e, 0x00,
  0x73, 0x00, 0x65, 0x00, 0x2e, 0x00, 0x20, 0x00, 0x54, 0x00, 0x68, 0x00,
  0x65, 0x00, 0x73, 0x00, 0x65, 0x00, 0x20, 0x00, 0x63, 0x00, 0x61, 0x00,
  0x6e, 0x00, 0x20, 0x00, 0x62, 0x00, 0x65, 0x00, 0x0a, 0x00, 0x69, 0x00,
  0x6e, 0x00, 0x63, 0x00, 0x6c, 0x00, 0x75, 0x00, 0x64, 0x00, 0x65, 0x00,
  0x64, 0x00, 0x20, 0x00, 0x65, 0x00, 0x69, 0x00, 0x74, 0x00, 0x68, 0x00,
  0x65, 0x00, 0x72, 0x00, 0x20, 0x00, 0x61, 0x00, 0x73, 0x00, 0x20, 0x00,
  0x73, 0x00, 0x74, 0x00, 0x61, 0x00, 0x6e, 0x00, 0x64, 0x00, 0x2d, 0x00,
  0x61, 0x00, 0x6c, 0x00, 0x6f, 0x00, 0x6e, 0x00, 0x65, 0x00, 0x20, 0x00,
  0x74, 0x00, 0x65, 0x00, 0x78, 0x00, 0x74, 0x00, 0x20, 0x00, 0x66, 0x00,
  0x69, 0x00, 0x6c, 0x00, 0x65, 0x00, 0x73, 0x00, 0x2c, 0x00, 0x20, 0x00,
  0x68, 0x00, 0x75, 0x00, 0x6d, 0x00, 0x61, 0x00, 0x6e, 0x00, 0x2d, 0x00,
  0x72, 0x00, 0x65, 0x00, 0x61, 0x00, 0x64, 0x00, 0x61, 0x00, 0x62, 0x00,
  0x6c, 0x00, 0x65, 0x00, 0x20, 0x00, 0x68, 0x00, 0x65, 0x00, 0x61, 0x00,
  0x64, 0x00, 0x65, 0x00, 0x72, 0x00, 0x73, 0x00, 0x20, 0x00, 0x6f, 0x00,
  0x72, 0x00, 0x0a, 0x00, 0x69, 0x00, 0x6e, 0x00, 0x20, 0x00, 0x74, 0x00,
  0x68, 0x00, 0x65, 0x00, 0x20, 0x00, 0x61, 0x00, 0x70, 0x00, 0x70, 0x00,
  0x72, 0x00, 0x6f, 0x00, 0x70, 0x00, 0x72, 0x00, 0x69, 0x00, 0x61, 0x00,
  0x74, 0x00, 0x65, 0x00, 0x20, 0x00, 0x6d, 0x00, 0x61, 0x00, 0x63, 0x00,
  0x68, 0x00, 0x69, 0x00, 0x6e, 0x00, 0x65, 0x00, 0x2d, 0x00, 0x72, 0x00,
  0x65, 0x00, 0x61, 0x00, 0x64, 0x00, 0x61, 0x00, 0x62, 0x00, 0x6c, 0x00,
  0x65, 0x00, 0x20, 0x00, 0x6d, 0x00, 0x65, 0x00, 0x74, 0x00, 0x61, 0x00,
  0x64, 0x00, 0x61, 0x00, 0x74, 0x00, 0x61, 0x00, 0x20, 0x00, 0x66, 0x00,
  0x69, 0x00, 0x65, 0x00, 0x6c, 0x00, 0x64, 0x00, 0x73, 0x00, 0x20, 0x00,
  0x77, 0x00, 0x69, 0x00, 0x74, 0x00, 0x68, 0x00, 0x69, 0x00, 0x6e, 0x00,
  0x20, 0x00, 0x74, 0x00, 0x65, 0x00, 0x78, 0x00, 0x74, 0x00, 0x20, 0x00,
  0x6f, 0x00, 0x72, 0x00, 0x0a, 0x00, 0x62, 0x00, 0x69, 0x00, 0x6e, 0x00,
  0x61, 0x00, 0x72, 0x00, 0x79, 0x00, 0x20, 0x00, 0x66, 0x00, 0x69, 0x00,
  0x6c, 0x00, 0x65, 0x00, 0x73, 0x00, 0x20, 0x00, 0x61, 0x00, 0x73, 0x00,
  0x20, 0x00, 0x6c, 0x00, 0x6f, 0x00, 0x6e, 0x00, 0x67, 0x00, 0x20, 0x00,
  0x61, 0x00, 0x73, 0x00, 0x20, 0x00, 0x74, 0x00, 0x68, 0x00, 0x6f, 0x00,
  0x73, 0x00, 0x65, 0x00, 0x20, 0x00, 0x66, 0x00, 0x69, 0x00, 0x65, 0x00,
  0x6c, 0x00, 0x64, 0x00, 0x73, 0x00, 0x20, 0x00, 0x63, 0x00, 0x61, 0x00,
  0x6e, 0x00, 0x20, 0x00, 0x62, 0x00, 0x65, 0x00, 0x20, 0x00, 0x65, 0x00,
  0x61, 0x00, 0x73, 0x00, 0x69, 0x00, 0x6c, 0x00, 0x79, 0x00, 0x20, 0x00,
  0x76, 0x00, 0x69, 0x00, 0x65, 0x00, 0x77, 0x00, 0x65, 0x00, 0x64, 0x00,
  0x20, 0x00, 0x62, 0x00, 0x79, 0x00, 0x20, 0x00, 0x74, 0x00, 0x68, 0x00,
  0x65, 0x00, 0x20, 0x00, 0x75, 0x00, 0x73, 0x00, 0x65, 0x00, 0x72, 0x00,
  0x2e, 0x00, 0x0a, 0x00, 0x0a, 0x00, 0x33, 0x00, 0x29, 0x00, 0x20, 0x00,
  0x4e, 0x00, 0x6f, 0x00, 0x20, 0x00, 0x4d, 0x00, 0x6f, 0x00, 0x64, 0x00,
  0x69, 0x00, 0x66, 0x00, 0x69, 0x00, 0x65, 0x00, 0x64, 0x00, 0x20, 0x00,
  0x56, 0x00, 0x65, 0x00, 0x72, 0x00, 0x73, 0x00, 0x69, 0x00, 0x6f, 0x00,
  0x6e, 0x00, 0x20, 0x00, 0x6f, 0x00, 0x66, 0x00, 0x20, 0x00, 0x74, 0x00,
  0x68, 0x00, 0x65, 0x00, 0x20, 0x00, 0x46, 0x00, 0x6f, 0x00, 0x6e, 0x00,
  0x74, 0x00, 0x20, 0x00, 0x53, 0x00, 0x6f, 0x00, 0x66, 0x00, 0x74, 0x00,
  0x77, 0x00, 0x61, 0x00, 0x72, 0x00, 0x65, 0x00, 0x20, 0x00, 0x6d, 0x00,
  0x61, 0x00, 0x79, 0x00, 0x20, 0x00, 0x75, 0x00, 0x73, 0x00, 0x65, 0x00,
  0x20, 0x00, 0x74, 0x00, 0x68, 0x00, 0x65, 0x00, 0x20, 0x00, 0x52, 0x00,
  0x65, 0x00, 0x73, 0x00, 0x65, 0x00, 0x72, 0x00, 0x76, 0x00, 0x65, 0x00,
  0x64, 0x00, 0x20, 0x00, 0x46, 0x00, 0x6f, 0x00, 0x6e, 0x00, 0x74, 0x00,
  0x0a, 0x00, 0x4e, 0x00, 0x61, 0x00, 0x6d, 0x00, 0x65, 0x00, 0x28, 0x00,
  0x73, 0x00, 0x29, 0x00, 0x20, 0x00, 0x75, 0x00, 0x6e, 0x00, 0x6c, 0x00,
  0x65, 0x00, 0x73, 0x00, 0x73, 0x00, 0x20, 0x00, 0x65, 0x00, 0x78, 0x00,
  0x70, 0x00, 0x6c, 0x00, 0x69, 0x00, 0x63, 0x00, 0x69, 0x00, 0x74, 0x00,
  0x20, 0x00, 0x77, 0x00, 0x72, 0x00, 0x69, 0x00, 0x74, 0x00, 0x74, 0x00,
  0x65, 0x00, 0x6e, 0x00, 0x20, 0x00, 0x70, 0x00, 0x65, 0x00, 0x72, 0x00,
  0x6d, 0x00, 0x69, 0x00, 0x73, 0x00, 0x73, 0x00, 0x69, 0x00, 0x6f, 0x00,
  0x6e, 0x00, 0x20, 0x00, 0x69, 0x00, 0x73, 0x00, 0x20, 0x00, 0x67, 0x00,
  0x72, 0x00, 0x61, 0x00, 0x6e, 0x00, 0x74, 0x00, 0x65, 0x00, 0x64, 0x00,
  0x20, 0x00, 0x62, 0x00, 0x79, 0x00, 0x20, 0x00, 0x74, 0x00, 0x68, 0x00,
  0x65, 0x00, 0x20, 0x00, 0x63, 0x00, 0x6f, 0x00, 0x72, 0x00, 0x72, 0x00,
  0x65, 0x00, 0x73, 0x00, 0x70, 0x00, 0x6f, 0x00, 0x6e, 0x00, 0x64, 0x00,
  0x69, 0x00, 0x6e, 0x00, 0x67, 0x00, 0x0a, 0x00, 0x43, 0x00, 0x6f, 0x00,
  0x70, 0x00, 0x79, 0x00, 0x72, 0x00, 0x69, 0x00, 0x67, 0x00, 0x68, 0x00,
  0x74, 0x00, 0x20, 0x00, 0x48, 0x00, 0x6f, 0x00, 0x6c, 0x00, 0x64, 0x00,
  0x65, 0x00, 0x72, 0x00, 0x2e, 0x00, 0x20, 0x00, 0x54, 0x00, 0x68, 0x00,
  0x69, 0x00, 0x73, 0x00, 0x20, 0x00, 0x72, 0x00, 0x65, 0x00, 0x73, 0x00,
  0x74, 0x00, 0x72, 0x00, 0x69, 0x00, 0x63, 0x00, 0x74, 0x00, 0x69, 0x00,
  0x6f, 0x00, 0x6e, 0x00, 0x20, 0x00, 0x6f, 0x00, 0x6e, 0x00, 0x6c, 0x00,
  0x79, 0x00, 0x20, 0x00, 0x61, 0x00, 0x70, 0x00, 0x70, 0x00, 0x6c, 0x00,
  0x69, 0x00, 0x65, 0x00, 0x73, 0x00, 0x20, 0x00, 0x74, 0x00, 0x6f, 0x00,
  0x20, 0x00, 0x74, 0x00, 0x68, 0x00, 0x65, 0x00, 0x20, 0x00, 0x70, 0x00,
  0x72, 0x00, 0x69, 0x00, 0x6d, 0x00, 0x61, 0x00, 0x72, 0x00, 0x79, 0x00,
  0x20, 0x00, 0x66, 0x00, 0x6f, 0x00, 0x6e, 0x00, 0x74, 0x00, 0x20, 0x00,
  0x6e, 0x00, 0x61, 0x00, 0x6d, 0x00, 0x65, 0x00, 0x20, 0x00, 0x61, 0x00,
  0x73, 0x00, 0x0a, 0x00, 0x70, 0x00, 0x72, 0x00, 0x65, 0x00, 0x73, 0x00,
  0x65, 0x00, 0x6e, 0x00, 0x74, 0x00, 0x65, 0x00, 0x64, 0x00, 0x20, 0x00,
  0x74, 0x00, 0x6f, 0x00, 0x20, 0x00, 0x74, 0x00, 0x68, 0x00, 0x65, 0x00,
  0x20, 0x00, 0x75, 0x00, 0x73, 0x00, 0x65, 0x00, 0x72, 0x00, 0x73, 0x00,
  0x2e, 0x00, 0x0a, 0x00, 0x0a, 0x00, 0x34, 0x00, 0x29, 0x00, 0x20, 0x00,
  0x54, 0x00, 0x68, 0x00, 0x65, 0x00, 0x20, 0x00, 0x6e, 0x00, 0x61, 0x00,
  0x6d, 0x00, 0x65, 0x00, 0x28, 0x00, 0x73, 0x00, 0x29, 0x00, 0x20, 0x00,
  0x6f, 0x00, 0x66, 0x00, 0x20, 0x00, 0x74, 0x00, 0x68, 0x00, 0x65, 0x00,
  0x20, 0x00, 0x43, 0x00, 0x6f, 0x00, 0x70, 0x00, 0x79, 0x00, 0x72, 0x00,
  0x69, 0x00, 0x67, 0x00, 0x68, 0x00, 0x74, 0x00, 0x20, 0x00, 0x48, 0x00,
  0x6f, 0x00, 0x6c, 0x00, 0x64, 0x00, 0x65, 0x00, 0x72, 0x00, 0x28, 0x00,
  0x73, 0x00, 0x29, 0x00, 0x20, 0x00, 0x6f, 0x00, 0x72, 0x00, 0x20, 0x00,
  0x74, 0x00, 0x68, 0x00, 0x65, 0x00, 0x20, 0x00, 0x41, 0x00, 0x75, 0x00,
  0x74, 0x00, 0x68, 0x00, 0x6f, 0x00, 0x72, 0x00, 0x28, 0x00, 0x73, 0x00,
  0x29, 0x00, 0x20, 0x00, 0x6f, 0x00, 0x66, 0x00, 0x20, 0x00, 0x74, 0x00,
  0x68, 0x00, 0x65, 0x00, 0x20, 0x00, 0x46, 0x00, 0x6f, 0x00, 0x6e, 0x00,
  0x74, 0x00, 0x0a, 0x00, 0x53, 0x00, 0x6f, 0x00, 0x66, 0x00, 0x74, 0x00,
  0x77, 0x00, 0x61, 0x00, 0x72, 0x00, 0x65, 0x00, 0x20, 0x00, 0x73, 0x00,
  0x68, 0x00, 0x61, 0x00, 0x6c, 0x00, 0x6c, 0x00, 0x20, 0x00, 0x6e, 0x00,
  0x6f, 0x00, 0x74, 0x00, 0x20, 0x00, 0x62, 0x00, 0x65, 0x00, 0x20, 0x00,
  0x75, 0x00, 0x73, 0x00, 0x65, 0x00, 0x64, 0x00, 0x20, 0x00, 0x74, 0x00,
  0x6f, 0x00, 0x20, 0x00, 0x70, 0x00, 0x72, 0x00, 0x6f, 0x00, 0x6d, 0x00,
  0x6f, 0x00, 0x74, 0x00, 0x65, 0x00, 0x2c, 0x00, 0x20, 0x00, 0x65, 0x00,
  0x6e, 0x00, 0x64, 0x00, 0x6f, 0x00, 0x72, 0x00, 0x73, 0x00, 0x65, 0x00,
  0x20, 0x00, 0x6f, 0x00, 0x72, 0x00, 0x20, 0x00, 0x61, 0x00, 0x64, 0x00,
  0x76, 0x00, 0x65, 0x00, 0x72, 0x00, 0x74, 0x00, 0x69, 0x00, 0x73, 0x00,
  0x65, 0x00, 0x20, 0x00, 0x61, 0x00, 0x6e, 0x00, 0x79, 0x00, 0x0a, 0x00,
  0x4d, 0x00, 0x6f, 0x00, 0x64, 0x00, 0x69, 0x00, 0x66, 0x00, 0x69, 0x00,
  0x65, 0x00, 0x64, 0x00, 0x20, 0x00, 0x56, 0x00, 0x65, 0x00, 0x72, 0x00,
  0x73, 0x00, 0x69, 0x00, 0x6f, 0x00, 0x6e, 0x00, 0x2c, 0x00, 0x20, 0x00,
  0x65, 0x00, 0x78, 0x00, 0x63, 0x00, 0x65, 0x00, 0x70, 0x00, 0x74, 0x00,
  0x20, 0x00, 0x74, 0x00, 0x6f, 0x00, 0x20, 0x00, 0x61, 0x00, 0x63, 0x00,
  0x6b, 0x00, 0x6e, 0x00, 0x6f, 0x00, 0x77, 0x00, 0x6c, 0x00, 0x65, 0x00,
  0x64, 0x00, 0x67, 0x00, 0x65, 0x00, 0x20, 0x00, 0x74, 0x00, 0x68, 0x00,
  0x65, 0x00, 0x20, 0x00, 0x63, 0x00, 0x6f, 0x00, 0x6e, 0x00, 0x74, 0x00,
  0x72, 0x00, 0x69, 0x00, 0x62, 0x00, 0x75, 0x00, 0x74, 0x00, 0x69, 0x00,
  0x6f, 0x00, 0x6e, 0x00, 0x28, 0x00, 0x73, 0x00, 0x29, 0x00, 0x20, 0x00,
  0x6f, 0x00, 0x66, 0x00, 0x20, 0x00, 0x74, 0x00, 0x68, 0x00, 0x65, 0x00,
  0x0a, 0x00, 0x43, 0x00, 0x6f, 0x00, 0x70, 0x00, 0x79, 0x00, 0x72, 0x00,
  0x69, 0x00, 0x67, 0x00, 0x68, 0x00, 0x74, 0x00, 0x20, 0x00, 0x48, 0x00,
  0x6f, 0x00, 0x6c, 0x00, 0x64, 0x00, 0x65, 0x00, 0x72, 0x00, 0x28, 0x00,
  0x73, 0x00, 0x29, 0x00, 0x20, 0x00, 0x61, 0x00, 0x6e, 0x00, 0x64, 0x00,
  0x20, 0x00, 0x74, 0x00, 0x68, 0x00, 0x65, 0x00, 0x20, 0x00, 0x41, 0x00,
  0x75, 0x00, 0x74, 0x00, 0x68, 0x00, 0x6f, 0x00, 0x72, 0x00, 0x28, 0x00,
  0x73, 0x00, 0x29, 0x00, 0x20, 0x00, 0x6f, 0x00, 0x72, 0x00, 0x20, 0x00,
  0x77, 0x00, 0x69, 0x00, 0x74, 0x00, 0x68, 0x00, 0x20, 0x00, 0x74, 0x00,
  0x68, 0x00, 0x65, 0x00, 0x69, 0x00, 0x72, 0x00, 0x20, 0x00, 0x65, 0x00,
  0x78, 0x00, 0x70, 0x00, 0x6c, 0x00, 0x69, 0x00, 0x63, 0x00, 0x69, 0x00,
  0x74, 0x00, 0x20, 0x00, 0x77, 0x00, 0x72, 0x00, 0x69, 0x00, 0x74, 0x00,
  0x74, 0x00, 0x65, 0x00, 0x6e, 0x00, 0x0a, 0x00, 0x70, 0x00, 0x65, 0x00,
  0x72, 0x00, 0x6d, 0x00, 0x69, 0x00, 0x73, 0x00, 0x73, 0x00, 0x69, 0x00,
  0x6f, 0x00, 0x6e, 0x00, 0x2e, 0x00, 0x0a, 0x00, 0x0a, 0x00, 0x35, 0x00,
  0x29, 0x00, 0x20, 0x00, 0x54, 0x00, 0x68, 0x00, 0x65, 0x00, 0x20, 0x00,
  0x46, 0x00, 0x6f, 0x00, 0x6e, 0x00, 0x74, 0x00, 0x20, 0x00, 0x53, 0x00,
  0x6f, 0x00, 0x66, 0x00, 0x74, 0x00, 0x77, 0x00, 0x61, 0x00, 0x72, 0x00,
  0x65, 0x00, 0x2c, 0x00, 0x20, 0x00, 0x6d, 0x00, 0x6f, 0x00, 0x64, 0x00,
  0x69, 0x00, 0x66, 0x00, 0x69, 0x00, 0x65, 0x00, 0x64, 0x00, 0x20, 0x00,
  0x6f, 0x00, 0x72, 0x00, 0x20, 0x00, 0x75, 0x00, 0x6e, 0x00, 0x6d, 0x00,
  0x6f, 0x00, 0x64, 0x00, 0x69, 0x00, 0x66, 0x00, 0x69, 0x00, 0x65, 0x00,
  0x64, 0x00, 0x2c, 0x00, 0x20, 0x00, 0x69, 0x00, 0x6e, 0x00, 0x20, 0x00,
  0x70, 0x00, 0x61, 0x00, 0x72, 0x00, 0x74, 0x00, 0x20, 0x00, 0x6f, 0x00,
  0x72, 0x00, 0x20, 0x00, 0x69, 0x00, 0x6e, 0x00, 0x20, 0x00, 0x77, 0x00,
  0x68, 0x00, 0x6f, 0x00, 0x6c, 0x00, 0x65, 0x00, 0x2c, 0x00, 0x0a, 0x00,
  0x6d, 0x00, 0x75, 0x00, 0x73, 0x00, 0x74, 0x00, 0x20, 0x00, 0x62, 0x00,
  0x65, 0x00, 0x20, 0x00, 0x64, 0x00, 0x69, 0x00, 0x73, 0x00, 0x74, 0x00,
  0x72, 0x00, 0x69, 0x00, 0x62, 0x00, 0x75, 0x00, 0x74, 0x00, 0x65, 0x00,
  0x64, 0x00, 0x20, 0x00, 0x65, 0x00, 0x6e, 0x00, 0x74, 0x00, 0x69, 0x00,
  0x72, 0x00, 0x65, 0x00, 0x6c, 0x00, 0x79, 0x00, 0x20, 0x00, 0x75, 0x00,
  0x6e, 0x00, 0x64, 0x00, 0x65, 0x00, 0x72, 0x00, 0x20, 0x00, 0x74, 0x00,
  0x68, 0x00, 0x69, 0x00, 0x73, 0x00, 0x20, 0x00, 0x6c, 0x00, 0x69, 0x00,
  0x63, 0x00, 0x65, 0x00, 0x6e, 0x00, 0x73, 0x00, 0x65, 0x00, 0x2c, 0x00,
  0x20, 0x00, 0x61, 0x00, 0x6e, 0x00, 0x64, 0x00, 0x20, 0x00, 0x6d, 0x00,
  0x75, 0x00, 0x73, 0x00, 0x74, 0x00, 0x20, 0x00, 0x6e, 0x00, 0x6f, 0x00,
  0x74, 0x00, 0x20, 0x00, 0x62, 0x00, 0x65, 0x00, 0x0a, 0x00, 0x64, 0x00,
  0x69, 0x00, 0x73, 0x00, 0x74, 0x00, 0x72, 0x00, 0x69, 0x00, 0x62, 0x00,
  0x75, 0x00, 0x74, 0x00, 0x65, 0x00, 0x64, 0x00, 0x20, 0x00, 0x75, 0x00,
  0x6e, 0x00, 0x64, 0x00, 0x65, 0x00, 0x72, 0x00, 0x20, 0x00, 0x61, 0x00,
  0x6e, 0x00, 0x79, 0x00, 0x20, 0x00, 0x6f, 0x00, 0x74, 0x00, 0x68, 0x00,
  0x65, 0x00, 0x72, 0x00, 0x20, 0x00, 0x6c, 0x00, 0x69, 0x00, 0x63, 0x00,
  0x65, 0x00, 0x6e, 0x00, 0x73, 0x00, 0x65, 0x00, 0x2e, 0x00, 0x20, 0x00,
  0x54, 0x00, 0x68, 0x00, 0x65, 0x00, 0x20, 0x00, 0x72, 0x00, 0x65, 0x00,
  0x71, 0x00, 0x75, 0x00, 0x69, 0x00, 0x72, 0x00, 0x65, 0x00, 0x6d, 0x00,
  0x65, 0x00, 0x6e, 0x00, 0x74, 0x00, 0x20, 0x00, 0x66, 0x00, 0x6f, 0x00,
  0x72, 0x00, 0x20, 0x00, 0x66, 0x00, 0x6f, 0x00, 0x6e, 0x00, 0x74, 0x00,
  0x73, 0x00, 0x20, 0x00, 0x74, 0x00, 0x6f, 0x00, 0x0a, 0x00, 0x72, 0x00,
  0x65, 0x00, 0x6d, 0x00, 0x61, 0x00, 0x69, 0x00, 0x6e, 0x00, 0x20, 0x00,
  0x75, 0x00, 0x6e, 0x00, 0x64, 0x00, 0x65, 0x00, 0x72, 0x00, 0x20, 0x00,
  0x74, 0x00, 0x68, 0x00, 0x69, 0x00, 0x73, 0x00, 0x20, 0x00, 0x6c, 0x00,
  0x69, 0x00, 0x63, 0x00, 0x65, 0x00, 0x6e, 0x00, 0x73, 0x00, 0x65, 0x00,
  0x20, 0x00, 0x64, 0x00, 0x6f, 0x00, 0x65, 0x00, 0x73, 0x00, 0x20, 0x00,
  0x6e, 0x00, 0x6f, 0x00, 0x74, 0x00, 0x20, 0x00, 0x61, 0x00, 0x70, 0x00,
  0x70, 0x00, 0x6c, 0x00, 0x79, 0x00, 0x20, 0x00, 0x74, 0x00, 0x6f, 0x00,
  0x20, 0x00, 0x61, 0x00, 0x6e, 0x00, 0x79, 0x00, 0x20, 0x00, 0x64, 0x00,
  0x6f, 0x00, 0x63, 0x00, 0x75, 0x00, 0x6d, 0x00, 0x65, 0x00, 0x6e, 0x00,
  0x74, 0x00, 0x20, 0x00, 0x63, 0x00, 0x72, 0x00, 0x65, 0x00, 0x61, 0x00,
  0x74, 0x00, 0x65, 0x00, 0x64, 0x00, 0x0a, 0x00, 0x75, 0x00, 0x73, 0x00,
  0x69, 0x00, 0x6e, 0x00, 0x67, 0x00, 0x20, 0x00, 0x74, 0x00, 0x68, 0x00,
  0x65, 0x00, 0x20, 0x00, 0x46, 0x00, 0x6f, 0x00, 0x6e, 0x00, 0x74, 0x00,
  0x20, 0x00, 0x53, 0x00, 0x6f, 0x00, 0x66, 0x00, 0x74, 0x00, 0x77, 0x00,
  0x61, 0x00, 0x72, 0x00, 0x65, 0x00, 0x2e, 0x00, 0x0a, 0x00, 0x0a, 0x00,
  0x54, 0x00, 0x45, 0x00, 0x52, 0x00, 0x4d, 0x00, 0x49, 0x00, 0x4e, 0x00,
  0x41, 0x00, 0x54, 0x00, 0x49, 0x00, 0x4f, 0x00, 0x4e, 0x00, 0x0a, 0x00,
  0x54, 0x00, 0x68, 0x00, 0x69, 0x00, 0x73, 0x00, 0x20, 0x00, 0x6c, 0x00,
  0x69, 0x00, 0x63, 0x00, 0x65, 0x00, 0x6e, 0x00, 0x73, 0x00, 0x65, 0x00,
  0x20, 0x00, 0x62, 0x00, 0x65, 0x00, 0x63, 0x00, 0x6f, 0x00, 0x6d, 0x00,
  0x65, 0x00, 0x73, 0x00, 0x20, 0x00, 0x6e, 0x00, 0x75, 0x00, 0x6c, 0x00,
  0x6c, 0x00, 0x20, 0x00, 0x61, 0x00, 0x6e, 0x00, 0x64, 0x00, 0x20, 0x00,
  0x76, 0x00, 0x6f, 0x00, 0x69, 0x00, 0x64, 0x00, 0x20, 0x00, 0x69, 0x00,
  0x66, 0x00, 0x20, 0x00, 0x61, 0x00, 0x6e, 0x00, 0x79, 0x00, 0x20, 0x00,
  0x6f, 0x00, 0x66, 0x00, 0x20, 0x00, 0x74, 0x00, 0x68, 0x00, 0x65, 0x00,
  0x20, 0x00, 0x61, 0x00, 0x62, 0x00, 0x6f, 0x00, 0x76, 0x00, 0x65, 0x00,
  0x20, 0x00, 0x63, 0x00, 0x6f, 0x00, 0x6e, 0x00, 0x64, 0x00, 0x69, 0x00,
  0x74, 0x00, 0x69, 0x00, 0x6f, 0x00, 0x6e, 0x00, 0x73, 0x00, 0x20, 0x00,
  0x61, 0x00, 0x72, 0x00, 0x65, 0x00, 0x0a, 0x00, 0x6e, 0x00, 0x6f, 0x00,
  0x74, 0x00, 0x20, 0x00, 0x6d, 0x00, 0x65, 0x00, 0x74, 0x00, 0x2e, 0x00,
  0x0a, 0x00, 0x0a, 0x00, 0x44, 0x00, 0x49, 0x00, 0x53, 0x00, 0x43, 0x00,
  0x4c, 0x00, 0x41, 0x00, 0x49, 0x00, 0x4d, 0x00, 0x45, 0x00, 0x52, 0x00,
  0x0a, 0x00, 0x54, 0x00, 0x48, 0x00, 0x45, 0x00, 0x20, 0x00, 0x46, 0x00,
  0x4f, 0x00, 0x4e, 0x00, 0x54, 0x00, 0x20, 0x00, 0x53, 0x00, 0x4f, 0x00,
  0x46, 0x00, 0x54, 0x00, 0x57, 0x00, 0x41, 0x00, 0x52, 0x00, 0x45, 0x00,
  0x20, 0x00, 0x49, 0x00, 0x53, 0x00, 0x20, 0x00, 0x50, 0x00, 0x52, 0x00,
  0x4f, 0x00, 0x56, 0x00, 0x49, 0x00, 0x44, 0x00, 0x45, 0x00, 0x44, 0x00,
  0x20, 0x00, 0x22, 0x00, 0x41, 0x00, 0x53, 0x00, 0x20, 0x00, 0x49, 0x00,
  0x53, 0x00, 0x22, 0x00, 0x2c, 0x00, 0x20, 0x00, 0x57, 0x00, 0x49, 0x00,
  0x54, 0x00, 0x48, 0x00, 0x4f, 0x00, 0x55, 0x00, 0x54, 0x00, 0x20, 0x00,
  0x57, 0x00, 0x41, 0x00, 0x52, 0x00, 0x52, 0x00, 0x41, 0x00, 0x4e, 0x00,
  0x54, 0x00, 0x59, 0x00, 0x20, 0x00, 0x4f, 0x00, 0x46, 0x00, 0x20, 0x00,
  0x41, 0x00, 0x4e, 0x00, 0x59, 0x00, 0x20, 0x00, 0x4b, 0x00, 0x49, 0x00,
  0x4e, 0x00, 0x44, 0x00, 0x2c, 0x00, 0x0a, 0x00, 0x45, 0x00, 0x58, 0x00,
  0x50, 0x00, 0x52, 0x00, 0x45, 0x00, 0x53, 0x00, 0x53, 0x00, 0x20, 0x00,
  0x4f, 0x00, 0x52, 0x00, 0x20, 0x00, 0x49, 0x00, 0x4d, 0x00, 0x50, 0x00,
  0x4c, 0x00, 0x49, 0x00, 0x45, 0x00, 0x44, 0x00, 0x2c, 0x00, 0x20, 0x00,
  0x49, 0x00, 0x4e, 0x00, 0x43, 0x00, 0x4c, 0x00, 0x55, 0x00, 0x44, 0x00,
  0x49, 0x00, 0x4e, 0x00, 0x47, 0x00, 0x20, 0x00, 0x42, 0x00, 0x55, 0x00,
  0x54, 0x00, 0x20, 0x00, 0x4e, 0x00, 0x4f, 0x00, 0x54, 0x00, 0x20, 0x00,
  0x4c, 0x00, 0x49, 0x00, 0x4d, 0x00, 0x49, 0x00, 0x54, 0x00, 0x45, 0x00,
  0x44, 0x00, 0x20, 0x00, 0x54, 0x00, 0x4f, 0x00, 0x20, 0x00, 0x41, 0x00,
  0x4e, 0x00, 0x59, 0x00, 0x20, 0x00, 0x57, 0x00, 0x41, 0x00, 0x52, 0x00,
  0x52, 0x00, 0x41, 0x00, 0x4e, 0x00, 0x54, 0x00, 0x49, 0x00, 0x45, 0x00,
  0x53, 0x00, 0x20, 0x00, 0x4f, 0x00, 0x46, 0x00, 0x0a, 0x00, 0x4d, 0x00,
  0x45, 0x00, 0x52, 0x00, 0x43, 0x00, 0x48, 0x00, 0x41, 0x00, 0x4e, 0x00,
  0x54, 0x00, 0x41, 0x00, 0x42, 0x00, 0x49, 0x00, 0x4c, 0x00, 0x49, 0x00,
  0x54, 0x00, 0x59, 0x00, 0x2c, 0x00, 0x20, 0x00, 0x46, 0x00, 0x49, 0x00,
  0x54, 0x00, 0x4e, 0x00, 0x45, 0x00, 0x53, 0x00, 0x53, 0x00, 0x20, 0x00,
  0x46, 0x00, 0x4f, 0x00, 0x52, 0x00, 0x20, 0x00, 0x41, 0x00, 0x20, 0x00,
  0x50, 0x00, 0x41, 0x00, 0x52, 0x00, 0x54, 0x00, 0x49, 0x00, 0x43, 0x00,
  0x55, 0x00, 0x4c, 0x00, 0x41, 0x00, 0x52, 0x00, 0x20, 0x00, 0x50, 0x00,
  0x55, 0x00, 0x52, 0x00, 0x50, 0x00, 0x4f, 0x00, 0x53, 0x00, 0x45, 0x00,
  0x20, 0x00, 0x41, 0x00, 0x4e, 0x00, 0x44, 0x00, 0x20, 0x00, 0x4e, 0x00,
  0x4f, 0x00, 0x4e, 0x00, 0x49, 0x00, 0x4e, 0x00, 0x46, 0x00, 0x52, 0x00,
  0x49, 0x00, 0x4e, 0x00, 0x47, 0x00, 0x45, 0x00, 0x4d, 0x00, 0x45, 0x00,
  0x4e, 0x00, 0x54, 0x00, 0x0a, 0x00, 0x4f, 0x00, 0x46, 0x00, 0x20, 0x00,
  0x43, 0x00, 0x4f, 0x00, 0x50, 0x00, 0x59, 0x00, 0x52, 0x00, 0x49, 0x00,
  0x47, 0x00, 0x48, 0x00, 0x54, 0x00, 0x2c, 0x00, 0x20, 0x00, 0x50, 0x00,
  0x41, 0x00, 0x54, 0x00, 0x45, 0x00, 0x4e, 0x00, 0x54, 0x00, 0x2c, 0x00,
  0x20, 0x00, 0x54, 0x00, 0x52, 0x00, 0x41, 0x00, 0x44, 0x00, 0x45, 0x00,
  0x4d, 0x00, 0x41, 0x00, 0x52, 0x00, 0x4b, 0x00, 0x2c, 0x00, 0x20, 0x00,
  0x4f, 0x00, 0x52, 0x00, 0x20, 0x00, 0x4f, 0x00, 0x54, 0x00, 0x48, 0x00,
  0x45, 0x00, 0x52, 0x00, 0x20, 0x00, 0x52, 0x00, 0x49, 0x00, 0x47, 0x00,
  0x48, 0x00, 0x54, 0x00, 0x2e, 0x00, 0x20, 0x00, 0x49, 0x00, 0x4e, 0x00,
  0x20, 0x00, 0x4e, 0x00, 0x4f, 0x00, 0x20, 0x00, 0x45, 0x00, 0x56, 0x00,
  0x45, 0x00, 0x4e, 0x00, 0x54, 0x00, 0x20, 0x00, 0x53, 0x00, 0x48, 0x00,
  0x41, 0x00, 0x4c, 0x00, 0x4c, 0x00, 0x20, 0x00, 0x54, 0x00, 0x48, 0x00,
  0x45, 0x00, 0x0a, 0x00, 0x43, 0x00, 0x4f, 0x00, 0x50, 0x00, 0x59, 0x00,
  0x52, 0x00, 0x49, 0x00, 0x47, 0x00, 0x48, 0x00, 0x54, 0x00, 0x20, 0x00,
  0x48, 0x00, 0x4f, 0x00, 0x4c, 0x00, 0x44, 0x00, 0x45, 0x00, 0x52, 0x00,
  0x20, 0x00, 0x42, 0x00, 0x45, 0x00, 0x20, 0x00, 0x4c, 0x00, 0x49, 0x00,
  0x41, 0x00, 0x42, 0x00, 0x4c, 0x00, 0x45, 0x00, 0x20, 0x00, 0x46, 0x00,
  0x4f, 0x00, 0x52, 0x00, 0x20, 0x00, 0x41, 0x00, 0x4e, 0x00, 0x59, 0x00,
  0x20, 0x00, 0x43, 0x00, 0x4c, 0x00, 0x41, 0x00, 0x49, 0x00, 0x4d, 0x00,
  0x2c, 0x00, 0x20, 0x00, 0x44, 0x00, 0x41, 0x00, 0x4d, 0x00, 0x41, 0x00,
  0x47, 0x00, 0x45, 0x00, 0x53, 0x00, 0x20, 0x00, 0x4f, 0x00, 0x52, 0x00,
  0x20, 0x00, 0x4f, 0x00, 0x54, 0x00, 0x48, 0x00, 0x45, 0x00, 0x52, 0x00,
  0x20, 0x00, 0x4c, 0x00, 0x49, 0x00, 0x41, 0x00, 0x42, 0x00, 0x49, 0x00,
  0x4c, 0x00, 0x49, 0x00, 0x54, 0x00, 0x59, 0x00, 0x2c, 0x00, 0x0a, 0x00,
  0x49, 0x00, 0x4e, 0x00, 0x43, 0x00, 0x4c, 0x00, 0x55, 0x00, 0x44, 0x00,
  0x49, 0x00, 0x4e, 0x00, 0x47, 0x00, 0x20, 0x00, 0x41, 0x00, 0x4e, 0x00,
  0x59, 0x00, 0x20, 0x00, 0x47, 0x00, 0x45, 0x00, 0x4e, 0x00, 0x45, 0x00,
  0x52, 0x00, 0x41, 0x00, 0x4c, 0x00, 0x2c, 0x00, 0x20, 0x00, 0x53, 0x00,
  0x50, 0x00, 0x45, 0x00, 0x43, 0x00, 0x49, 0x00, 0x41, 0x00, 0x4c, 0x00,
  0x2c, 0x00, 0x20, 0x00, 0x49, 0x00, 0x4e, 0x00, 0x44, 0x00, 0x49, 0x00,
  0x52, 0x00, 0x45, 0x00, 0x43, 0x00, 0x54, 0x00, 0x2c, 0x00, 0x20, 0x00,
  0x49, 0x00, 0x4e, 0x00, 0x43, 0x00, 0x49, 0x00, 0x44, 0x00, 0x45, 0x00,
  0x4e, 0x00, 0x54, 0x00, 0x41, 0x00, 0x4c, 0x00, 0x2c, 0x00, 0x20, 0x00,
  0x4f, 0x00, 0x52, 0x00, 0x20, 0x00, 0x43, 0x00, 0x4f, 0x00, 0x4e, 0x00,
  0x53, 0x00, 0x45, 0x00, 0x51, 0x00, 0x55, 0x00, 0x45, 0x00, 0x4e, 0x00,
  0x54, 0x00, 0x49, 0x00, 0x41, 0x00, 0x4c, 0x00, 0x0a, 0x00, 0x44, 0x00,
  0x41, 0x00, 0x4d, 0x00, 0x41, 0x00, 0x47, 0x00, 0x45, 0x00, 0x53, 0x00,
  0x2c, 0x00, 0x20, 0x00, 0x57, 0x00, 0x48, 0x00, 0x45, 0x00, 0x54, 0x00,
  0x48, 0x00, 0x45, 0x00, 0x52, 0x00, 0x20, 0x00, 0x49, 0x00, 0x4e, 0x00,
  0x20, 0x00, 0x41, 0x00, 0x4e, 0x00, 0x20, 0x00, 0x41, 0x00, 0x43, 0x00,
  0x54, 0x00, 0x49, 0x00, 0x4f, 0x00, 0x4e, 0x00, 0x20, 0x00, 0x4f, 0x00,
  0x46, 0x00, 0x20, 0x00, 0x43, 0x00, 0x4f, 0x00, 0x4e, 0x00, 0x54, 0x00,
  0x52, 0x00, 0x41, 0x00, 0x43, 0x00, 0x54, 0x00, 0x2c, 0x00, 0x20, 0x00,
  0x54, 0x00, 0x4f, 0x00, 0x52, 0x00, 0x54, 0x00, 0x20, 0x00, 0x4f, 0x00,
  0x52, 0x00, 0x20, 0x00, 0x4f, 0x00, 0x54, 0x00, 0x48, 0x00, 0x45, 0x00,
  0x52, 0x00, 0x57, 0x00, 0x49, 0x00, 0x53, 0x00, 0x45, 0x00, 0x2c, 0x00,
  0x20, 0x00, 0x41, 0x00, 0x52, 0x00, 0x49, 0x00, 0x53, 0x00, 0x49, 0x00,
  0x4e, 0x00, 0x47, 0x00, 0x0a, 0x00, 0x46, 0x00, 0x52, 0x00, 0x4f, 0x00,
  0x4d, 0x00, 0x2c, 0x00, 0x20, 0x00, 0x4f, 0x00, 0x55, 0x00, 0x54, 0x00,
  0x20, 0x00, 0x4f, 0x00, 0x46, 0x00, 0x20, 0x00, 0x54, 0x00, 0x48, 0x00,
  0x45, 0x00, 0x20, 0x00, 0x55, 0x00, 0x53, 0x00, 0x45, 0x00, 0x20, 0x00,
  0x4f, 0x00, 0x52, 0x00, 0x20, 0x00, 0x49, 0x00, 0x4e, 0x00, 0x41, 0x00,
  0x42, 0x00, 0x49, 0x00, 0x4c, 0x00, 0x49, 0x00, 0x54, 0x00, 0x59, 0x00,
  0x20, 0x00, 0x54, 0x00, 0x4f, 0x00, 0x20, 0x00, 0x55, 0x00, 0x53, 0x00,
  0x45, 0x00, 0x20, 0x00, 0x54, 0x00, 0x48, 0x00, 0x45, 0x00, 0x20, 0x00,
  0x46, 0x00, 0x4f, 0x00, 0x4e, 0x00, 0x54, 0x00, 0x20, 0x00, 0x53, 0x00,
  0x4f, 0x00, 0x46, 0x00, 0x54, 0x00, 0x57, 0x00, 0x41, 0x00, 0x52, 0x00,
  0x45, 0x00, 0x20, 0x00, 0x4f, 0x00, 0x52, 0x00, 0x20, 0x00, 0x46, 0x00,
  0x52, 0x00, 0x4f, 0x00, 0x4d, 0x00, 0x0a, 0x00, 0x4f, 0x00, 0x54, 0x00,
  0x48, 0x00, 0x45, 0x00, 0x52, 0x00, 0x20, 0x00, 0x44, 0x00, 0x45, 0x00,
  0x41, 0x00, 0x4c, 0x00, 0x49, 0x00, 0x4e, 0x00, 0x47, 0x00, 0x53, 0x00,
  0x20, 0x00, 0x49, 0x00, 0x4e, 0x00, 0x20, 0x00, 0x54, 0x00, 0x48, 0x00,
  0x45, 0x00, 0x20, 0x00, 0x46, 0x00, 0x4f, 0x00, 0x4e, 0x00, 0x54, 0x00,
  0x20, 0x00, 0x53, 0x00, 0x4f, 0x00, 0x46, 0x00, 0x54, 0x00, 0x57, 0x00,
  0x41, 0x00, 0x52, 0x00, 0x45, 0x00, 0x2e, 0x00, 0x00, 0x43, 0x6f, 0x70,
  0x79, 0x72, 0x69, 0x67, 0x68, 0x74, 0x20, 0x28, 0x63, 0x29, 0x20, 0x32,
  0x30, 0x32, 0x32, 0x2c, 0x20, 0x53, 0x65, 0x61, 0x6e, 0x20, 0x50, 0x65,
  0x74, 0x79, 0x6b, 0x6f, 0x77, 0x73, 0x6b, 0x69, 0x20, 0x28, 0x73, 0x70,
  0x65, 0x74, 0x79, 0x6b, 0x6f, 0x77, 0x73, 0x6b, 0x69, 0x40, 0x67, 0x6d,
  0x61, 0x69, 0x6c, 0x2e, 0x63, 0x6f, 0x6d, 0x29, 0x2c, 0x0a, 0x77, 0x69,
  0x74, 0x68, 0x20, 0x52, 0x65, 0x73, 0x65, 0x72, 0x76, 0x65, 0x64, 0x20,
  0x46, 0x6f, 0x6e, 0x74, 0x20, 0x4e, 0x61, 0x6d, 0x65, 0x20, 0x4c, 0x6f,
  0x6e, 0x64, 0x6f, 0x6e, 0x20, 0x55, 0x6e, 0x64, 0x65, 0x72, 0x67, 0x72,
  0x6f, 0x75, 0x6e, 0x64, 0x2e, 0x0a, 0x0a, 0x54, 0x68, 0x69, 0x73, 0x20,
  0x46, 0x6f, 0x6e, 0x74, 0x20, 0x53, 0x6f, 0x66, 0x74, 0x77, 0x61, 0x72,
  0x65, 0x20, 0x69, 0x73, 0x20, 0x6c, 0x69, 0x63, 0x65, 0x6e, 0x73, 0x65,
  0x64, 0x20, 0x75, 0x6e, 0x64, 0x65, 0x72, 0x20, 0x74, 0x68, 0x65, 0x20,
  0x53, 0x49, 0x4c, 0x20, 0x4f, 0x70, 0x65, 0x6e, 0x20, 0x46, 0x6f, 0x6e,
  0x74, 0x20, 0x4c, 0x69, 0x63, 0x65, 0x6e, 0x73, 0x65, 0x2c, 0x20, 0x56,
  0x65, 0x72, 0x73, 0x69, 0x6f, 0x6e, 0x20, 0x31, 0x2e, 0x31, 0x2e, 0x0a,
  0x54, 0x68, 0x69, 0x73, 0x20, 0x6c, 0x69, 0x63, 0x65, 0x6e, 0x73, 0x65,
  0x20, 0x69, 0x73, 0x20, 0x63, 0x6f, 0x70, 0x69, 0x65, 0x64, 0x20, 0x62,
  0x65, 0x6c, 0x6f, 0x77, 0x2c, 0x20, 0x61, 0x6e, 0x64, 0x20, 0x69, 0x73,
  0x20, 0x61, 0x6c, 0x73, 0x6f, 0x20, 0x61, 0x76, 0x61, 0x69, 0x6c, 0x61,
  0x62, 0x6c, 0x65, 0x20, 0x77, 0x69, 0x74, 0x68, 0x20, 0x61, 0x20, 0x46,
  0x41, 0x51, 0x20, 0x61, 0x74, 0x3a, 0x0a, 0x68, 0x74, 0x74, 0x70, 0x3a,
  0x2f, 0x2f, 0x73, 0x63, 0x72, 0x69, 0x70, 0x74, 0x73, 0x2e, 0x73, 0x69,
  0x6c, 0x2e, 0x6f, 0x72, 0x67, 0x2f, 0x4f, 0x46, 0x4c, 0x0a, 0x0a, 0x0a,
  0x2d, 0x2d, 0x2d, 0x2d, 0x2d, 0x2d, 0x2d, 0x2d, 0x2d, 0x2d, 0x2d, 0x2d,
  0x2d, 0x2d, 0x2d, 0x2d, 0x2d, 0x2d, 0x2d, 0x2d, 0x2d, 0x2d, 0x2d, 0x2d,
  0x2d, 0x2d, 0x2d, 0x2d, 0x2d, 0x2d, 0x2d, 0x2d, 0x2d, 0x2d, 0x2d, 0x2d,
  0x2d, 0x2d, 0x2d, 0x2d, 0x2d, 0x2d, 0x2d, 0x2d, 0x2d, 0x2d, 0x2d, 0x2d,
  0x2d, 0x2d, 0x2d, 0x2d, 0x2d, 0x2d, 0x2d, 0x2d, 0x2d, 0x2d, 0x2d, 0x0a,
  0x53, 0x49, 0x4c, 0x20, 0x4f, 0x50, 0x45, 0x4e, 0x20, 0x46, 0x4f, 0x4e,
  0x54, 0x20, 0x4c, 0x49, 0x43, 0x45, 0x4e, 0x53, 0x45, 0x20, 0x56, 0x65,
  0x72, 0x73, 0x69, 0x6f, 0x6e, 0x20, 0x31, 0x2e, 0x31, 0x20, 0x2d, 0x20,
  0x32, 0x36, 0x20, 0x46, 0x65, 0x62, 0x72, 0x75, 0x61, 0x72, 0x79, 0x20,
  0x32, 0x30, 0x30, 0x37, 0x0a, 0x2d, 0x2d, 0x2d, 0x2d, 0x2d, 0x2d, 0x2d,
  0x2d, 0x2d, 0x2d, 0x2d, 0x2d, 0x2d, 0x2d, 0x2d, 0x2d, 0x2d, 0x2d, 0x2d,
  0x2d, 0x2d, 0x2d, 0x2d, 0x2d, 0x2d, 0x2d, 0x2d, 0x2d, 0x2d, 0x2d, 0x2d,
  0x2d, 0x2d, 0x2d, 0x2d, 0x2d, 0x2d, 0x2d, 0x2d, 0x2d, 0x2d, 0x2d, 0x2d,
  0x2d, 0x2d, 0x2d, 0x2d, 0x2d, 0x2d, 0x2d, 0x2d, 0x2d, 0x2d, 0x2d, 0x2d,
  0x2d, 0x2d, 0x2d, 0x2d, 0x0a, 0x0a, 0x50, 0x52, 0x45, 0x41, 0x4d, 0x42,
  0x4c, 0x45, 0x0a, 0x54, 0x68, 0x65, 0x20, 0x67, 0x6f, 0x61, 0x6c, 0x73,
  0x20, 0x6f, 0x66, 0x20, 0x74, 0x68, 0x65, 0x20, 0x4f, 0x70, 0x65, 0x6e,
  0x20, 0x46, 0x6f, 0x6e, 0x74, 0x20, 0x4c, 0x69, 0x63, 0x65, 0x6e, 0x73,
  0x65, 0x20, 0x28, 0x4f, 0x46, 0x4c, 0x29, 0x20, 0x61, 0x72, 0x65, 0x20,
  0x74, 0x6f, 0x20, 0x73, 0x74, 0x69, 0x6d, 0x75, 0x6c, 0x61, 0x74, 0x65,
  0x20, 0x77, 0x6f, 0x72, 0x6c, 0x64, 0x77, 0x69, 0x64, 0x65, 0x0a, 0x64,
  0x65, 0x76, 0x65, 0x6c, 0x6f, 0x70, 0x6d, 0x65, 0x6e, 0x74, 0x20, 0x6f,
  0x66, 0x20, 0x63, 0x6f, 0x6c, 0x6c, 0x61, 0x62, 0x6f, 0x72, 0x61, 0x74,
  0x69, 0x76, 0x65, 0x20, 0x66, 0x6f, 0x6e, 0x74, 0x20, 0x70, 0x72, 0x6f,
  0x6a, 0x65, 0x63, 0x74, 0x73, 0x2c, 0x20, 0x74, 0x6f, 0x20, 0x73, 0x75,
  0x70, 0x70, 0x6f, 0x72, 0x74, 0x20, 0x74, 0x68, 0x65, 0x20, 0x66, 0x6f,
  0x6e, 0x74, 0x20, 0x63, 0x72, 0x65, 0x61, 0x74, 0x69, 0x6f, 0x6e, 0x0a,
  0x65, 0x66, 0x66, 0x6f, 0x72, 0x74, 0x73, 0x20, 0x6f, 0x66, 0x20, 0x61,
  0x63, 0x61, 0x64, 0x65, 0x6d, 0x69, 0x63, 0x20, 0x61, 0x6e, 0x64, 0x20,
  0x6c, 0x69, 0x6e, 0x67, 0x75, 0x69, 0x73, 0x74, 0x69, 0x63, 0x20, 0x63,
  0x6f, 0x6d, 0x6d, 0x75, 0x6e, 0x69, 0x74, 0x69, 0x65, 0x73, 0x2c, 0x20,
  0x61, 0x6e, 0x64, 0x20, 0x74, 0x6f, 0x20, 0x70, 0x72, 0x6f, 0x76, 0x69,
  0x64, 0x65, 0x20, 0x61, 0x20, 0x66, 0x72, 0x65, 0x65, 0x20, 0x61, 0x6e,
  0x64, 0x0a, 0x6f, 0x70, 0x65, 0x6e, 0x20, 0x66, 0x72, 0x61, 0x6d, 0x65,
  0x77, 0x6f, 0x72, 0x6b, 0x20, 0x69, 0x6e, 0x20, 0x77, 0x68, 0x69, 0x63,
  0x68, 0x20, 0x66, 0x6f, 0x6e, 0x74, 0x73, 0x20, 0x6d, 0x61, 0x79, 0x20,
  0x62, 0x65, 0x20, 0x73, 0x68, 0x61, 0x72, 0x65, 0x64, 0x20, 0x61, 0x6e,
  0x64, 0x20, 0x69, 0x6d, 0x70, 0x72, 0x6f, 0x76, 0x65, 0x64, 0x20, 0x69,
  0x6e, 0x20, 0x70, 0x61, 0x72, 0x74, 0x6e, 0x65, 0x72, 0x73, 0x68, 0x69,
  0x70, 0x0a, 0x77, 0x69, 0x74, 0x68, 0x20, 0x6f, 0x74, 0x68, 0x65, 0x72,
  0x73, 0x2e, 0x0a, 0x0a, 0x54, 0x68, 0x65, 0x20, 0x4f, 0x46, 0x4c, 0x20,
  0x61, 0x6c, 0x6c, 0x6f, 0x77, 0x73, 0x20, 0x74, 0x68, 0x65, 0x20, 0x6c,
  0x69, 0x63, 0x65, 0x6e, 0x73, 0x65, 0x64, 0x20, 0x66, 0x6f, 0x6e, 0x74,
  0x73, 0x20, 0x74, 0x6f, 0x20, 0x62, 0x65, 0x20, 0x75, 0x73, 0x65, 0x64,
  0x2c, 0x20, 0x73, 0x74, 0x75, 0x64, 0x69, 0x65, 0x64, 0x2c, 0x20, 0x6d,
  0x6f, 0x64, 0x69, 0x66, 0x69, 0x65, 0x64, 0x20, 0x61, 0x6e, 0x64, 0x0a,
  0x72, 0x65, 0x64, 0x69, 0x73, 0x74, 0x72, 0x69, 0x62, 0x75, 0x74, 0x65,
  0x64, 0x20, 0x66, 0x72, 0x65, 0x65, 0x6c, 0x79, 0x20, 0x61, 0x73, 0x20,
  0x6c, 0x6f, 0x6e, 0x67, 0x20, 0x61, 0x73, 0x20, 0x74, 0x68, 0x65, 0x79,
  0x20, 0x61, 0x72, 0x65, 0x20, 0x6e, 0x6f, 0x74, 0x20, 0x73, 0x6f, 0x6c,
  0x64, 0x20, 0x62, 0x79, 0x20, 0x74, 0x68, 0x65, 0x6d, 0x73, 0x65, 0x6c,
  0x76, 0x65, 0x73, 0x2e, 0x20, 0x54, 0x68, 0x65, 0x0a, 0x66, 0x6f, 0x6e,
  0x74, 0x73, 0x2c, 0x20, 0x69, 0x6e, 0x63, 0x6c, 0x75, 0x64, 0x69, 0x6e,
  0x67, 0x20, 0x61, 0x6e, 0x79, 0x20, 0x64, 0x65, 0x72, 0x69, 0x76, 0x61,
  0x74, 0x69, 0x76, 0x65, 0x20, 0x77, 0x6f, 0x72, 0x6b, 0x73, 0x2c, 0x20,
  0x63, 0x61, 0x6e, 0x20, 0x62, 0x65, 0x20, 0x62, 0x75, 0x6e, 0x64, 0x6c,
  0x65, 0x64, 0x2c, 0x20, 0x65, 0x6d, 0x62, 0x65, 0x64, 0x64, 0x65, 0x64,
  0x2c, 0x20, 0x0a, 0x72, 0x65, 0x64, 0x69, 0x73, 0x74, 0x72, 0x69, 0x62,
  0x75, 0x74, 0x65, 0x64, 0x20, 0x61, 0x6e, 0x64, 0x2f, 0x6f, 0x72, 0x20,
  0x73, 0x6f, 0x6c, 0x64, 0x20, 0x77, 0x69, 0x74, 0x68, 0x20, 0x61, 0x6e,
  0x79, 0x20, 0x73, 0x6f, 0x66, 0x74, 0x77, 0x61, 0x72, 0x65, 0x20, 0x70,
  0x72, 0x6f, 0x76, 0x69, 0x64, 0x65, 0x64, 0x20, 0x74, 0x68, 0x61, 0x74,
  0x20, 0x61, 0x6e, 0x79, 0x20, 0x72, 0x65, 0x73, 0x65, 0x72, 0x76, 0x65,
  0x64, 0x0a, 0x6e, 0x61, 0x6d, 0x65, 0x73, 0x20, 0x61, 0x72, 0x65, 0x20,
  0x6e, 0x6f, 0x74, 0x20, 0x75, 0x73, 0x65, 0x64, 0x20, 0x62, 0x79, 0x20,
  0x64, 0x65, 0x72, 0x69, 0x76, 0x61, 0x74, 0x69, 0x76, 0x65, 0x20, 0x77,
  0x6f, 0x72, 0x6b, 0x73, 0x2e, 0x20, 0x54, 0x68, 0x65, 0x20, 0x66, 0x6f,
  0x6e, 0x74, 0x73, 0x20, 0x61, 0x6e, 0x64, 0x20, 0x64, 0x65, 0x72, 0x69,
  0x76, 0x61, 0x74, 0x69, 0x76, 0x65, 0x73, 0x2c, 0x0a, 0x68, 0x6f, 0x77,
  0x65, 0x76, 0x65, 0x72, 0x2c, 0x20, 0x63, 0x61, 0x6e, 0x6e, 0x6f, 0x74,
  0x20, 0x62, 0x65, 0x20, 0x72, 0x65, 0x6c, 0x65, 0x61, 0x73, 0x65, 0x64,
  0x20, 0x75, 0x6e, 0x64, 0x65, 0x72, 0x20, 0x61, 0x6e, 0x79, 0x20, 0x6f,
  0x74, 0x68, 0x65, 0x72, 0x20, 0x74, 0x79, 0x70, 0x65, 0x20, 0x6f, 0x66,
  0x20, 0x6c, 0x69, 0x63, 0x65, 0x6e, 0x73, 0x65, 0x2e, 0x20, 0x54, 0x68,
  0x65, 0x0a, 0x72, 0x65, 0x71, 0x75, 0x69, 0x72, 0x65, 0x6d, 0x65, 0x6e,
  0x74, 0x20, 0x66, 0x6f, 0x72, 0x20, 0x66, 0x6f, 0x6e, 0x74, 0x73, 0x20,
  0x74, 0x6f, 0x20, 0x72, 0x65, 0x6d, 0x61, 0x69, 0x6e, 0x20, 0x75, 0x6e,
  0x64, 0x65, 0x72, 0x20, 0x74, 0x68, 0x69, 0x73, 0x20, 0x6c, 0x69, 0x63,
  0x65, 0x6e, 0x73, 0x65, 0x20, 0x64, 0x6f, 0x65, 0x73, 0x20, 0x6e, 0x6f,
  0x74, 0x20, 0x61, 0x70, 0x70, 0x6c, 0x79, 0x0a, 0x74, 0x6f, 0x20, 0x61,
  0x6e, 0x79, 0x20, 0x64, 0x6f, 0x63, 0x75, 0x6d, 0x65, 0x6e, 0x74, 0x20,
  0x63, 0x72, 0x65, 0x61, 0x74, 0x65, 0x64, 0x20, 0x75, 0x73, 0x69, 0x6e,
  0x67, 0x20, 0x74, 0x68, 0x65, 0x20, 0x66, 0x6f, 0x6e, 0x74, 0x73, 0x20,
  0x6f, 0x72, 0x20, 0x74, 0x68, 0x65, 0x69, 0x72, 0x20, 0x64, 0x65, 0x72,
  0x69, 0x76, 0x61, 0x74, 0x69, 0x76, 0x65, 0x73, 0x2e, 0x0a, 0x0a, 0x44,
  0x45, 0x46, 0x49, 0x4e, 0x49, 0x54, 0x49, 0x4f, 0x4e, 0x53, 0x0a, 0x22,
  0x46, 0x6f, 0x6e, 0x74, 0x20, 0x53, 0x6f, 0x66, 0x74, 0x77, 0x61, 0x72,
  0x65, 0x22, 0x20, 0x72, 0x65, 0x66, 0x65, 0x72, 0x73, 0x20, 0x74, 0x6f,
  0x20, 0x74, 0x68, 0x65, 0x20, 0x73, 0x65, 0x74, 0x20, 0x6f, 0x66, 0x20,
  0x66, 0x69, 0x6c, 0x65, 0x73, 0x20, 0x72, 0x65, 0x6c, 0x65, 0x61, 0x73,
  0x65, 0x64, 0x20, 0x62, 0x79, 0x20, 0x74, 0x68, 0x65, 0x20, 0x43, 0x6f,
  0x70, 0x79, 0x72, 0x69, 0x67, 0x68, 0x74, 0x0a, 0x48, 0x6f, 0x6c, 0x64,
  0x65, 0x72, 0x28, 0x73, 0x29, 0x20, 0x75, 0x6e, 0x64, 0x65, 0x72, 0x20,
  0x74, 0x68, 0x69, 0x73, 0x20, 0x6c, 0x69, 0x63, 0x65, 0x6e, 0x73, 0x65,
  0x20, 0x61, 0x6e, 0x64, 0x20, 0x63, 0x6c, 0x65, 0x61, 0x72, 0x6c, 0x79,
  0x20, 0x6d, 0x61, 0x72, 0x6b, 0x65, 0x64, 0x20, 0x61, 0x73, 0x20, 0x73,
  0x75, 0x63, 0x68, 0x2e, 0x20, 0x54, 0x68, 0x69, 0x73, 0x20, 0x6d, 0x61,
  0x79, 0x0a, 0x69, 0x6e, 0x63, 0x6c, 0x75, 0x64, 0x65, 0x20, 0x73, 0x6f,
  0x75, 0x72, 0x63, 0x65, 0x20, 0x66, 0x69, 0x6c, 0x65, 0x73, 0x2c, 0x20,
  0x62, 0x75, 0x69, 0x6c, 0x64, 0x20, 0x73, 0x63, 0x72, 0x69, 0x70, 0x74,
  0x73, 0x20, 0x61, 0x6e, 0x64, 0x20, 0x64, 0x6f, 0x63, 0x75, 0x6d, 0x65,
  0x6e, 0x74, 0x61, 0x74, 0x69, 0x6f, 0x6e, 0x2e, 0x0a, 0x0a, 0x22, 0x52,
  0x65, 0x73, 0x65, 0x72, 0x76, 0x65, 0x64, 0x20, 0x46, 0x6f, 0x6e, 0x74,
  0x20, 0x4e, 0x61, 0x6d, 0x65, 0x22, 0x20, 0x72, 0x65, 0x66, 0x65, 0x72,
  0x73, 0x20, 0x74, 0x6f, 0x20, 0x61, 0x6e, 0x79, 0x20, 0x6e, 0x61, 0x6d,
  0x65, 0x73, 0x20, 0x73, 0x70, 0x65, 0x63, 0x69, 0x66, 0x69, 0x65, 0x64,
  0x20, 0x61, 0x73, 0x20, 0x73, 0x75, 0x63, 0x68, 0x20, 0x61, 0x66, 0x74,
  0x65, 0x72, 0x20, 0x74, 0x68, 0x65, 0x0a, 0x63, 0x6f, 0x70, 0x79, 0x72,
  0x69, 0x67, 0x68, 0x74, 0x20, 0x73, 0x74, 0x61, 0x74, 0x65, 0x6d, 0x65,
  0x6e, 0x74, 0x28, 0x73, 0x29, 0x2e, 0x0a, 0x0a, 0x22, 0x4f, 0x72, 0x69,
  0x67, 0x69, 0x6e, 0x61, 0x6c, 0x20, 0x56, 0x65, 0x72, 0x73, 0x69, 0x6f,
  0x6e, 0x22, 0x20, 0x72, 0x65, 0x66, 0x65, 0x72, 0x73, 0x20, 0x74, 0x6f,
  0x20, 0x74, 0x68, 0x65, 0x20, 0x63, 0x6f, 0x6c, 0x6c, 0x65, 0x63, 0x74,
  0x69, 0x6f, 0x6e, 0x20, 0x6f, 0x66, 0x20, 0x46, 0x6f, 0x6e, 0x74, 0x20,
  0x53, 0x6f, 0x66, 0x74, 0x77, 0x61, 0x72, 0x65, 0x20, 0x63, 0x6f, 0x6d,
  0x70, 0x6f, 0x6e, 0x65, 0x6e, 0x74, 0x73, 0x20, 0x61, 0x73, 0x0a, 0x64,
  0x69, 0x73, 0x74, 0x72, 0x69, 0x62, 0x75, 0x74, 0x65, 0x64, 0x20, 0x62,
  0x79, 0x20, 0x74, 0x68, 0x65, 0x20, 0x43, 0x6f, 0x70, 0x79, 0x72, 0x69,
  0x67, 0x68, 0x74, 0x20, 0x48, 0x6f, 0x6c, 0x64, 0x65, 0x72, 0x28, 0x73,
  0x29, 0x2e, 0x0a, 0x0a, 0x22, 0x4d, 0x6f, 0x64, 0x69, 0x66, 0x69, 0x65,
  0x64, 0x20, 0x56, 0x65, 0x72, 0x73, 0x69, 0x6f, 0x6e, 0x22, 0x20, 0x72,
  0x65, 0x66, 0x65, 0x72, 0x73, 0x20, 0x74, 0x6f, 0x20, 0x61, 0x6e, 0x79,
  0x20, 0x64, 0x65, 0x72, 0x69, 0x76, 0x61, 0x74, 0x69, 0x76, 0x65, 0x20,
  0x6d, 0x61, 0x64, 0x65, 0x20, 0x62, 0x79, 0x20, 0x61, 0x64, 0x64, 0x69,
  0x6e, 0x67, 0x20, 0x74, 0x6f, 0x2c, 0x20, 0x64, 0x65, 0x6c, 0x65, 0x74,
  0x69, 0x6e, 0x67, 0x2c, 0x0a, 0x6f, 0x72, 0x20, 0x73, 0x75, 0x62, 0x73,
  0x74, 0x69, 0x74, 0x75, 0x74, 0x69, 0x6e, 0x67, 0x20, 0x2d, 0x2d, 0x20,
  0x69, 0x6e, 0x20, 0x70, 0x61, 0x72, 0x74, 0x20, 0x6f, 0x72, 0x20, 0x69,
  0x6e, 0x20, 0x77, 0x68, 0x6f, 0x6c, 0x65, 0x20, 0x2d, 0x2d, 0x20, 0x61,
  0x6e, 0x79, 0x20, 0x6f, 0x66, 0x20, 0x74, 0x68, 0x65, 0x20, 0x63, 0x6f,
  0x6d, 0x70, 0x6f, 0x6e, 0x65, 0x6e, 0x74, 0x73, 0x20, 0x6f, 0x66, 0x20,
  0x74, 0x68, 0x65, 0x0a, 0x4f, 0x72, 0x69, 0x67, 0x69, 0x6e, 0x61, 0x6c,
  0x20, 0x56, 0x65, 0x72, 0x73, 0x69, 0x6f, 0x6e, 0x2c, 0x20, 0x62, 0x79,
  0x20, 0x63, 0x68, 0x61, 0x6e, 0x67, 0x69, 0x6e, 0x67, 0x20, 0x66, 0x6f,
  0x72, 0x6d, 0x61, 0x74, 0x73, 0x20, 0x6f, 0x72, 0x20, 0x62, 0x79, 0x20,
  0x70, 0x6f, 0x72, 0x74, 0x69, 0x6e, 0x67, 0x20, 0x74, 0x68, 0x65, 0x20,
  0x46, 0x6f, 0x6e, 0x74, 0x20, 0x53, 0x6f, 0x66, 0x74, 0x77, 0x61, 0x72,
  0x65, 0x20, 0x74, 0x6f, 0x20, 0x61, 0x0a, 0x6e, 0x65, 0x77, 0x20, 0x65,
  0x6e, 0x76, 0x69, 0x72, 0x6f, 0x6e, 0x6d, 0x65, 0x6e, 0x74, 0x2e, 0x0a,
  0x0a, 0x22, 0x41, 0x75, 0x74, 0x68, 0x6f, 0x72, 0x22, 0x20, 0x72, 0x65,
  0x66, 0x65, 0x72, 0x73, 0x20, 0x74, 0x6f, 0x20, 0x61, 0x6e, 0x79, 0x20,
  0x64, 0x65, 0x73, 0x69, 0x67, 0x6e, 0x65, 0x72, 0x2c, 0x20, 0x65, 0x6e,
  0x67, 0x69, 0x6e, 0x65, 0x65, 0x72, 0x2c, 0x20, 0x70, 0x72, 0x6f, 0x67,
  0x72, 0x61, 0x6d, 0x6d, 0x65, 0x72, 0x2c, 0x20, 0x74, 0x65, 0x63, 0x68,
  0x6e, 0x69, 0x63, 0x61, 0x6c, 0x0a, 0x77, 0x72, 0x69, 0x74, 0x65, 0x72,
  0x20, 0x6f, 0x72, 0x20, 0x6f, 0x74, 0x68, 0x65, 0x72, 0x20, 0x70, 0x65,
  0x72, 0x73, 0x6f, 0x6e, 0x20, 0x77, 0x68, 0x6f, 0x20, 0x63, 0x6f, 0x6e,
  0x74, 0x72, 0x69, 0x62, 0x75, 0x74, 0x65, 0x64, 0x20, 0x74, 0x6f, 0x20,
  0x74, 0x68, 0x65, 0x20, 0x46, 0x6f, 0x6e, 0x74, 0x20, 0x53, 0x6f, 0x66,
  0x74, 0x77, 0x61, 0x72, 0x65, 0x2e, 0x0a, 0x0a, 0x50, 0x45, 0x52, 0x4d,
  0x49, 0x53, 0x53, 0x49, 0x4f, 0x4e, 0x20, 0x26, 0x20, 0x43, 0x4f, 0x4e,
  0x44, 0x49, 0x54, 0x49, 0x4f, 0x4e, 0x53, 0x0a, 0x50, 0x65, 0x72, 0x6d,
  0x69, 0x73, 0x73, 0x69, 0x6f, 0x6e, 0x20, 0x69, 0x73, 0x20, 0x68, 0x65,
  0x72, 0x65, 0x62, 0x79, 0x20, 0x67, 0x72, 0x61, 0x6e, 0x74, 0x65, 0x64,
  0x2c, 0x20, 0x66, 0x72, 0x65, 0x65, 0x20, 0x6f, 0x66, 0x20, 0x63, 0x68,
  0x61, 0x72, 0x67, 0x65, 0x2c, 0x20, 0x74, 0x6f, 0x20, 0x61, 0x6e, 0x79,
  0x20, 0x70, 0x65, 0x72, 0x73, 0x6f, 0x6e, 0x20, 0x6f, 0x62, 0x74, 0x61,
  0x69, 0x6e, 0x69, 0x6e, 0x67, 0x0a, 0x61, 0x20, 0x63, 0x6f, 0x70, 0x79,
  0x20, 0x6f, 0x66, 0x20, 0x74, 0x68, 0x65, 0x20, 0x46, 0x6f, 0x6e, 0x74,
  0x20, 0x53, 0x6f, 0x66, 0x74, 0x77, 0x61, 0x72, 0x65, 0x2c, 0x20, 0x74,
  0x6f, 0x20, 0x75, 0x73, 0x65, 0x2c, 0x20, 0x73, 0x74, 0x75, 0x64, 0x79,
  0x2c, 0x20, 0x63, 0x6f, 0x70, 0x79, 0x2c, 0x20, 0x6d, 0x65, 0x72, 0x67,
  0x65, 0x2c, 0x20, 0x65, 0x6d, 0x62, 0x65, 0x64, 0x2c, 0x20, 0x6d, 0x6f,
  0x64, 0x69, 0x66, 0x79, 0x2c, 0x0a, 0x72, 0x65, 0x64, 0x69, 0x73, 0x74,
  0x72, 0x69, 0x62, 0x75, 0x74, 0x65, 0x2c, 0x20, 0x61, 0x6e, 0x64, 0x20,
  0x73, 0x65, 0x6c, 0x6c, 0x20, 0x6d, 0x6f, 0x64, 0x69, 0x66, 0x69, 0x65,
  0x64, 0x20, 0x61, 0x6e, 0x64, 0x20, 0x75, 0x6e, 0x6d, 0x6f, 0x64, 0x69,
  0x66, 0x69, 0x65, 0x64, 0x20, 0x63, 0x6f, 0x70, 0x69, 0x65, 0x73, 0x20,
  0x6f, 0x66, 0x20, 0x74, 0x68, 0x65, 0x20, 0x46, 0x6f, 0x6e, 0x74, 0x0a,
  0x53, 0x6f, 0x66, 0x74, 0x77, 0x61, 0x72, 0x65, 0x2c, 0x20, 0x73, 0x75,
  0x62, 0x6a, 0x65, 0x63, 0x74, 0x20, 0x74, 0x6f, 0x20, 0x74, 0x68, 0x65,
  0x20, 0x66, 0x6f, 0x6c, 0x6c, 0x6f, 0x77, 0x69, 0x6e, 0x67, 0x20, 0x63,
  0x6f, 0x6e, 0x64, 0x69, 0x74, 0x69, 0x6f, 0x6e, 0x73, 0x3a, 0x0a, 0x0a,
  0x31, 0x29, 0x20, 0x4e, 0x65, 0x69, 0x74, 0x68, 0x65, 0x72, 0x20, 0x74,
  0x68, 0x65, 0x20, 0x46, 0x6f, 0x6e, 0x74, 0x20, 0x53, 0x6f, 0x66, 0x74,
  0x77, 0x61, 0x72, 0x65, 0x20, 0x6e, 0x6f, 0x72, 0x20, 0x61, 0x6e, 0x79,
  0x20, 0x6f, 0x66, 0x20, 0x69, 0x74, 0x73, 0x20, 0x69, 0x6e, 0x64, 0x69,
  0x76, 0x69, 0x64, 0x75, 0x61, 0x6c, 0x20, 0x63, 0x6f, 0x6d, 0x70, 0x6f,
  0x6e, 0x65, 0x6e, 0x74, 0x73, 0x2c, 0x0a, 0x69, 0x6e, 0x20, 0x4f, 0x72,
  0x69, 0x67, 0x69, 0x6e, 0x61, 0x6c, 0x20, 0x6f, 0x72, 0x20, 0x4d, 0x6f,
  0x64, 0x69, 0x66, 0x69, 0x65, 0x64, 0x20, 0x56, 0x65, 0x72, 0x73, 0x69,
  0x6f, 0x6e, 0x73, 0x2c, 0x20, 0x6d, 0x61, 0x79, 0x20, 0x62, 0x65, 0x20,
  0x73, 0x6f, 0x6c, 0x64, 0x20, 0x62, 0x79, 0x20, 0x69, 0x74, 0x73, 0x65,
  0x6c, 0x66, 0x2e, 0x0a, 0x0a, 0x32, 0x29, 0x20, 0x4f, 0x72, 0x69, 0x67,
  0x69, 0x6e, 0x61, 0x6c, 0x20, 0x6f, 0x72, 0x20, 0x4d, 0x6f, 0x64, 0x69,
  0x66, 0x69, 0x65, 0x64, 0x20, 0x56, 0x65, 0x72, 0x73, 0x69, 0x6f, 0x6e,
  0x73, 0x20, 0x6f, 0x66, 0x20, 0x74, 0x68, 0x65, 0x20, 0x46, 0x6f, 0x6e,
  0x74, 0x20, 0x53, 0x6f, 0x66, 0x74, 0x77, 0x61, 0x72, 0x65, 0x20, 0x6d,
  0x61, 0x79, 0x20, 0x62, 0x65, 0x20, 0x62, 0x75, 0x6e, 0x64, 0x6c, 0x65,
  0x64, 0x2c, 0x0a, 0x72, 0x65, 0x64, 0x69, 0x73, 0x74, 0x72, 0x69, 0x62,
  0x75, 0x74, 0x65, 0x64, 0x20, 0x61, 0x6e, 0x64, 0x2f, 0x6f, 0x72, 0x20,
  0x73, 0x6f, 0x6c, 0x64, 0x20, 0x77, 0x69, 0x74, 0x68, 0x20, 0x61, 0x6e,
  0x79, 0x20, 0x73, 0x6f, 0x66, 0x74, 0x77, 0x61, 0x72, 0x65, 0x2c, 0x20,
  0x70, 0x72, 0x6f, 0x76, 0x69, 0x64, 0x65, 0x64, 0x20, 0x74, 0x68, 0x61,
  0x74, 0x20, 0x65, 0x61, 0x63, 0x68, 0x20, 0x63, 0x6f, 0x70, 0x79, 0x0a,
  0x63, 0x6f, 0x6e, 0x74, 0x61, 0x69, 0x6e, 0x73, 0x20, 0x74, 0x68, 0x65,
  0x20, 0x61, 0x62, 0x6f, 0x76, 0x65, 0x20, 0x63, 0x6f, 0x70, 0x79, 0x72,
  0x69, 0x67, 0x68, 0x74, 0x20, 0x6e, 0x6f, 0x74, 0x69, 0x63, 0x65, 0x20,
  0x61, 0x6e, 0x64, 0x20, 0x74, 0x68, 0x69, 0x73, 0x20, 0x6c, 0x69, 0x63,
  0x65, 0x6e, 0x73, 0x65, 0x2e, 0x20, 0x54, 0x68, 0x65, 0x73, 0x65, 0x20,
  0x63, 0x61, 0x6e, 0x20, 0x62, 0x65, 0x0a, 0x69, 0x6e, 0x63, 0x6c, 0x75,
  0x64, 0x65, 0x64, 0x20, 0x65, 0x69, 0x74, 0x68, 0x65, 0x72, 0x20, 0x61,
  0x73, 0x20, 0x73, 0x74, 0x61, 0x6e, 0x64, 0x2d, 0x61, 0x6c, 0x6f, 0x6e,
  0x65, 0x20, 0x74, 0x65, 0x78, 0x74, 0x20, 0x66, 0x69, 0x6c, 0x65, 0x73,
  0x2c, 0x20, 0x68, 0x75, 0x6d, 0x61, 0x6e, 0x2d, 0x72, 0x65, 0x61, 0x64,
  0x61, 0x62, 0x6c, 0x65, 0x20, 0x68, 0x65, 0x61, 0x64, 0x65, 0x72, 0x73,
  0x20, 0x6f, 0x72, 0x0a, 0x69, 0x6e, 0x20, 0x74, 0x68, 0x65, 0x20, 0x61,
  0x70, 0x70, 0x72, 0x6f, 0x70, 0x72, 0x69, 0x61, 0x74, 0x65, 0x20, 0x6d,
  0x61, 0x63, 0x68, 0x69, 0x6e, 0x65, 0x2d, 0x72, 0x65, 0x61, 0x64, 0x61,
  0x62, 0x6c, 0x65, 0x20, 0x6d, 0x65, 0x74, 0x61, 0x64, 0x61, 0x74, 0x61,
  0x20, 0x66, 0x69, 0x65, 0x6c, 0x64, 0x73, 0x20, 0x77, 0x69, 0x74, 0x68,
  0x69, 0x6e, 0x20, 0x74, 0x65, 0x78, 0x74, 0x20, 0x6f, 0x72, 0x0a, 0x62,
  0x69, 0x6e, 0x61, 0x72, 0x79, 0x20, 0x66, 0x69, 0x6c, 0x65, 0x73, 0x20,
  0x61, 0x73, 0x20, 0x6c, 0x6f, 0x6e, 0x67, 0x20, 0x61, 0x73, 0x20, 0x74,
  0x68, 0x6f, 0x73, 0x65, 0x20, 0x66, 0x69, 0x65, 0x6c, 0x64, 0x73, 0x20,
  0x63, 0x61, 0x6e, 0x20, 0x62, 0x65, 0x20, 0x65, 0x61, 0x73, 0x69, 0x6c,
  0x79, 0x20, 0x76, 0x69, 0x65, 0x77, 0x65, 0x64, 0x20, 0x62, 0x79, 0x20,
  0x74, 0x68, 0x65, 0x20, 0x75, 0x73, 0x65, 0x72, 0x2e, 0x0a, 0x0a, 0x33,
  0x29, 0x20, 0x4e, 0x6f, 0x20, 0x4d, 0x6f, 0x64, 0x69, 0x66, 0x69, 0x65,
  0x64, 0x20, 0x56, 0x65, 0x72, 0x73, 0x69, 0x6f, 0x6e, 0x20, 0x6f, 0x66,
  0x20, 0x74, 0x68, 0x65, 0x20, 0x46, 0x6f, 0x6e, 0x74, 0x20, 0x53, 0x6f,
  0x66, 0x74, 0x77, 0x61, 0x72, 0x65, 0x20, 0x6d, 0x61, 0x79, 0x20, 0x75,
  0x73, 0x65, 0x20, 0x74, 0x68, 0x65, 0x20, 0x52, 0x65, 0x73, 0x65, 0x72,
  0x76, 0x65, 0x64, 0x20, 0x46, 0x6f, 0x6e, 0x74, 0x0a, 0x4e, 0x61, 0x6d,
  0x65, 0x28, 0x73, 0x29, 0x20, 0x75, 0x6e, 0x6c, 0x65, 0x73, 0x73, 0x20,
  0x65, 0x78, 0x70, 0x6c, 0x69, 0x63, 0x69, 0x74, 0x20, 0x77, 0x72, 0x69,
  0x74, 0x74, 0x65, 0x6e, 0x20, 0x70, 0x65, 0x72, 0x6d, 0x69, 0x73, 0x73,
  0x69, 0x6f, 0x6e, 0x20, 0x69, 0x73, 0x20, 0x67, 0x72, 0x61, 0x6e, 0x74,
  0x65, 0x64, 0x20, 0x62, 0x79, 0x20, 0x74, 0x68, 0x65, 0x20, 0x63, 0x6f,
  0x72, 0x72, 0x65, 0x73, 0x70, 0x6f, 0x6e, 0x64, 0x69, 0x6e, 0x67, 0x0a,
  0x43, 0x6f, 0x70, 0x79, 0x72, 0x69, 0x67, 0x68, 0x74, 0x20, 0x48, 0x6f,
  0x6c, 0x64, 0x65, 0x72, 0x2e, 0x20, 0x54, 0x68, 0x69, 0x73, 0x20, 0x72,
  0x65, 0x73, 0x74, 0x72, 0x69, 0x63, 0x74, 0x69, 0x6f, 0x6e, 0x20, 0x6f,
  0x6e, 0x6c, 0x79, 0x20, 0x61, 0x70, 0x70, 0x6c, 0x69, 0x65, 0x73, 0x20,
  0x74, 0x6f, 0x20, 0x74, 0x68, 0x65, 0x20, 0x70, 0x72, 0x69, 0x6d, 0x61,
  0x72, 0x79, 0x20, 0x66, 0x6f, 0x6e, 0x74, 0x20, 0x6e, 0x61, 0x6d, 0x65,
  0x20, 0x61, 0x73, 0x0a, 0x70, 0x72, 0x65, 0x73, 0x65, 0x6e, 0x74, 0x65,
  0x64, 0x20, 0x74, 0x6f, 0x20, 0x74, 0x68, 0x65, 0x20, 0x75, 0x73, 0x65,
  0x72, 0x73, 0x2e, 0x0a, 0x0a, 0x34, 0x29, 0x20, 0x54, 0x68, 0x65, 0x20,
  0x6e, 0x61, 0x6d, 0x65, 0x28, 0x73, 0x29, 0x20, 0x6f, 0x66, 0x20, 0x74,
  0x68, 0x65, 0x20, 0x43, 0x6f, 0x70, 0x79, 0x72, 0x69, 0x67, 0x68, 0x74,
  0x20, 0x48, 0x6f, 0x6c, 0x64, 0x65, 0x72, 0x28, 0x73, 0x29, 0x20, 0x6f,
  0x72, 0x20, 0x74, 0x68, 0x65, 0x20, 0x41, 0x75, 0x74, 0x68, 0x6f, 0x72,
  0x28, 0x73, 0x29, 0x20, 0x6f, 0x66, 0x20, 0x74, 0x68, 0x65, 0x20, 0x46,
  0x6f, 0x6e, 0x74, 0x0a, 0x53, 0x6f, 0x66, 0x74, 0x77, 0x61, 0x72, 0x65,
  0x20, 0x73, 0x68, 0x61, 0x6c, 0x6c, 0x20, 0x6e, 0x6f, 0x74, 0x20, 0x62,
  0x65, 0x20, 0x75, 0x73, 0x65, 0x64, 0x20, 0x74, 0x6f, 0x20, 0x70, 0x72,
  0x6f, 0x6d, 0x6f, 0x74, 0x65, 0x2c, 0x20, 0x65, 0x6e, 0x64, 0x6f, 0x72,
  0x73, 0x65, 0x20, 0x6f, 0x72, 0x20, 0x61, 0x64, 0x76, 0x65, 0x72, 0x74,
  0x69, 0x73, 0x65, 0x20, 0x61, 0x6e, 0x79, 0x0a, 0x4d, 0x6f, 0x64, 0x69,
  0x66, 0x69, 0x65, 0x64, 0x20, 0x56, 0x65, 0x72, 0x73, 0x69, 0x6f, 0x6e,
  0x2c, 0x20, 0x65, 0x78, 0x63, 0x65, 0x70, 0x74, 0x20, 0x74, 0x6f, 0x20,
  0x61, 0x63, 0x6b, 0x6e, 0x6f, 0x77, 0x6c, 0x65, 0x64, 0x67, 0x65, 0x20,
  0x74, 0x68, 0x65, 0x20, 0x63, 0x6f, 0x6e, 0x74, 0x72, 0x69, 0x62, 0x75,
  0x74, 0x69, 0x6f, 0x6e, 0x28, 0x73, 0x29, 0x20, 0x6f, 0x66, 0x20, 0x74,
  0x68, 0x65, 0x0a, 0x43, 0x6f, 0x70, 0x79, 0x72, 0x69, 0x67, 0x68, 0x74,
  0x20, 0x48, 0x6f, 0x6c, 0x64, 0x65, 0x72, 0x28, 0x73, 0x29, 0x20, 0x61,
  0x6e, 0x64, 0x20, 0x74, 0x68, 0x65, 0x20, 0x41, 0x75, 0x74, 0x68, 0x6f,
  0x72, 0x28, 0x73, 0x29, 0x20, 0x6f, 0x72, 0x20, 0x77, 0x69, 0x74, 0x68,
  0x20, 0x74, 0x68, 0x65, 0x69, 0x72, 0x20, 0x65, 0x78, 0x70, 0x6c, 0x69,
  0x63, 0x69, 0x74, 0x20, 0x77, 0x72, 0x69, 0x74, 0x74, 0x65, 0x6e, 0x0a,
  0x70, 0x65, 0x72, 0x6d, 0x69, 0x73, 0x73, 0x69, 0x6f, 0x6e, 0x2e, 0x0a,
  0x0a, 0x35, 0x29, 0x20, 0x54, 0x68, 0x65, 0x20, 0x46, 0x6f, 0x6e, 0x74,
  0x20, 0x53, 0x6f, 0x66, 0x74, 0x77, 0x61, 0x72, 0x65, 0x2c, 0x20, 0x6d,
  0x6f, 0x64, 0x69, 0x66, 0x69, 0x65, 0x64, 0x20, 0x6f, 0x72, 0x20, 0x75,
  0x6e, 0x6d, 0x6f, 0x64, 0x69, 0x66, 0x69, 0x65, 0x64, 0x2c, 0x20, 0x69,
  0x6e, 0x20, 0x70, 0x61, 0x72, 0x74, 0x20, 0x6f, 0x72, 0x20, 0x69, 0x6e,
  0x20, 0x77, 0x68, 0x6f, 0x6c, 0x65, 0x2c, 0x0a, 0x6d, 0x75, 0x73, 0x74,
  0x20, 0x62, 0x65, 0x20, 0x64, 0x69, 0x73, 0x74, 0x72, 0x69, 0x62, 0x75,
  0x74, 0x65, 0x64, 0x20, 0x65, 0x6e, 0x74, 0x69, 0x72, 0x65, 0x6c, 0x79,
  0x20, 0x75, 0x6e, 0x64, 0x65, 0x72, 0x20, 0x74, 0x68, 0x69, 0x73, 0x20,
  0x6c, 0x69, 0x63, 0x65, 0x6e, 0x73, 0x65, 0x2c, 0x20, 0x61, 0x6e, 0x64,
  0x20, 0x6d, 0x75, 0x73, 0x74, 0x20, 0x6e, 0x6f, 0x74, 0x20, 0x62, 0x65,
  0x0a, 0x64, 0x69, 0x73, 0x74, 0x72, 0x69, 0x62, 0x75, 0x74, 0x65, 0x64,
  0x20, 0x75, 0x6e, 0x64, 0x65, 0x72, 0x20, 0x61, 0x6e, 0x79, 0x20, 0x6f,
  0x74, 0x68, 0x65, 0x72, 0x20, 0x6c, 0x69, 0x63, 0x65, 0x6e, 0x73, 0x65,
  0x2e, 0x20, 0x54, 0x68, 0x65, 0x20, 0x72, 0x65, 0x71, 0x75, 0x69, 0x72,
  0x65, 0x6d, 0x65, 0x6e, 0x74, 0x20, 0x66, 0x6f, 0x72, 0x20, 0x66, 0x6f,
  0x6e, 0x74, 0x73, 0x20, 0x74, 0x6f, 0x0a, 0x72, 0x65, 0x6d, 0x61, 0x69,
  0x6e, 0x20, 0x75, 0x6e, 0x64, 0x65, 0x72, 0x20, 0x74, 0x68, 0x69, 0x73,
  0x20, 0x6c, 0x69, 0x63, 0x65, 0x6e, 0x73, 0x65, 0x20, 0x64, 0x6f, 0x65,
  0x73, 0x20, 0x6e, 0x6f, 0x74, 0x20, 0x61, 0x70, 0x70, 0x6c, 0x79, 0x20,
  0x74, 0x6f, 0x20, 0x61, 0x6e, 0x79, 0x20, 0x64, 0x6f, 0x63, 0x75, 0x6d,
  0x65, 0x6e, 0x74, 0x20, 0x63, 0x72, 0x65, 0x61, 0x74, 0x65, 0x64, 0x0a,
  0x75, 0x73, 0x69, 0x6e, 0x67, 0x20, 0x74, 0x68, 0x65, 0x20, 0x46, 0x6f,
  0x6e, 0x74, 0x20, 0x53, 0x6f, 0x66, 0x74, 0x77, 0x61, 0x72, 0x65, 0x2e,
  0x0a, 0x0a, 0x54, 0x45, 0x52, 0x4d, 0x49, 0x4e, 0x41, 0x54, 0x49, 0x4f,
  0x4e, 0x0a, 0x54, 0x68, 0x69, 0x73, 0x20, 0x6c, 0x69, 0x63, 0x65, 0x6e,
  0x73, 0x65, 0x20, 0x62, 0x65, 0x63, 0x6f, 0x6d, 0x65, 0x73, 0x20, 0x6e,
  0x75, 0x6c, 0x6c, 0x20, 0x61, 0x6e, 0x64, 0x20, 0x76, 0x6f, 0x69, 0x64,
  0x20, 0x69, 0x66, 0x20, 0x61, 0x6e, 0x79, 0x20, 0x6f, 0x66, 0x20, 0x74,
  0x68, 0x65, 0x20, 0x61, 0x62, 0x6f, 0x76, 0x65, 0x20, 0x63, 0x6f, 0x6e,
  0x64, 0x69, 0x74, 0x69, 0x6f, 0x6e, 0x73, 0x20, 0x61, 0x72, 0x65, 0x0a,
  0x6e, 0x6f, 0x74, 0x20, 0x6d, 0x65, 0x74, 0x2e, 0x0a, 0x0a, 0x44, 0x49,
  0x53, 0x43, 0x4c, 0x41, 0x49, 0x4d, 0x45, 0x52, 0x0a, 0x54, 0x48, 0x45,
  0x20, 0x46, 0x4f, 0x4e, 0x54, 0x20, 0x53, 0x4f, 0x46, 0x54, 0x57, 0x41,
  0x52, 0x45, 0x20, 0x49, 0x53, 0x20, 0x50, 0x52, 0x4f, 0x56, 0x49, 0x44,
  0x45, 0x44, 0x20, 0x22, 0x41, 0x53, 0x20, 0x49, 0x53, 0x22, 0x2c, 0x20,
  0x57, 0x49, 0x54, 0x48, 0x4f, 0x55, 0x54, 0x20, 0x57, 0x41, 0x52, 0x52,
  0x41, 0x4e, 0x54, 0x59, 0x20, 0x4f, 0x46, 0x20, 0x41, 0x4e, 0x59, 0x20,
  0x4b, 0x49, 0x4e, 0x44, 0x2c, 0x0a, 0x45, 0x58, 0x50, 0x52, 0x45, 0x53,
  0x53, 0x20, 0x4f, 0x52, 0x20, 0x49, 0x4d, 0x50, 0x4c, 0x49, 0x45, 0x44,
  0x2c, 0x20, 0x49, 0x4e, 0x43, 0x4c, 0x55, 0x44, 0x49, 0x4e, 0x47, 0x20,
  0x42, 0x55, 0x54, 0x20, 0x4e, 0x4f, 0x54, 0x20, 0x4c, 0x49, 0x4d, 0x49,
  0x54, 0x45, 0x44, 0x20, 0x54, 0x4f, 0x20, 0x41, 0x4e, 0x59, 0x20, 0x57,
  0x41, 0x52, 0x52, 0x41, 0x4e, 0x54, 0x49, 0x45, 0x53, 0x20, 0x4f, 0x46,
  0x0a, 0x4d, 0x45, 0x52, 0x43, 0x48, 0x41, 0x4e, 0x54, 0x41, 0x42, 0x49,
  0x4c, 0x49, 0x54, 0x59, 0x2c, 0x20, 0x46, 0x49, 0x54, 0x4e, 0x45, 0x53,
  0x53, 0x20, 0x46, 0x4f, 0x52, 0x20, 0x41, 0x20, 0x50, 0x41, 0x52, 0x54,
  0x49, 0x43, 0x55, 0x4c, 0x41, 0x52, 0x20, 0x50, 0x55, 0x52, 0x50, 0x4f,
  0x53, 0x45, 0x20, 0x41, 0x4e, 0x44, 0x20, 0x4e, 0x4f, 0x4e, 0x49, 0x4e,
  0x46, 0x52, 0x49, 0x4e, 0x47, 0x45, 0x4d, 0x45, 0x4e, 0x54, 0x0a, 0x4f,
  0x46, 0x20, 0x43, 0x4f, 0x50, 0x59, 0x52, 0x49, 0x47, 0x48, 0x54, 0x2c,
  0x20, 0x50, 0x41, 0x54, 0x45, 0x4e, 0x54, 0x2c, 0x20, 0x54, 0x52, 0x41,
  0x44, 0x45, 0x4d, 0x41, 0x52, 0x4b, 0x2c, 0x20, 0x4f, 0x52, 0x20, 0x4f,
  0x54, 0x48, 0x45, 0x52, 0x20, 0x52, 0x49, 0x47, 0x48, 0x54, 0x2e, 0x20,
  0x49, 0x4e, 0x20, 0x4e, 0x4f, 0x20, 0x45, 0x56, 0x45, 0x4e, 0x54, 0x20,
  0x53, 0x48, 0x41, 0x4c, 0x4c, 0x20, 0x54, 0x48, 0x45, 0x0a, 0x43, 0x4f,
  0x50, 0x59, 0x52, 0x49, 0x47, 0x48, 0x54, 0x20, 0x48, 0x4f, 0x4c, 0x44,
  0x45, 0x52, 0x20, 0x42, 0x45, 0x20, 0x4c, 0x49, 0x41, 0x42, 0x4c, 0x45,
  0x20, 0x46, 0x4f, 0x52, 0x20, 0x41, 0x4e, 0x59, 0x20, 0x43, 0x4c, 0x41,
  0x49, 0x4d, 0x2c, 0x20, 0x44, 0x41, 0x4d, 0x41, 0x47, 0x45, 0x53, 0x20,
  0x4f, 0x52, 0x20, 0x4f, 0x54, 0x48, 0x45, 0x52, 0x20, 0x4c, 0x49, 0x41,
  0x42, 0x49, 0x4c, 0x49, 0x54, 0x59, 0x2c, 0x0a, 0x49, 0x4e, 0x43, 0x4c,
  0x55, 0x44, 0x49, 0x4e, 0x47, 0x20, 0x41, 0x4e, 0x59, 0x20, 0x47, 0x45,
  0x4e, 0x45, 0x52, 0x41, 0x4c, 0x2c, 0x20, 0x53, 0x50, 0x45, 0x43, 0x49,
  0x41, 0x4c, 0x2c, 0x20, 0x49, 0x4e, 0x44, 0x49, 0x52, 0x45, 0x43, 0x54,
  0x2c, 0x20, 0x49, 0x4e, 0x43, 0x49, 0x44, 0x45, 0x4e, 0x54, 0x41, 0x4c,
  0x2c, 0x20, 0x4f, 0x52, 0x20, 0x43, 0x4f, 0x4e, 0x53, 0x45, 0x51, 0x55,
  0x45, 0x4e, 0x54, 0x49, 0x41, 0x4c, 0x0a, 0x44, 0x41, 0x4d, 0x41, 0x47,
  0x45, 0x53, 0x2c, 0x20, 0x57, 0x48, 0x45, 0x54, 0x48, 0x45, 0x52, 0x20,
  0x49, 0x4e, 0x20, 0x41, 0x4e, 0x20, 0x41, 0x43, 0x54, 0x49, 0x4f, 0x4e,
  0x20, 0x4f, 0x46, 0x20, 0x43, 0x4f, 0x4e, 0x54, 0x52, 0x41, 0x43, 0x54,
  0x2c, 0x20, 0x54, 0x4f, 0x52, 0x54, 0x20, 0x4f, 0x52, 0x20, 0x4f, 0x54,
  0x48, 0x45, 0x52, 0x57, 0x49, 0x53, 0x45, 0x2c, 0x20, 0x41, 0x52, 0x49,
  0x53, 0x49, 0x4e, 0x47, 0x0a, 0x46, 0x52, 0x4f, 0x4d, 0x2c, 0x20, 0x4f,
  0x55, 0x54, 0x20, 0x4f, 0x46, 0x20, 0x54, 0x48, 0x45, 0x20, 0x55, 0x53,
  0x45, 0x20, 0x4f, 0x52, 0x20, 0x49, 0x4e, 0x41, 0x42, 0x49, 0x4c, 0x49,
  0x54, 0x59, 0x20, 0x54, 0x4f, 0x20, 0x55, 0x53, 0x45, 0x20, 0x54, 0x48,
  0x45, 0x20, 0x46, 0x4f, 0x4e, 0x54, 0x20, 0x53, 0x4f, 0x46, 0x54, 0x57,
  0x41, 0x52, 0x45, 0x20, 0x4f, 0x52, 0x20, 0x46, 0x52, 0x4f, 0x4d, 0x0a,
  0x4f, 0x54, 0x48, 0x45, 0x52, 0x20, 0x44, 0x45, 0x41, 0x4c, 0x49, 0x4e,
  0x47, 0x53, 0x20, 0x49, 0x4e, 0x20, 0x54, 0x48, 0x45, 0x20, 0x46, 0x4f,
  0x4e, 0x54, 0x20, 0x53, 0x4f, 0x46, 0x54, 0x57, 0x41, 0x52, 0x45, 0x2e,
  0x00, 0x00, 0x68, 0x00, 0x74, 0x00, 0x74, 0x00, 0x70, 0x00, 0x3a, 0x00,
  0x2f, 0x00, 0x2f, 0x00, 0x73, 0x00, 0x63, 0x00, 0x72, 0x00, 0x69, 0x00,
  0x70, 0x00, 0x74, 0x00, 0x73, 0x00, 0x2e, 0x00, 0x73, 0x00, 0x69, 0x00,
  0x6c, 0x00, 0x2e, 0x00, 0x6f, 0x00, 0x72, 0x00, 0x67, 0x00, 0x2f, 0x00,
  0x4f, 0x00, 0x46, 0x00, 0x4c, 0x00, 0x00, 0x68, 0x74, 0x74, 0x70, 0x3a,
  0x2f, 0x2f, 0x73, 0x63, 0x72, 0x69, 0x70, 0x74, 0x73, 0x2e, 0x73, 0x69,
  0x6c, 0x2e, 0x6f, 0x72, 0x67, 0x2f, 0x4f, 0x46, 0x4c, 0x00, 0x00, 0x00,
  0x00, 0x02, 0x00, 0x00, 0x00, 0x00, 0x00, 0x00, 0xff, 0x9c, 0x00, 0x42,
  0x00, 0x00, 0x00, 0x00, 0x00, 0x00, 0x00, 0x00, 0x00, 0x00, 0x00, 0x00,
  0x00, 0x00, 0x00, 0x00, 0x00, 0x00, 0x00, 0x00, 0x00, 0x42, 0x00, 0x00,
  0x00, 0x01, 0x00, 0x02, 0x00, 0x03, 0x00, 0x04, 0x00, 0x09, 0x00, 0x0a,
  0x00, 0x0f, 0x00, 0x10, 0x00, 0x11, 0x00, 0x12, 0x00, 0x1d, 0x00, 0x1e,
  0x00, 0x24, 0x00, 0x25, 0x00, 0x26, 0x00, 0x27, 0x00, 0x28, 0x00, 0x29,
  0x00, 0x2a, 0x00, 0x2b, 0x00, 0x2c, 0x00, 0x2d, 0x00, 0x2e, 0x00, 0x2f,
  0x00, 0x30, 0x00, 0x31, 0x00, 0x32, 0x00, 0x33, 0x00, 0x34, 0x00, 0x35,
  0x00, 0x36, 0x00, 0x37, 0x00, 0x38, 0x00, 0x39, 0x00, 0x3a, 0x00, 0x3b,
  0x00, 0x3c, 0x00, 0x3d, 0x00, 0x3f, 0x00, 0x44, 0x00, 0x45, 0x00, 0x46,
  0x00, 0x47, 0x00, 0x48, 0x00, 0x49, 0x00, 0x4a, 0x00, 0x4b, 0x00, 0x4c,
  0x00, 0x4d, 0x00, 0x4e, 0x00, 0x4f, 0x00, 0x50, 0x00, 0x51, 0x00, 0x52,
  0x00, 0x53, 0x00, 0x54, 0x00, 0x55, 0x00, 0x56, 0x00, 0x57, 0x00, 0x58,
  0x00, 0x59, 0x00, 0x5a, 0x00, 0x5b, 0x00, 0x5c, 0x00, 0x5d, 0x00, 0x00,
  0x00, 0x00, 0x00, 0x01, 0xff, 0xff, 0x00, 0x02, 0x00, 0x01, 0x00, 0x00,
  0x00, 0x00, 0x00, 0x00, 0x00, 0x0c, 0x00, 0x14, 0x00, 0x04, 0x00, 0x00,
  0x00, 0x02, 0x00, 0x00, 0x00, 0x01, 0x00, 0x00, 0x00, 0x01, 0x00, 0x00,
  0x00, 0x00, 0x00, 0x01, 0x00, 0x00, 0x00, 0x00, 0xdf, 0xd6, 0xca, 0x5e,
  0x00, 0x00, 0x00, 0x00, 0xda, 0x20, 0x67, 0x65, 0x00, 0x00, 0x00, 0x00,
  0xe0, 0xe2, 0xa6, 0xcf
};
unsigned int ug_med_len = 84112;
