unsigned char ug_reg_ttf[] = {
  0x00, 0x01, 0x00, 0x00, 0x00, 0x0e, 0x00, 0x80, 0x00, 0x03, 0x00, 0x60,
  0x46, 0x46, 0x54, 0x4d, 0x9e, 0xba, 0xa3, 0x2e, 0x00, 0x00, 0x70, 0x9c,
  0x00, 0x00, 0x00, 0x1c, 0x47, 0x44, 0x45, 0x46, 0x00, 0x15, 0x00, 0x14,
  0x00, 0x00, 0x70, 0x80, 0x00, 0x00, 0x00, 0x1c, 0x4f, 0x53, 0x2f, 0x32,
  0x59, 0xf2, 0x63, 0xb4, 0x00, 0x00, 0x01, 0x68, 0x00, 0x00, 0x00, 0x60,
  0x63, 0x6d, 0x61, 0x70, 0xea, 0xa4, 0x7f, 0x8a, 0x00, 0x00, 0x02, 0xec,
  0x00, 0x00, 0x01, 0x6a, 0x63, 0x76, 0x74, 0x20, 0x00, 0x21, 0x02, 0x79,
  0x00, 0x00, 0x04, 0x58, 0x00, 0x00, 0x00, 0x04, 0x67, 0x61, 0x73, 0x70,
  0xff, 0xff, 0x00, 0x03, 0x00, 0x00, 0x70, 0x78, 0x00, 0x00, 0x00, 0x08,
  0x67, 0x6c, 0x79, 0x66, 0xfb, 0xaf, 0x77, 0xa9, 0x00, 0x00, 0x04, 0xf4,
  0x00, 0x00, 0x68, 0x34, 0x68, 0x65, 0x61, 0x64, 0x21, 0x0d, 0x1c, 0x51,
  0x00, 0x00, 0x00, 0xec, 0x00, 0x00, 0x00, 0x36, 0x68, 0x68, 0x65, 0x61,
  0x06, 0xe1, 0x03, 0x53, 0x00, 0x00, 0x01, 0x24, 0x00, 0x00, 0x00, 0x24,
  0x68, 0x6d, 0x74, 0x78, 0xbe, 0xf4, 0x00, 0xff, 0x00, 0x00, 0x01, 0xc8,
  0x00, 0x00, 0x01, 0x24, 0x6c, 0x6f, 0x63, 0x61, 0xc4, 0x0d, 0xaa, 0xe6,
  0x00, 0x00, 0x04, 0x5c, 0x00, 0x00, 0x00, 0x96, 0x6d, 0x61, 0x78, 0x70,
  0x00, 0xa7, 0x01, 0x09, 0x00, 0x00, 0x01, 0x48, 0x00, 0x00, 0x00, 0x20,
  0x6e, 0x61, 0x6d, 0x65, 0xd3, 0xf6, 0xfe, 0xa1, 0x00, 0x00, 0x6d, 0x28,
  0x00, 0x00, 0x02, 0x97, 0x70, 0x6f, 0x73, 0x74, 0x07, 0x57, 0x07, 0x62,
  0x00, 0x00, 0x6f, 0xc0, 0x00, 0x00, 0x00, 0xb6, 0x00, 0x01, 0x00, 0x00,
  0x00, 0x01, 0x00, 0x00, 0x80, 0xf9, 0xcf, 0xf9, 0x5f, 0x0f, 0x3c, 0xf5,
  0x00, 0x0b, 0x03, 0xe8, 0x00, 0x00, 0x00, 0x00, 0xda, 0x20, 0x67, 0x65,
  0x00, 0x00, 0x00, 0x00, 0xe4, 0xc3, 0x71, 0x6a, 0x00, 0x00, 0xff, 0x22,
  0x03, 0x0a, 0x03, 0x7b, 0x00, 0x00, 0x00, 0x08, 0x00, 0x02, 0x00, 0x00,
  0x00, 0x00, 0x00, 0x00, 0x00, 0x01, 0x00, 0x00, 0x03, 0x7b, 0xff, 0x22,
  0x00, 0x5a, 0x03, 0xe8, 0x00, 0x00, 0x00, 0x00, 0x03, 0x0a, 0x00, 0x01,
  0x00, 0x00, 0x00, 0x00, 0x00, 0x00, 0x00, 0x00, 0x00, 0x00, 0x00, 0x00,
  0x00, 0x00, 0x00, 0x48, 0x00, 0x01, 0x00, 0x00, 0x00, 0x4a, 0x00, 0xd8,
  0x00, 0x1b, 0x00, 0x00, 0x00, 0x00, 0x00, 0x02, 0x00, 0x00, 0x00, 0x01,
  0x00, 0x01, 0x00, 0x00, 0x00, 0x40, 0x00, 0x2e, 0x00, 0x00, 0x00, 0x00,
  0x00, 0x04, 0x02, 0xb9, 0x01, 0x90, 0x00, 0x05, 0x00, 0x00, 0x02, 0x8a,
  0x02, 0xbc, 0x00, 0x00, 0x00, 0x8c, 0x02, 0x8a, 0x02, 0xbc, 0x00, 0x00,
  0x01, 0xe0, 0x00, 0x31, 0x01, 0x02, 0x00, 0x00, 0x02, 0x00, 0x05, 0x03,
  0x00, 0x00, 0x00, 0x00, 0x00, 0x00, 0x00, 0x00, 0x00, 0x01, 0x00, 0x00,
  0x00, 0x00, 0x00, 0x00, 0x00, 0x00, 0x00, 0x00, 0x00, 0x00, 0x50, 0x66,
  0x45, 0x64, 0x00, 0x80, 0x00, 0x20, 0x00, 0x7a, 0x03, 0x20, 0xff, 0x38,
  0x00, 0x5a, 0x03, 0x7b, 0x00, 0xde, 0x00, 0x00, 0x00, 0x01, 0x00, 0x00,
  0x00, 0x00, 0x02, 0x9a, 0x03, 0x79, 0x00, 0x00, 0x00, 0x20, 0x00, 0x01,
  0x01, 0x6c, 0x00, 0x21, 0x00, 0x00, 0x00, 0x00, 0x01, 0x4d, 0x00, 0x00,
  0x02, 0x2b, 0x00, 0x00, 0x03, 0x09, 0x00, 0x00, 0x01, 0x4d, 0x00, 0x00,
  0x02, 0x9a, 0x00, 0x00, 0x02, 0x9a, 0x00, 0x00, 0x01, 0x2c, 0x00, 0x00,
  0x02, 0x9a, 0x00, 0x00, 0x01, 0x2c, 0x00, 0x00, 0x03, 0x09, 0x00, 0x00,
  0x03, 0x09, 0x00, 0xde, 0x03, 0x09, 0x00, 0x00, 0x03, 0x09, 0x00, 0x00,
  0x03, 0x09, 0x00, 0x00, 0x03, 0x09, 0x00, 0x00, 0x03, 0x09, 0x00, 0x00,
  0x03, 0x09, 0x00, 0x00, 0x03, 0x09, 0x00, 0x00, 0x03, 0x09, 0x00, 0x00,
  0x01, 0x2c, 0x00, 0x00, 0x03, 0x09, 0x00, 0x00, 0x03, 0x09, 0x00, 0x00,
  0x03, 0x09, 0x00, 0x00, 0x03, 0x09, 0x00, 0x00, 0x03, 0x09, 0x00, 0x00,
  0x03, 0x09, 0x00, 0x00, 0x03, 0x09, 0x00, 0x00, 0x03, 0x09, 0x00, 0x00,
  0x01, 0xbc, 0x00, 0x00, 0x02, 0x9a, 0x00, 0x00, 0x03, 0x09, 0x00, 0x00,
  0x03, 0x09, 0x00, 0x00, 0x03, 0x78, 0x00, 0x00, 0x03, 0x09, 0x00, 0x00,
  0x03, 0x09, 0x00, 0x00, 0x03, 0x09, 0x00, 0x00, 0x03, 0x09, 0x00, 0x00,
  0x03, 0x09, 0x00, 0x00, 0x03, 0x09, 0x00, 0x00, 0x03, 0x78, 0x00, 0x00,
  0x03, 0x09, 0x00, 0x00, 0x03, 0x78, 0x00, 0x00, 0x03, 0x78, 0x00, 0x00,
  0x03, 0xe8, 0x00, 0x00, 0x03, 0x78, 0x00, 0x00, 0x03, 0x78, 0x00, 0x00,
  0x02, 0x9a, 0x00, 0x00, 0x02, 0x9a, 0x00, 0x00, 0x02, 0x9a, 0x00, 0x00,
  0x02, 0x9a, 0x00, 0x00, 0x02, 0x9a, 0x00, 0x00, 0x02, 0x2b, 0x00, 0x00,
  0x02, 0x9a, 0x00, 0x00, 0x02, 0x9a, 0x00, 0x00, 0x00, 0xde, 0x00, 0x00,
  0x01, 0xbc, 0x00, 0x00, 0x02, 0x9a, 0x00, 0x00, 0x01, 0xbc, 0x00, 0x00,
  0x03, 0x78, 0x00, 0x00, 0x02, 0x9a, 0x00, 0x00, 0x02, 0x9a, 0x00, 0x00,
  0x02, 0x9a, 0x00, 0x00, 0x02, 0x9a, 0x00, 0x00, 0x02, 0x2b, 0x00, 0x00,
  0x02, 0x9a, 0x00, 0x00, 0x02, 0x2b, 0x00, 0x00, 0x02, 0x9a, 0x00, 0x00,
  0x02, 0x9a, 0x00, 0x00, 0x03, 0x78, 0x00, 0x00, 0x02, 0x9a, 0x00, 0x00,
  0x00, 0x00, 0x00, 0x00, 0x00, 0x00, 0x00, 0x03, 0x00, 0x00, 0x00, 0x03,
  0x00, 0x00, 0x00, 0x1c, 0x00, 0x01, 0x00, 0x00, 0x00, 0x00, 0x00, 0x64,
  0x00, 0x03, 0x00, 0x01, 0x00, 0x00, 0x00, 0x1c, 0x00, 0x04, 0x00, 0x48,
  0x00, 0x00, 0x00, 0x0e, 0x00, 0x08, 0x00, 0x02, 0x00, 0x06, 0x00, 0x20,
  0x00, 0x27, 0x00, 0x2e, 0x00, 0x3a, 0x00, 0x5a, 0x00, 0x7a, 0xff, 0xff,
  0x00, 0x00, 0x00, 0x20, 0x00, 0x26, 0x00, 0x2a, 0x00, 0x30, 0x00, 0x41,
  0x00, 0x61, 0xff, 0xff, 0xff, 0xe3, 0xff, 0xde, 0xff, 0xdc, 0xff, 0xdb,
  0xff, 0xd5, 0xff, 0xcf, 0x00, 0x01, 0x00, 0x00, 0x00, 0x00, 0x00, 0x00,
  0x00, 0x00, 0x00, 0x00, 0x00, 0x00, 0x00, 0x00, 0x00, 0x00, 0x01, 0x06,
  0x00, 0x00, 0x01, 0x00, 0x00, 0x00, 0x00, 0x00, 0x00, 0x00, 0x01, 0x02,
  0x00, 0x00, 0x00, 0x02, 0x00, 0x00, 0x00, 0x00, 0x00, 0x00, 0x00, 0x00,
  0x00, 0x00, 0x00, 0x00, 0x00, 0x00, 0x00, 0x01, 0x00, 0x00, 0x03, 0x00,
  0x00, 0x00, 0x00, 0x00, 0x04, 0x05, 0x00, 0x00, 0x06, 0x07, 0x08, 0x09,
  0x0a, 0x00, 0x0b, 0x0c, 0x0d, 0x0e, 0x0f, 0x10, 0x11, 0x12, 0x13, 0x14,
  0x15, 0x00, 0x00, 0x00, 0x00, 0x00, 0x00, 0x16, 0x17, 0x18, 0x19, 0x1a,
  0x1b, 0x1c, 0x1d, 0x1e, 0x1f, 0x20, 0x21, 0x22, 0x23, 0x24, 0x25, 0x26,
  0x27, 0x28, 0x29, 0x2a, 0x2b, 0x2c, 0x2d, 0x2e, 0x2f, 0x00, 0x00, 0x00,
  0x00, 0x00, 0x00, 0x30, 0x31, 0x32, 0x33, 0x34, 0x35, 0x36, 0x37, 0x38,
  0x39, 0x3a, 0x3b, 0x3c, 0x3d, 0x3e, 0x3f, 0x40, 0x41, 0x42, 0x43, 0x44,
  0x45, 0x46, 0x47, 0x48, 0x49, 0x00, 0x00, 0x00, 0x00, 0x00, 0x00, 0x00,
  0x00, 0x00, 0x00, 0x00, 0x00, 0x00, 0x00, 0x00, 0x00, 0x00, 0x00, 0x00,
  0x00, 0x00, 0x00, 0x00, 0x00, 0x00, 0x00, 0x00, 0x00, 0x00, 0x00, 0x00,
  0x00, 0x00, 0x00, 0x00, 0x00, 0x00, 0x00, 0x00, 0x00, 0x00, 0x00, 0x00,
  0x00, 0x00, 0x00, 0x00, 0x00, 0x00, 0x00, 0x00, 0x00, 0x00, 0x00, 0x00,
  0x00, 0x00, 0x00, 0x00, 0x00, 0x00, 0x00, 0x00, 0x00, 0x00, 0x00, 0x00,
  0x00, 0x00, 0x00, 0x00, 0x00, 0x00, 0x00, 0x00, 0x00, 0x00, 0x00, 0x00,
  0x00, 0x00, 0x00, 0x00, 0x00, 0x00, 0x00, 0x00, 0x00, 0x00, 0x00, 0x00,
  0x00, 0x00, 0x00, 0x00, 0x00, 0x00, 0x00, 0x00, 0x00, 0x00, 0x00, 0x00,
  0x00, 0x00, 0x00, 0x00, 0x00, 0x00, 0x00, 0x00, 0x00, 0x00, 0x00, 0x00,
  0x00, 0x00, 0x00, 0x00, 0x00, 0x00, 0x00, 0x00, 0x00, 0x00, 0x00, 0x00,
  0x00, 0x00, 0x00, 0x00, 0x00, 0x00, 0x00, 0x00, 0x00, 0x21, 0x02, 0x79,
  0x00, 0x00, 0x00, 0x2a, 0x00, 0x2a, 0x00, 0x2a, 0x00, 0x2a, 0x01, 0x02,
  0x01, 0x4a, 0x02, 0x24, 0x02, 0x8e, 0x02, 0xd6, 0x03, 0x14, 0x03, 0x46,
  0x04, 0x42, 0x04, 0xb8, 0x05, 0x84, 0x06, 0x5e, 0x07, 0x2c, 0x08, 0x26,
  0x09, 0x38, 0x09, 0xda, 0x0a, 0xea, 0x0b, 0xf0, 0x0c, 0x50, 0x0d, 0x60,
  0x0e, 0x92, 0x0f, 0x54, 0x10, 0x66, 0x11, 0x78, 0x12, 0x52, 0x13, 0x5a,
  0x14, 0x56, 0x14, 0xee, 0x15, 0x86, 0x16, 0x58, 0x16, 0xf8, 0x18, 0x08,
  0x19, 0x04, 0x1a, 0x00, 0x1a, 0xe4, 0x1b, 0xf6, 0x1d, 0x06, 0x1d, 0xec,
  0x1e, 0x9a, 0x1f, 0x80, 0x20, 0x46, 0x21, 0x4c, 0x22, 0x12, 0x22, 0xa0,
  0x23, 0x94, 0x24, 0x4a, 0x25, 0x18, 0x25, 0xa4, 0x26, 0x70, 0x27, 0x28,
  0x27, 0xa8, 0x28, 0x80, 0x29, 0x38, 0x29, 0x8c, 0x2a, 0x02, 0x2a, 0xa4,
  0x2b, 0x0e, 0x2b, 0xf2, 0x2c, 0x92, 0x2d, 0x34, 0x2e, 0x02, 0x2e, 0xd0,
  0x2f, 0x3a, 0x2f, 0xd0, 0x30, 0x5a, 0x30, 0xfc, 0x31, 0x7c, 0x32, 0x28,
  0x32, 0x9e, 0x33, 0x78, 0x34, 0x1a, 0x00, 0x00, 0x00, 0x02, 0x00, 0x21,
  0x00, 0x00, 0x01, 0x2a, 0x02, 0x9a, 0x00, 0x03, 0x00, 0x07, 0x00, 0x2e,
  0xb1, 0x01, 0x00, 0x2f, 0x3c, 0xb2, 0x07, 0x04, 0x00, 0xed, 0x32, 0xb1,
  0x06, 0x05, 0xdc, 0x3c, 0xb2, 0x03, 0x02, 0x00, 0xed, 0x32, 0x00, 0xb1,
  0x03, 0x00, 0x2f, 0x3c, 0xb2, 0x05, 0x04, 0x00, 0xed, 0x32, 0xb2, 0x07,
  0x06, 0x01, 0xfc, 0x3c, 0xb2, 0x01, 0x02, 0x00, 0xed, 0x32, 0x33, 0x11,
  0x21, 0x11, 0x27, 0x33, 0x11, 0x23, 0x21, 0x01, 0x09, 0xe8, 0xc7, 0xc7,
  0x02, 0x9a, 0xfd, 0x66, 0x21, 0x02, 0x58, 0x00, 0x00, 0x13, 0x00, 0x00,
  0xff, 0x90, 0x02, 0x9b, 0x03, 0x0a, 0x00, 0x07, 0x00, 0x0f, 0x00, 0x17,
  0x00, 0x1f, 0x00, 0x27, 0x00, 0x2f, 0x00, 0x37, 0x00, 0x3f, 0x00, 0x47,
  0x00, 0x4f, 0x00, 0x57, 0x00, 0x5f, 0x00, 0x67, 0x00, 0x6f, 0x00, 0x77,
  0x00, 0x7f, 0x00, 0x87, 0x00, 0x8f, 0x00, 0x97, 0x00, 0x00, 0x3c, 0x01,
  0x36, 0x32, 0x16, 0x14, 0x06, 0x22, 0x06, 0x34, 0x36, 0x32, 0x16, 0x14,
  0x06, 0x22, 0x16, 0x34, 0x36, 0x32, 0x16, 0x14, 0x06, 0x22, 0x36, 0x34,
  0x36, 0x32, 0x16, 0x14, 0x06, 0x22, 0x36, 0x34, 0x36, 0x32, 0x16, 0x14,
  0x06, 0x22, 0x36, 0x34, 0x36, 0x32, 0x16, 0x14, 0x06, 0x22, 0x36, 0x34,
  0x36, 0x32, 0x16, 0x14, 0x06, 0x22, 0x06, 0x34, 0x36, 0x32, 0x16, 0x14,
  0x06, 0x22, 0x02, 0x34, 0x36, 0x32, 0x16, 0x14, 0x06, 0x22, 0x26, 0x34,
  0x36, 0x32, 0x16, 0x14, 0x06, 0x22, 0x26, 0x34, 0x36, 0x32, 0x16, 0x14,
  0x06, 0x22, 0x26, 0x34, 0x36, 0x32, 0x16, 0x14, 0x06, 0x22, 0x36, 0x34,
  0x36, 0x32, 0x16, 0x14, 0x06, 0x22, 0x36, 0x34, 0x36, 0x32, 0x16, 0x14,
  0x06, 0x22, 0x24, 0x34, 0x36, 0x32, 0x16, 0x14, 0x06, 0x22, 0x26, 0x34,
  0x36, 0x32, 0x16, 0x14, 0x06, 0x22, 0x24, 0x34, 0x36, 0x32, 0x16, 0x14,
  0x06, 0x22, 0x26, 0x34, 0x36, 0x32, 0x16, 0x14, 0x06, 0x22, 0x26, 0x34,
  0x36, 0x32, 0x16, 0x14, 0x06, 0x22, 0x21, 0x2e, 0x20, 0x20, 0x2e, 0x21,
  0x21, 0x2e, 0x20, 0x20, 0x2e, 0x4e, 0x21, 0x2e, 0x20, 0x20, 0x2e, 0x4e,
  0x21, 0x2e, 0x20, 0x20, 0x2e, 0x4e, 0x21, 0x2e, 0x20, 0x20, 0x2e, 0x4e,
  0x21, 0x2e, 0x21, 0x21, 0x2e, 0x4f, 0x20, 0x2e, 0x21, 0x21, 0x2e, 0x20,
  0x20, 0x2e, 0x21, 0x21, 0x2e, 0xff, 0x21, 0x2e, 0x20, 0x20, 0x2e, 0x90,
  0x21, 0x2e, 0x20, 0x20, 0x2e, 0x90, 0x21, 0x2e, 0x20, 0x20, 0x2e, 0x21,
  0x21, 0x2e, 0x20, 0x20, 0x2e, 0x4e, 0x21, 0x2e, 0x20, 0x20, 0x2e, 0x4e,
  0x21, 0x2e, 0x20, 0x20, 0x2e, 0xfe, 0x92, 0x21, 0x2e, 0x20, 0x20, 0x2e,
  0x21, 0x21, 0x2e, 0x20, 0x20, 0x2e, 0x01, 0x2c, 0x21, 0x2e, 0x20, 0x20,
  0x2e, 0x90, 0x21, 0x2e, 0x20, 0x20, 0x2e, 0x90, 0x21, 0x2e, 0x20, 0x20,
  0x2e, 0x90, 0x2e, 0x20, 0x20, 0x2e, 0x21, 0x4e, 0x2e, 0x20, 0x20, 0x2e,
  0x21, 0x4f, 0x2e, 0x21, 0x21, 0x2e, 0x20, 0x20, 0x2e, 0x21, 0x21, 0x2e,
  0x20, 0x20, 0x2e, 0x21, 0x21, 0x2e, 0x20, 0x90, 0x2e, 0x20, 0x20, 0x2e,
  0x21, 0x90, 0x2e, 0x20, 0x20, 0x2e, 0x21, 0xbe, 0x2e, 0x21, 0x21, 0x2e,
  0x20, 0x00, 0xff, 0x2e, 0x20, 0x20, 0x2e, 0x21, 0x90, 0x2e, 0x20, 0x20,
  0x2e, 0x21, 0x21, 0x2e, 0x20, 0x20, 0x2e, 0x21, 0x90, 0x2e, 0x20, 0x20,
  0x2e, 0x21, 0x21, 0x2e, 0x20, 0x20, 0x2e, 0x21, 0x90, 0x2e, 0x21, 0x21,
  0x2e, 0x21, 0x21, 0x2e, 0x21, 0x21, 0x2e, 0x21, 0x90, 0x2e, 0x21, 0x21,
  0x2e, 0x20, 0x20, 0x2e, 0x21, 0x21, 0x2e, 0x20, 0x8f, 0x2e, 0x21, 0x21,
  0x2e, 0x20, 0x20, 0x2e, 0x21, 0x21, 0x2e, 0x20, 0x00, 0x06, 0x00, 0x00,
  0x01, 0xbc, 0x00, 0xdf, 0x03, 0x79, 0x00, 0x07, 0x00, 0x0f, 0x00, 0x17,
  0x00, 0x1f, 0x00, 0x27, 0x00, 0x2f, 0x00, 0x00, 0x10, 0x34, 0x36, 0x32,
  0x16, 0x14, 0x06, 0x22, 0x36, 0x34, 0x36, 0x32, 0x16, 0x14, 0x06, 0x22,
  0x26, 0x34, 0x36, 0x32, 0x16, 0x14, 0x06, 0x22, 0x26, 0x34, 0x36, 0x32,
  0x16, 0x14, 0x06, 0x22, 0x16, 0x34, 0x36, 0x32, 0x16, 0x14, 0x06, 0x22,
  0x26, 0x34, 0x36, 0x32, 0x16, 0x14, 0x06, 0x22, 0x21, 0x2e, 0x20, 0x20,
  0x2e, 0x4e, 0x21, 0x2e, 0x20, 0x20, 0x2e, 0x90, 0x21, 0x2e, 0x20, 0x20,
  0x2e, 0x21, 0x21, 0x2e, 0x20, 0x20, 0x2e, 0x4e, 0x21, 0x2e, 0x20, 0x20,
  0x2e, 0x21, 0x21, 0x2e, 0x20, 0x20, 0x2e, 0x01, 0xdd, 0x2e, 0x21, 0x21,
  0x2e, 0x20, 0x8f, 0x2e, 0x21, 0x21, 0x2e, 0x20, 0x8f, 0x2e, 0x21, 0x21,
  0x2e, 0x20, 0x8f, 0x2e, 0x21, 0x21, 0x2e, 0x20, 0x4f, 0x2e, 0x21, 0x21,
  0x2e, 0x20, 0x8f, 0x2e, 0x21, 0x21, 0x2e, 0x20, 0x00, 0x13, 0x00, 0x00,
  0x00, 0x00, 0x02, 0x2c, 0x03, 0x0a, 0x00, 0x07, 0x00, 0x0f, 0x00, 0x17,
  0x00, 0x1f, 0x00, 0x27, 0x00, 0x2f, 0x00, 0x37, 0x00, 0x3f, 0x00, 0x47,
  0x00, 0x4f, 0x00, 0x57, 0x00, 0x5f, 0x00, 0x67, 0x00, 0x6f, 0x00, 0x77,
  0x00, 0x7f, 0x00, 0x87, 0x00, 0x8f, 0x00, 0x97, 0x00, 0x00, 0x10, 0x34,
  0x36, 0x32, 0x16, 0x14, 0x06, 0x22, 0x36, 0x34, 0x36, 0x32, 0x16, 0x14,
  0x06, 0x22, 0x36, 0x34, 0x36, 0x32, 0x16, 0x14, 0x06, 0x22, 0x26, 0x34,
  0x36, 0x32, 0x16, 0x14, 0x06, 0x22, 0x26, 0x34, 0x36, 0x32, 0x16, 0x14,
  0x06, 0x22, 0x36, 0x34, 0x36, 0x32, 0x16, 0x14, 0x06, 0x22, 0x26, 0x34,
  0x36, 0x32, 0x16, 0x14, 0x06, 0x22, 0x36, 0x34, 0x36, 0x32, 0x16, 0x14,
  0x06, 0x22, 0x36, 0x34, 0x36, 0x32, 0x16, 0x14, 0x06, 0x22, 0x24, 0x34,
  0x36, 0x32, 0x16, 0x14, 0x06, 0x22, 0x02, 0x34, 0x36, 0x32, 0x16, 0x14,
  0x06, 0x22, 0x24, 0x34, 0x36, 0x32, 0x16, 0x14, 0x06, 0x22, 0x26, 0x34,
  0x36, 0x32, 0x16, 0x14, 0x06, 0x22, 0x26, 0x34, 0x36, 0x32, 0x16, 0x14,
  0x06, 0x22, 0x36, 0x34, 0x36, 0x32, 0x16, 0x14, 0x06, 0x22, 0x06, 0x34,
  0x36, 0x32, 0x16, 0x14, 0x06, 0x22, 0x26, 0x34, 0x36, 0x32, 0x16, 0x14,
  0x06, 0x22, 0x02, 0x34, 0x36, 0x32, 0x16, 0x14, 0x06, 0x22, 0x26, 0x34,
  0x36, 0x32, 0x16, 0x14, 0x06, 0x22, 0x21, 0x2e, 0x20, 0x20, 0x2e, 0xbd,
  0x21, 0x2e, 0x20, 0x20, 0x2e, 0xbd, 0x21, 0x2e, 0x21, 0x21, 0x2e, 0x90,
  0x21, 0x2e, 0x20, 0x20, 0x2e, 0xff, 0x21, 0x2e, 0x20, 0x20, 0x2e, 0x4e,
  0x21, 0x2e, 0x20, 0x20, 0x2e, 0x90, 0x21, 0x2e, 0x20, 0x20, 0x2e, 0xbd,
  0x21, 0x2e, 0x20, 0x20, 0x2e, 0x4e, 0x21, 0x2e, 0x21, 0x21, 0x2e, 0xfe,
  0x23, 0x21, 0x2e, 0x20, 0x20, 0x2e, 0x21, 0x21, 0x2e, 0x20, 0x20, 0x2e,
  0x01, 0x9b, 0x21, 0x2e, 0x21, 0x21, 0x2e, 0x90, 0x21, 0x2e, 0x20, 0x20,
  0x2e, 0xff, 0x21, 0x2e, 0x20, 0x20, 0x2e, 0x4e, 0x21, 0x2e, 0x20, 0x20,
  0x2e, 0x21, 0x21, 0x2e, 0x20, 0x20, 0x2e, 0x21, 0x21, 0x2e, 0x20, 0x20,
  0x2e, 0x21, 0x21, 0x2e, 0x20, 0x20, 0x2e, 0x21, 0x21, 0x2e, 0x20, 0x20,
  0x2e, 0x01, 0x6e, 0x2e, 0x20, 0x20, 0x2e, 0x21, 0x21, 0x2e, 0x20, 0x20,
  0x2e, 0x21, 0x21, 0x2e, 0x20, 0x20, 0x2e, 0x21, 0x21, 0x2e, 0x20, 0x20,
  0x2e, 0x21, 0x21, 0x2e, 0x20, 0x20, 0x2e, 0x21, 0x90, 0x2e, 0x21, 0x21,
  0x2e, 0x21, 0x21, 0x2e, 0x21, 0x21, 0x2e, 0x21, 0x21, 0x2e, 0x21, 0x21,
  0x2e, 0x21, 0x90, 0x2e, 0x21, 0x21, 0x2e, 0x20, 0x20, 0x2e, 0x21, 0x21,
  0x2e, 0x20, 0xfe, 0x64, 0x2e, 0x20, 0x20, 0x2e, 0x21, 0x21, 0x2e, 0x20,
  0x20, 0x2e, 0x21, 0x90, 0x2e, 0x20, 0x20, 0x2e, 0x21, 0x21, 0x2e, 0x20,
  0x20, 0x2e, 0x21, 0x21, 0x2e, 0x20, 0x20, 0x2e, 0x21, 0xbd, 0x2e, 0x20,
  0x20, 0x2e, 0x21, 0x90, 0x2e, 0x20, 0x20, 0x2e, 0x21, 0x01, 0xdd, 0x2e,
  0x21, 0x21, 0x2e, 0x20, 0x8f, 0x2e, 0x21, 0x21, 0x2e, 0x20, 0x00, 0x00,
  0x00, 0x09, 0x00, 0x00, 0x00, 0x6f, 0x02, 0x2c, 0x02, 0x9b, 0x00, 0x07,
  0x00, 0x0f, 0x00, 0x17, 0x00, 0x1f, 0x00, 0x27, 0x00, 0x2f, 0x00, 0x37,
  0x00, 0x3f, 0x00, 0x47, 0x00, 0x00, 0x10, 0x34, 0x36, 0x32, 0x16, 0x14,
  0x06, 0x22, 0x36, 0x34, 0x36, 0x32, 0x16, 0x14, 0x06, 0x22, 0x02, 0x34,
  0x36, 0x32, 0x16, 0x14, 0x06, 0x22, 0x06, 0x34, 0x36, 0x32, 0x16, 0x14,
  0x06, 0x22, 0x06, 0x34, 0x36, 0x32, 0x16, 0x14, 0x06, 0x22, 0x06, 0x34,
  0x36, 0x32, 0x16, 0x14, 0x06, 0x22, 0x12, 0x34, 0x36, 0x32, 0x16, 0x14,
  0x06, 0x22, 0x26, 0x34, 0x36, 0x32, 0x16, 0x14, 0x06, 0x22, 0x26, 0x34,
  0x36, 0x32, 0x16, 0x14, 0x06, 0x22, 0x21, 0x2e, 0x20, 0x20, 0x2e, 0xbd,
  0x21, 0x2e, 0x20, 0x20, 0x2e, 0x21, 0x21, 0x2e, 0x20, 0x20, 0x2e, 0x21,
  0x21, 0x2e, 0x20, 0x20, 0x2e, 0x21, 0x21, 0x2e, 0x20, 0x20, 0x2e, 0x21,
  0x21, 0x2e, 0x20, 0x20, 0x2e, 0xbd, 0x21, 0x2e, 0x21, 0x21, 0x2e, 0x90,
  0x21, 0x2e, 0x20, 0x20, 0x2e, 0xff, 0x21, 0x2e, 0x20, 0x20, 0x2e, 0x01,
  0x6e, 0x2e, 0x21, 0x21, 0x2e, 0x21, 0x21, 0x2e, 0x21, 0x21, 0x2e, 0x21,
  0x00, 0xff, 0x2e, 0x21, 0x21, 0x2e, 0x20, 0x4f, 0x2e, 0x21, 0x21, 0x2e,
  0x20, 0xbe, 0x2e, 0x20, 0x20, 0x2e, 0x21, 0x4e, 0x2e, 0x20, 0x20, 0x2e,
  0x21, 0x00, 0xff, 0x2e, 0x21, 0x21, 0x2e, 0x21, 0x21, 0x2e, 0x21, 0x21,
  0x2e, 0x21, 0x21, 0x2e, 0x21, 0x21, 0x2e, 0x21, 0x00, 0x06, 0x00, 0x00,
  0xff, 0x38, 0x00, 0xc8, 0x00, 0xc8, 0x00, 0x07, 0x00, 0x0f, 0x00, 0x17,
  0x00, 0x1f, 0x00, 0x27, 0x00, 0x2f, 0x00, 0x00, 0x3c, 0x01, 0x36, 0x32,
  0x16, 0x14, 0x06, 0x22, 0x36, 0x34, 0x36, 0x32, 0x16, 0x14, 0x06, 0x22,
  0x06, 0x34, 0x36, 0x32, 0x16, 0x14, 0x06, 0x22, 0x36, 0x34, 0x36, 0x32,
  0x16, 0x14, 0x06, 0x22, 0x06, 0x34, 0x36, 0x32, 0x16, 0x14, 0x06, 0x22,
  0x06, 0x34, 0x36, 0x32, 0x16, 0x14, 0x06, 0x22, 0x1d, 0x2a, 0x1d, 0x1d,
  0x2a, 0x47, 0x1d, 0x2a, 0x1d, 0x1d, 0x2a, 0x81, 0x1d, 0x2a, 0x1d, 0x1d,
  0x2a, 0x47, 0x1d, 0x2a, 0x1d, 0x1d, 0x2a, 0x1d, 0x1d, 0x2a, 0x1d, 0x1d,
  0x2a, 0x81, 0x1d, 0x2a, 0x1d, 0x1d, 0x2a, 0x81, 0x2a, 0x1d, 0x1d, 0x2a,
  0x1d, 0x1d, 0x2a, 0x1d, 0x1d, 0x2a, 0x1d, 0x47, 0x2a, 0x1d, 0x1d, 0x2a,
  0x1d, 0x1d, 0x2a, 0x1d, 0x1d, 0x2a, 0x1d, 0x47, 0x2a, 0x1d, 0x1d, 0x2a,
  0x1d, 0x47, 0x2a, 0x1d, 0x1d, 0x2a, 0x1d, 0x00, 0x00, 0x05, 0x00, 0x00,
  0x01, 0x4c, 0x02, 0x2c, 0x01, 0xbc, 0x00, 0x07, 0x00, 0x0f, 0x00, 0x17,
  0x00, 0x1f, 0x00, 0x27, 0x00, 0x00, 0x10, 0x34, 0x36, 0x32, 0x16, 0x14,
  0x06, 0x22, 0x36, 0x34, 0x36, 0x32, 0x16, 0x14, 0x06, 0x22, 0x36, 0x34,
  0x36, 0x32, 0x16, 0x14, 0x06, 0x22, 0x26, 0x34, 0x36, 0x32, 0x16, 0x14,
  0x06, 0x22, 0x26, 0x34, 0x36, 0x32, 0x16, 0x14, 0x06, 0x22, 0x21, 0x2e,
  0x20, 0x20, 0x2e, 0xbd, 0x21, 0x2e, 0x20, 0x20, 0x2e, 0xbd, 0x21, 0x2e,
  0x21, 0x21, 0x2e, 0x90, 0x21, 0x2e, 0x20, 0x20, 0x2e, 0xff, 0x21, 0x2e,
  0x20, 0x20, 0x2e, 0x01, 0x6d, 0x2e, 0x21, 0x21, 0x2e, 0x21, 0x21, 0x2e,
  0x21, 0x21, 0x2e, 0x21, 0x21, 0x2e, 0x21, 0x21, 0x2e, 0x21, 0x21, 0x2e,
  0x21, 0x21, 0x2e, 0x21, 0x21, 0x2e, 0x21, 0x21, 0x2e, 0x21, 0x00, 0x00,
  0x00, 0x04, 0x00, 0x00, 0x00, 0x00, 0x00, 0xdf, 0x00, 0xdf, 0x00, 0x07,
  0x00, 0x0f, 0x00, 0x17, 0x00, 0x1f, 0x00, 0x00, 0x3c, 0x01, 0x36, 0x32,
  0x16, 0x14, 0x06, 0x22, 0x36, 0x34, 0x36, 0x32, 0x16, 0x14, 0x06, 0x22,
  0x06, 0x34, 0x36, 0x32, 0x16, 0x14, 0x06, 0x22, 0x36, 0x34, 0x36, 0x32,
  0x16, 0x14, 0x06, 0x22, 0x21, 0x2e, 0x20, 0x20, 0x2e, 0x4e, 0x21, 0x2e,
  0x20, 0x20, 0x2e, 0x90, 0x21, 0x2e, 0x20, 0x20, 0x2e, 0x4e, 0x21, 0x2e,
  0x20, 0x20, 0x2e, 0x90, 0x2e, 0x20, 0x20, 0x2e, 0x21, 0x21, 0x2e, 0x20,
  0x20, 0x2e, 0x21, 0x4e, 0x2e, 0x20, 0x20, 0x2e, 0x21, 0x21, 0x2e, 0x20,
  0x20, 0x2e, 0x21, 0x00, 0x00, 0x16, 0x00, 0x00, 0xff, 0x90, 0x02, 0x9b,
  0x03, 0x79, 0x00, 0x07, 0x00, 0x0f, 0x00, 0x17, 0x00, 0x1f, 0x00, 0x27,
  0x00, 0x2f, 0x00, 0x37, 0x00, 0x3f, 0x00, 0x47, 0x00, 0x4f, 0x00, 0x57,
  0x00, 0x5f, 0x00, 0x67, 0x00, 0x6f, 0x00, 0x77, 0x00, 0x7f, 0x00, 0x87,
  0x00, 0x8f, 0x00, 0x97, 0x00, 0x9f, 0x00, 0xa7, 0x00, 0xaf, 0x00, 0x00,
  0x00, 0x34, 0x36, 0x32, 0x16, 0x14, 0x06, 0x22, 0x26, 0x34, 0x36, 0x32,
  0x16, 0x14, 0x06, 0x22, 0x26, 0x34, 0x36, 0x32, 0x16, 0x14, 0x06, 0x22,
  0x26, 0x34, 0x36, 0x32, 0x16, 0x14, 0x06, 0x22, 0x26, 0x34, 0x36, 0x32,
  0x16, 0x14, 0x06, 0x22, 0x02, 0x34, 0x36, 0x32, 0x16, 0x14, 0x06, 0x22,
  0x06, 0x34, 0x36, 0x32, 0x16, 0x14, 0x06, 0x22, 0x06, 0x34, 0x36, 0x32,
  0x16, 0x14, 0x06, 0x22, 0x02, 0x34, 0x36, 0x32, 0x16, 0x14, 0x06, 0x22,
  0x06, 0x34, 0x36, 0x32, 0x16, 0x14, 0x06, 0x22, 0x06, 0x34, 0x36, 0x32,
  0x16, 0x14, 0x06, 0x22, 0x04, 0x34, 0x36, 0x32, 0x16, 0x14, 0x06, 0x22,
  0x06, 0x34, 0x36, 0x32, 0x16, 0x14, 0x06, 0x22, 0x06, 0x34, 0x36, 0x32,
  0x16, 0x14, 0x06, 0x22, 0x06, 0x34, 0x36, 0x32, 0x16, 0x14, 0x06, 0x22,
  0x06, 0x34, 0x36, 0x32, 0x16, 0x14, 0x06, 0x22, 0x26, 0x34, 0x36, 0x32,
  0x16, 0x14, 0x06, 0x22, 0x26, 0x34, 0x36, 0x32, 0x16, 0x14, 0x06, 0x22,
  0x26, 0x34, 0x36, 0x32, 0x16, 0x14, 0x06, 0x22, 0x26, 0x34, 0x36, 0x32,
  0x16, 0x14, 0x06, 0x22, 0x00, 0x34, 0x36, 0x32, 0x16, 0x14, 0x06, 0x22,
  0x26, 0x34, 0x36, 0x32, 0x16, 0x14, 0x06, 0x22, 0x02, 0x2c, 0x20, 0x2e,
  0x21, 0x21, 0x2e, 0x90, 0x21, 0x2e, 0x21, 0x21, 0x2e, 0x90, 0x21, 0x2e,
  0x20, 0x20, 0x2e, 0x90, 0x21, 0x2e, 0x20, 0x20, 0x2e, 0x90, 0x21, 0x2e,
  0x20, 0x20, 0x2e, 0x90, 0x21, 0x2e, 0x20, 0x20, 0x2e, 0x21, 0x21, 0x2e,
  0x20, 0x20, 0x2e, 0x21, 0x21, 0x2e, 0x20, 0x20, 0x2e, 0x21, 0x21, 0x2e,
  0x20, 0x20, 0x2e, 0x21, 0x21, 0x2e, 0x20, 0x20, 0x2e, 0x21, 0x21, 0x2e,
  0x20, 0x20, 0x2e, 0x02, 0x0b, 0x20, 0x2e, 0x21, 0x21, 0x2e, 0x20, 0x20,
  0x2e, 0x21, 0x21, 0x2e, 0x20, 0x20, 0x2e, 0x21, 0x21, 0x2e, 0x20, 0x20,
  0x2e, 0x21, 0x21, 0x2e, 0x90, 0x21, 0x2e, 0x21, 0x21, 0x2e, 0x90, 0x21,
  0x2e, 0x20, 0x20, 0x2e, 0x90, 0x21, 0x2e, 0x20, 0x20, 0x2e, 0x90, 0x21,
  0x2e, 0x20, 0x20, 0x2e, 0x90, 0x21, 0x2e, 0x20, 0x20, 0x2e, 0x02, 0x0b,
  0x20, 0x2e, 0x21, 0x21, 0x2e, 0x20, 0x20, 0x2e, 0x21, 0x21, 0x2e, 0x02,
  0xbb, 0x2e, 0x21, 0x21, 0x2e, 0x20, 0x8f, 0x2e, 0x21, 0x21, 0x2e, 0x20,
  0x20, 0x2e, 0x21, 0x21, 0x2e, 0x20, 0x20, 0x2e, 0x21, 0x21, 0x2e, 0x20,
  0x20, 0x2e, 0x21, 0x21, 0x2e, 0x20, 0xfe, 0x64, 0x2e, 0x20, 0x20, 0x2e,
  0x21, 0x4e, 0x2e, 0x20, 0x20, 0x2e, 0x21, 0x4e, 0x2e, 0x20, 0x20, 0x2e,
  0x21, 0x02, 0x4c, 0x2e, 0x21, 0x21, 0x2e, 0x20, 0x4f, 0x2e, 0x21, 0x21,
  0x2e, 0x20, 0x4f, 0x2e, 0x21, 0x21, 0x2e, 0x21, 0x4e, 0x2e, 0x20, 0x20,
  0x2e, 0x21, 0x4e, 0x2e, 0x20, 0x20, 0x2e, 0x21, 0x4e, 0x2e, 0x20, 0x20,
  0x2e, 0x21, 0x4e, 0x2e, 0x20, 0x20, 0x2e, 0x21, 0x4f, 0x2e, 0x21, 0x21,
  0x2e, 0x20, 0x20, 0x2e, 0x21, 0x21, 0x2e, 0x20, 0x20, 0x2e, 0x21, 0x21,
  0x2e, 0x20, 0x20, 0x2e, 0x21, 0x21, 0x2e, 0x20, 0x90, 0x2e, 0x20, 0x20,
  0x2e, 0x21, 0x01, 0xdd, 0x2e, 0x21, 0x21, 0x2e, 0x21, 0x90, 0x2e, 0x21,
  0x21, 0x2e, 0x20, 0x00, 0x00, 0x0a, 0x00, 0xde, 0xff, 0x90, 0x01, 0xbd,
  0x03, 0x79, 0x00, 0x07, 0x00, 0x0f, 0x00, 0x17, 0x00, 0x1f, 0x00, 0x27,
  0x00, 0x2f, 0x00, 0x37, 0x00, 0x3f, 0x00, 0x47, 0x00, 0x4f, 0x00, 0x00,
  0x00, 0x34, 0x36, 0x32, 0x16, 0x14, 0x06, 0x22, 0x06, 0x34, 0x36, 0x32,
  0x16, 0x14, 0x06, 0x22, 0x06, 0x34, 0x36, 0x32, 0x16, 0x14, 0x06, 0x22,
  0x06, 0x34, 0x36, 0x32, 0x16, 0x14, 0x06, 0x22, 0x06, 0x34, 0x36, 0x32,
  0x16, 0x14, 0x06, 0x22, 0x06, 0x34, 0x36, 0x32, 0x16, 0x14, 0x06, 0x22,
  0x06, 0x34, 0x36, 0x32, 0x16, 0x14, 0x06, 0x22, 0x06, 0x34, 0x36, 0x32,
  0x16, 0x14, 0x06, 0x22, 0x06, 0x34, 0x36, 0x32, 0x16, 0x14, 0x06, 0x22,
  0x02, 0x34, 0x36, 0x32, 0x16, 0x14, 0x06, 0x22, 0x01, 0x4d, 0x21, 0x2e,
  0x20, 0x20, 0x2e, 0x21, 0x21, 0x2e, 0x20, 0x20, 0x2e, 0x21, 0x21, 0x2e,
  0x20, 0x20, 0x2e, 0x21, 0x21, 0x2e, 0x20, 0x20, 0x2e, 0x21, 0x21, 0x2e,
  0x20, 0x20, 0x2e, 0x21, 0x21, 0x2e, 0x20, 0x20, 0x2e, 0x21, 0x21, 0x2e,
  0x20, 0x20, 0x2e, 0x21, 0x21, 0x2e, 0x20, 0x20, 0x2e, 0x21, 0x21, 0x2e,
  0x20, 0x20, 0x2e, 0x90, 0x21, 0x2e, 0x20, 0x20, 0x2e, 0x03, 0x2a, 0x2e,
  0x21, 0x21, 0x2e, 0x20, 0x4f, 0x2e, 0x21, 0x21, 0x2e, 0x20, 0x4f, 0x2e,
  0x21, 0x21, 0x2e, 0x20, 0x4f, 0x2e, 0x21, 0x21, 0x2e, 0x21, 0x4e, 0x2e,
  0x20, 0x20, 0x2e, 0x21, 0x4e, 0x2e, 0x20, 0x20, 0x2e, 0x21, 0x4e, 0x2e,
  0x20, 0x20, 0x2e, 0x21, 0x4e, 0x2e, 0x20, 0x20, 0x2e, 0x21, 0x4f, 0x2e,
  0x21, 0x21, 0x2e, 0x20, 0x03, 0x2a, 0x2e, 0x21, 0x21, 0x2e, 0x20, 0x00,
  0x00, 0x12, 0x00, 0x00, 0xff, 0x90, 0x02, 0x9b, 0x03, 0x79, 0x00, 0x07,
  0x00, 0x0f, 0x00, 0x17, 0x00, 0x1f, 0x00, 0x27, 0x00, 0x2f, 0x00, 0x37,
  0x00, 0x3f, 0x00, 0x47, 0x00, 0x4f, 0x00, 0x57, 0x00, 0x5f, 0x00, 0x67,
  0x00, 0x6f, 0x00, 0x77, 0x00, 0x7f, 0x00, 0x87, 0x00, 0x8f, 0x00, 0x00,
  0x10, 0x34, 0x36, 0x32, 0x16, 0x14, 0x06, 0x22, 0x36, 0x34, 0x36, 0x32,
  0x16, 0x14, 0x06, 0x22, 0x36, 0x34, 0x36, 0x32, 0x16, 0x14, 0x06, 0x22,
  0x36, 0x34, 0x36, 0x32, 0x16, 0x14, 0x06, 0x22, 0x36, 0x34, 0x36, 0x32,
  0x16, 0x14, 0x06, 0x22, 0x16, 0x34, 0x36, 0x32, 0x16, 0x14, 0x06, 0x22,
  0x06, 0x34, 0x36, 0x32, 0x16, 0x14, 0x06, 0x22, 0x06, 0x34, 0x36, 0x32,
  0x16, 0x14, 0x06, 0x22, 0x06, 0x34, 0x36, 0x32, 0x16, 0x14, 0x06, 0x22,
  0x06, 0x34, 0x36, 0x32, 0x16, 0x14, 0x06, 0x22, 0x06, 0x34, 0x36, 0x32,
  0x16, 0x14, 0x06, 0x22, 0x06, 0x34, 0x36, 0x32, 0x16, 0x14, 0x06, 0x22,
  0x06, 0x34, 0x36, 0x32, 0x16, 0x14, 0x06, 0x22, 0x36, 0x34, 0x36, 0x32,
  0x16, 0x14, 0x06, 0x22, 0x36, 0x34, 0x36, 0x32, 0x16, 0x14, 0x06, 0x22,
  0x36, 0x34, 0x36, 0x32, 0x16, 0x14, 0x06, 0x22, 0x26, 0x34, 0x36, 0x32,
  0x16, 0x14, 0x06, 0x22, 0x36, 0x34, 0x36, 0x32, 0x16, 0x14, 0x06, 0x22,
  0x21, 0x2e, 0x20, 0x20, 0x2e, 0x4e, 0x21, 0x2e, 0x20, 0x20, 0x2e, 0x4e,
  0x21, 0x2e, 0x20, 0x20, 0x2e, 0x4e, 0x21, 0x2e, 0x20, 0x20, 0x2e, 0x4e,
  0x21, 0x2e, 0x21, 0x21, 0x2e, 0x4f, 0x20, 0x2e, 0x21, 0x21, 0x2e, 0x20,
  0x20, 0x2e, 0x21, 0x21, 0x2e, 0x20, 0x20, 0x2e, 0x21, 0x21, 0x2e, 0x90,
  0x21, 0x2e, 0x21, 0x21, 0x2e, 0x90, 0x21, 0x2e, 0x20, 0x20, 0x2e, 0x90,
  0x21, 0x2e, 0x20, 0x20, 0x2e, 0x90, 0x21, 0x2e, 0x20, 0x20, 0x2e, 0x90,
  0x21, 0x2e, 0x20, 0x20, 0x2e, 0x4e, 0x21, 0x2e, 0x20, 0x20, 0x2e, 0x4e,
  0x21, 0x2e, 0x20, 0x20, 0x2e, 0xbd, 0x21, 0x2e, 0x21, 0x21, 0x2e, 0x90,
  0x21, 0x2e, 0x20, 0x20, 0x2e, 0xbe, 0x20, 0x2e, 0x21, 0x21, 0x2e, 0x02,
  0xbb, 0x2e, 0x21, 0x21, 0x2e, 0x20, 0x8f, 0x2e, 0x21, 0x21, 0x2e, 0x20,
  0x20, 0x2e, 0x21, 0x21, 0x2e, 0x20, 0x20, 0x2e, 0x21, 0x21, 0x2e, 0x20,
  0x20, 0x2e, 0x21, 0x21, 0x2e, 0x20, 0x4f, 0x2e, 0x21, 0x21, 0x2e, 0x20,
  0x4f, 0x2e, 0x21, 0x21, 0x2e, 0x20, 0x4f, 0x2e, 0x21, 0x21, 0x2e, 0x21,
  0x4e, 0x2e, 0x20, 0x20, 0x2e, 0x21, 0x4e, 0x2e, 0x20, 0x20, 0x2e, 0x21,
  0x4e, 0x2e, 0x20, 0x20, 0x2e, 0x21, 0x4e, 0x2e, 0x20, 0x20, 0x2e, 0x21,
  0x4f, 0x2e, 0x21, 0x21, 0x2e, 0x20, 0x20, 0x2e, 0x21, 0x21, 0x2e, 0x20,
  0x20, 0x2e, 0x21, 0x21, 0x2e, 0x20, 0x20, 0x2e, 0x21, 0x21, 0x2e, 0x20,
  0x20, 0x2e, 0x21, 0x21, 0x2e, 0x20, 0x20, 0x2e, 0x21, 0x21, 0x2e, 0x20,
  0x00, 0x13, 0x00, 0x00, 0xff, 0x90, 0x02, 0x9b, 0x03, 0x79, 0x00, 0x07,
  0x00, 0x0f, 0x00, 0x17, 0x00, 0x1f, 0x00, 0x27, 0x00, 0x2f, 0x00, 0x37,
  0x00, 0x3f, 0x00, 0x47, 0x00, 0x4f, 0x00, 0x57, 0x00, 0x5f, 0x00, 0x67,
  0x00, 0x6f, 0x00, 0x77, 0x00, 0x7f, 0x00, 0x87, 0x00, 0x8f, 0x00, 0x97,
  0x00, 0x00, 0x10, 0x34, 0x36, 0x32, 0x16, 0x14, 0x06, 0x22, 0x36, 0x34,
  0x36, 0x32, 0x16, 0x14, 0x06, 0x22, 0x36, 0x34, 0x36, 0x32, 0x16, 0x14,
  0x06, 0x22, 0x36, 0x34, 0x36, 0x32, 0x16, 0x14, 0x06, 0x22, 0x36, 0x34,
  0x36, 0x32, 0x16, 0x14, 0x06, 0x22, 0x16, 0x34, 0x36, 0x32, 0x16, 0x14,
  0x06, 0x22, 0x06, 0x34, 0x36, 0x32, 0x16, 0x14, 0x06, 0x22, 0x00, 0x34,
  0x36, 0x32, 0x16, 0x14, 0x06, 0x22, 0x16, 0x34, 0x36, 0x32, 0x16, 0x14,
  0x06, 0x22, 0x36, 0x34, 0x36, 0x32, 0x16, 0x14, 0x06, 0x22, 0x36, 0x34,
  0x36, 0x32, 0x16, 0x14, 0x06, 0x22, 0x36, 0x34, 0x36, 0x32, 0x16, 0x14,
  0x06, 0x22, 0x36, 0x34, 0x36, 0x32, 0x16, 0x14, 0x06, 0x22, 0x26, 0x34,
  0x36, 0x32, 0x16, 0x14, 0x06, 0x22, 0x26, 0x34, 0x36, 0x32, 0x16, 0x14,
  0x06, 0x22, 0x02, 0x34, 0x36, 0x32, 0x16, 0x14, 0x06, 0x22, 0x06, 0x34,
  0x36, 0x32, 0x16, 0x14, 0x06, 0x22, 0x36, 0x34, 0x36, 0x32, 0x16, 0x14,
  0x06, 0x22, 0x26, 0x34, 0x36, 0x32, 0x16, 0x14, 0x06, 0x22, 0x21, 0x2e,
  0x20, 0x20, 0x2e, 0x4e, 0x21, 0x2e, 0x20, 0x20, 0x2e, 0x4e, 0x21, 0x2e,
  0x20, 0x20, 0x2e, 0x4e, 0x21, 0x2e, 0x20, 0x20, 0x2e, 0x4e, 0x21, 0x2e,
  0x21, 0x21, 0x2e, 0x4f, 0x20, 0x2e, 0x21, 0x21, 0x2e, 0x20, 0x20, 0x2e,
  0x21, 0x21, 0x2e, 0xfd, 0xca, 0x21, 0x2e, 0x20, 0x20, 0x2e, 0x38, 0x21,
  0x2e, 0x20, 0x20, 0x2e, 0x4e, 0x21, 0x2e, 0x20, 0x20, 0x2e, 0x4e, 0x21,
  0x2e, 0x20, 0x20, 0x2e, 0x4e, 0x21, 0x2e, 0x21, 0x21, 0x2e, 0x4f, 0x20,
  0x2e, 0x21, 0x21, 0x2e, 0x20, 0x20, 0x2e, 0x21, 0x21, 0x2e, 0x20, 0x20,
  0x2e, 0x21, 0x21, 0x2e, 0x20, 0x20, 0x2e, 0x21, 0x21, 0x2e, 0xff, 0x21,
  0x2e, 0x20, 0x20, 0x2e, 0x4e, 0x21, 0x2e, 0x21, 0x21, 0x2e, 0xff, 0x21,
  0x2e, 0x20, 0x20, 0x2e, 0x02, 0xbb, 0x2e, 0x21, 0x21, 0x2e, 0x20, 0x8f,
  0x2e, 0x21, 0x21, 0x2e, 0x20, 0x20, 0x2e, 0x21, 0x21, 0x2e, 0x20, 0x20,
  0x2e, 0x21, 0x21, 0x2e, 0x20, 0x20, 0x2e, 0x21, 0x21, 0x2e, 0x20, 0x4f,
  0x2e, 0x21, 0x21, 0x2e, 0x20, 0x4f, 0x2e, 0x21, 0x21, 0x2e, 0x20, 0xfd,
  0xf5, 0x2e, 0x20, 0x20, 0x2e, 0x21, 0x4f, 0x2e, 0x21, 0x21, 0x2e, 0x20,
  0x20, 0x2e, 0x21, 0x21, 0x2e, 0x20, 0x20, 0x2e, 0x21, 0x21, 0x2e, 0x20,
  0x20, 0x2e, 0x21, 0x21, 0x2e, 0x20, 0x90, 0x2e, 0x20, 0x20, 0x2e, 0x21,
  0x90, 0x2e, 0x20, 0x20, 0x2e, 0x21, 0x90, 0x2e, 0x20, 0x20, 0x2e, 0x21,
  0x00, 0xff, 0x2e, 0x21, 0x21, 0x2e, 0x21, 0x4e, 0x2e, 0x20, 0x20, 0x2e,
  0x21, 0x21, 0x2e, 0x20, 0x20, 0x2e, 0x21, 0x21, 0x2e, 0x20, 0x20, 0x2e,
  0x21, 0x00, 0x00, 0x00, 0x00, 0x12, 0x00, 0x00, 0xff, 0x90, 0x02, 0x9b,
  0x03, 0x79, 0x00, 0x07, 0x00, 0x0f, 0x00, 0x17, 0x00, 0x1f, 0x00, 0x27,
  0x00, 0x2f, 0x00, 0x37, 0x00, 0x3f, 0x00, 0x47, 0x00, 0x4f, 0x00, 0x57,
  0x00, 0x5f, 0x00, 0x67, 0x00, 0x6f, 0x00, 0x77, 0x00, 0x7f, 0x00, 0x87,
  0x00, 0x8f, 0x00, 0x00, 0x04, 0x34, 0x36, 0x32, 0x16, 0x14, 0x06, 0x22,
  0x26, 0x34, 0x36, 0x32, 0x16, 0x14, 0x06, 0x22, 0x26, 0x34, 0x36, 0x32,
  0x16, 0x14, 0x06, 0x22, 0x26, 0x34, 0x36, 0x32, 0x16, 0x14, 0x06, 0x22,
  0x36, 0x34, 0x36, 0x32, 0x16, 0x14, 0x06, 0x22, 0x26, 0x34, 0x36, 0x32,
  0x16, 0x14, 0x06, 0x22, 0x26, 0x34, 0x36, 0x32, 0x16, 0x14, 0x06, 0x22,
  0x26, 0x34, 0x36, 0x32, 0x16, 0x14, 0x06, 0x22, 0x36, 0x34, 0x36, 0x32,
  0x16, 0x14, 0x06, 0x22, 0x26, 0x34, 0x36, 0x32, 0x16, 0x14, 0x06, 0x22,
  0x36, 0x34, 0x36, 0x32, 0x16, 0x14, 0x06, 0x22, 0x36, 0x34, 0x36, 0x32,
  0x16, 0x14, 0x06, 0x22, 0x36, 0x34, 0x36, 0x32, 0x16, 0x14, 0x06, 0x22,
  0x36, 0x34, 0x36, 0x32, 0x16, 0x14, 0x06, 0x22, 0x06, 0x34, 0x36, 0x32,
  0x16, 0x14, 0x06, 0x22, 0x06, 0x34, 0x36, 0x32, 0x16, 0x14, 0x06, 0x22,
  0x26, 0x34, 0x36, 0x32, 0x16, 0x14, 0x06, 0x22, 0x02, 0x34, 0x36, 0x32,
  0x16, 0x14, 0x06, 0x22, 0x01, 0xbc, 0x21, 0x2e, 0x21, 0x21, 0x2e, 0x21,
  0x21, 0x2e, 0x21, 0x21, 0x2e, 0x21, 0x21, 0x2e, 0x21, 0x21, 0x2e, 0x21,
  0x21, 0x2e, 0x21, 0x21, 0x2e, 0x4f, 0x20, 0x2e, 0x21, 0x21, 0x2e, 0xff,
  0x21, 0x2e, 0x20, 0x20, 0x2e, 0x90, 0x21, 0x2e, 0x20, 0x20, 0x2e, 0xff,
  0x21, 0x2e, 0x20, 0x20, 0x2e, 0x4e, 0x21, 0x2e, 0x20, 0x20, 0x2e, 0x90,
  0x21, 0x2e, 0x20, 0x20, 0x2e, 0x4e, 0x21, 0x2e, 0x20, 0x20, 0x2e, 0x4e,
  0x21, 0x2e, 0x20, 0x20, 0x2e, 0x4e, 0x21, 0x2e, 0x20, 0x20, 0x2e, 0x4e,
  0x21, 0x2e, 0x21, 0x21, 0x2e, 0x21, 0x21, 0x2e, 0x21, 0x21, 0x2e, 0x21,
  0x21, 0x2e, 0x21, 0x21, 0x2e, 0x21, 0x21, 0x2e, 0x21, 0x21, 0x2e, 0x21,
  0x21, 0x2e, 0x21, 0x21, 0x2e, 0x4f, 0x2e, 0x21, 0x21, 0x2e, 0x20, 0x90,
  0x2e, 0x20, 0x20, 0x2e, 0x21, 0x90, 0x2e, 0x20, 0x20, 0x2e, 0x21, 0x90,
  0x2e, 0x20, 0x20, 0x2e, 0x21, 0x21, 0x2e, 0x20, 0x20, 0x2e, 0x21, 0x21,
  0x2e, 0x20, 0x20, 0x2e, 0x21, 0x21, 0x2e, 0x20, 0x20, 0x2e, 0x21, 0x21,
  0x2e, 0x20, 0x20, 0x2e, 0x21, 0x21, 0x2e, 0x20, 0x20, 0x2e, 0x21, 0x90,
  0x2e, 0x20, 0x20, 0x2e, 0x21, 0x90, 0x2e, 0x21, 0x21, 0x2e, 0x21, 0x90,
  0x2e, 0x21, 0x21, 0x2e, 0x20, 0x8f, 0x2e, 0x21, 0x21, 0x2e, 0x20, 0x8f,
  0x2e, 0x21, 0x21, 0x2e, 0x20, 0xbe, 0x2e, 0x21, 0x21, 0x2e, 0x20, 0xbe,
  0x2e, 0x20, 0x20, 0x2e, 0x21, 0x90, 0x2e, 0x21, 0x21, 0x2e, 0x21, 0x00,
  0xff, 0x2e, 0x21, 0x21, 0x2e, 0x20, 0x00, 0x00, 0x00, 0x16, 0x00, 0x00,
  0xff, 0x90, 0x02, 0x9b, 0x03, 0x79, 0x00, 0x07, 0x00, 0x0f, 0x00, 0x17,
  0x00, 0x1f, 0x00, 0x27, 0x00, 0x2f, 0x00, 0x37, 0x00, 0x3f, 0x00, 0x47,
  0x00, 0x4f, 0x00, 0x57, 0x00, 0x5f, 0x00, 0x67, 0x00, 0x6f, 0x00, 0x77,
  0x00, 0x7f, 0x00, 0x87, 0x00, 0x8f, 0x00, 0x97, 0x00, 0x9f, 0x00, 0xa7,
  0x00, 0xaf, 0x00, 0x00, 0x00, 0x34, 0x36, 0x32, 0x16, 0x14, 0x06, 0x22,
  0x26, 0x34, 0x36, 0x32, 0x16, 0x14, 0x06, 0x22, 0x26, 0x34, 0x36, 0x32,
  0x16, 0x14, 0x06, 0x22, 0x26, 0x34, 0x36, 0x32, 0x16, 0x14, 0x06, 0x22,
  0x26, 0x34, 0x36, 0x32, 0x16, 0x14, 0x06, 0x22, 0x26, 0x34, 0x36, 0x32,
  0x16, 0x14, 0x06, 0x22, 0x06, 0x34, 0x36, 0x32, 0x16, 0x14, 0x06, 0x22,
  0x06, 0x34, 0x36, 0x32, 0x16, 0x14, 0x06, 0x22, 0x06, 0x34, 0x36, 0x32,
  0x16, 0x14, 0x06, 0x22, 0x36, 0x34, 0x36, 0x32, 0x16, 0x14, 0x06, 0x22,
  0x04, 0x34, 0x36, 0x32, 0x16, 0x14, 0x06, 0x22, 0x06, 0x34, 0x36, 0x32,
  0x16, 0x14, 0x06, 0x22, 0x06, 0x34, 0x36, 0x32, 0x16, 0x14, 0x06, 0x22,
  0x06, 0x34, 0x36, 0x32, 0x16, 0x14, 0x06, 0x22, 0x06, 0x34, 0x36, 0x32,
  0x16, 0x14, 0x06, 0x22, 0x26, 0x34, 0x36, 0x32, 0x16, 0x14, 0x06, 0x22,
  0x26, 0x34, 0x36, 0x32, 0x16, 0x14, 0x06, 0x22, 0x26, 0x34, 0x36, 0x32,
  0x16, 0x14, 0x06, 0x22, 0x26, 0x34, 0x36, 0x32, 0x16, 0x14, 0x06, 0x22,
  0x12, 0x34, 0x36, 0x32, 0x16, 0x14, 0x06, 0x22, 0x36, 0x34, 0x36, 0x32,
  0x16, 0x14, 0x06, 0x22, 0x36, 0x34, 0x36, 0x32, 0x16, 0x14, 0x06, 0x22,
  0x02, 0x2c, 0x20, 0x2e, 0x21, 0x21, 0x2e, 0x90, 0x21, 0x2e, 0x21, 0x21,
  0x2e, 0x90, 0x21, 0x2e, 0x20, 0x20, 0x2e, 0x90, 0x21, 0x2e, 0x20, 0x20,
  0x2e, 0x90, 0x21, 0x2e, 0x20, 0x20, 0x2e, 0x90, 0x21, 0x2e, 0x20, 0x20,
  0x2e, 0x21, 0x21, 0x2e, 0x20, 0x20, 0x2e, 0x21, 0x21, 0x2e, 0x20, 0x20,
  0x2e, 0x21, 0x21, 0x2e, 0x20, 0x20, 0x2e, 0x4e, 0x21, 0x2e, 0x20, 0x20,
  0x2e, 0x01, 0x9c, 0x20, 0x2e, 0x21, 0x21, 0x2e, 0x20, 0x20, 0x2e, 0x21,
  0x21, 0x2e, 0x20, 0x20, 0x2e, 0x21, 0x21, 0x2e, 0x20, 0x20, 0x2e, 0x21,
  0x21, 0x2e, 0x90, 0x21, 0x2e, 0x21, 0x21, 0x2e, 0x90, 0x21, 0x2e, 0x20,
  0x20, 0x2e, 0x90, 0x21, 0x2e, 0x20, 0x20, 0x2e, 0x90, 0x21, 0x2e, 0x20,
  0x20, 0x2e, 0x90, 0x21, 0x2e, 0x20, 0x20, 0x2e, 0xbd, 0x21, 0x2e, 0x20,
  0x20, 0x2e, 0x4e, 0x21, 0x2e, 0x20, 0x20, 0x2e, 0x4e, 0x21, 0x2e, 0x21,
  0x21, 0x2e, 0x03, 0x2a, 0x2e, 0x21, 0x21, 0x2e, 0x20, 0x20, 0x2e, 0x21,
  0x21, 0x2e, 0x20, 0x20, 0x2e, 0x21, 0x21, 0x2e, 0x20, 0x20, 0x2e, 0x21,
  0x21, 0x2e, 0x20, 0x20, 0x2e, 0x21, 0x21, 0x2e, 0x20, 0x20, 0x2e, 0x21,
  0x21, 0x2e, 0x20, 0x4f, 0x2e, 0x21, 0x21, 0x2e, 0x20, 0x4f, 0x2e, 0x21,
  0x21, 0x2e, 0x20, 0x4f, 0x2e, 0x21, 0x21, 0x2e, 0x21, 0x21, 0x2e, 0x21,
  0x21, 0x2e, 0x21, 0x4e, 0x2e, 0x20, 0x20, 0x2e, 0x21, 0x4e, 0x2e, 0x20,
  0x20, 0x2e, 0x21, 0x4e, 0x2e, 0x20, 0x20, 0x2e, 0x21, 0x4e, 0x2e, 0x20,
  0x20, 0x2e, 0x21, 0x4f, 0x2e, 0x21, 0x21, 0x2e, 0x20, 0x20, 0x2e, 0x21,
  0x21, 0x2e, 0x20, 0x20, 0x2e, 0x21, 0x21, 0x2e, 0x20, 0x20, 0x2e, 0x21,
  0x21, 0x2e, 0x20, 0x90, 0x2e, 0x20, 0x20, 0x2e, 0x21, 0x01, 0xdd, 0x2e,
  0x21, 0x21, 0x2e, 0x21, 0x21, 0x2e, 0x21, 0x21, 0x2e, 0x21, 0x21, 0x2e,
  0x21, 0x21, 0x2e, 0x21, 0x00, 0x18, 0x00, 0x00, 0xff, 0x90, 0x02, 0x9b,
  0x03, 0x79, 0x00, 0x07, 0x00, 0x0f, 0x00, 0x17, 0x00, 0x1f, 0x00, 0x27,
  0x00, 0x2f, 0x00, 0x37, 0x00, 0x3f, 0x00, 0x47, 0x00, 0x4f, 0x00, 0x57,
  0x00, 0x5f, 0x00, 0x67, 0x00, 0x6f, 0x00, 0x77, 0x00, 0x7f, 0x00, 0x87,
  0x00, 0x8f, 0x00, 0x97, 0x00, 0x9f, 0x00, 0xa7, 0x00, 0xaf, 0x00, 0xb7,
  0x00, 0xbf, 0x00, 0x00, 0x00, 0x34, 0x36, 0x32, 0x16, 0x14, 0x06, 0x22,
  0x26, 0x34, 0x36, 0x32, 0x16, 0x14, 0x06, 0x22, 0x26, 0x34, 0x36, 0x32,
  0x16, 0x14, 0x06, 0x22, 0x26, 0x34, 0x36, 0x32, 0x16, 0x14, 0x06, 0x22,
  0x26, 0x34, 0x36, 0x32, 0x16, 0x14, 0x06, 0x22, 0x02, 0x34, 0x36, 0x32,
  0x16, 0x14, 0x06, 0x22, 0x06, 0x34, 0x36, 0x32, 0x16, 0x14, 0x06, 0x22,
  0x06, 0x34, 0x36, 0x32, 0x16, 0x14, 0x06, 0x22, 0x02, 0x34, 0x36, 0x32,
  0x16, 0x14, 0x06, 0x22, 0x06, 0x34, 0x36, 0x32, 0x16, 0x14, 0x06, 0x22,
  0x06, 0x34, 0x36, 0x32, 0x16, 0x14, 0x06, 0x22, 0x36, 0x34, 0x36, 0x32,
  0x16, 0x14, 0x06, 0x22, 0x04, 0x34, 0x36, 0x32, 0x16, 0x14, 0x06, 0x22,
  0x06, 0x34, 0x36, 0x32, 0x16, 0x14, 0x06, 0x22, 0x06, 0x34, 0x36, 0x32,
  0x16, 0x14, 0x06, 0x22, 0x06, 0x34, 0x36, 0x32, 0x16, 0x14, 0x06, 0x22,
  0x06, 0x34, 0x36, 0x32, 0x16, 0x14, 0x06, 0x22, 0x26, 0x34, 0x36, 0x32,
  0x16, 0x14, 0x06, 0x22, 0x26, 0x34, 0x36, 0x32, 0x16, 0x14, 0x06, 0x22,
  0x26, 0x34, 0x36, 0x32, 0x16, 0x14, 0x06, 0x22, 0x26, 0x34, 0x36, 0x32,
  0x16, 0x14, 0x06, 0x22, 0x12, 0x34, 0x36, 0x32, 0x16, 0x14, 0x06, 0x22,
  0x36, 0x34, 0x36, 0x32, 0x16, 0x14, 0x06, 0x22, 0x36, 0x34, 0x36, 0x32,
  0x16, 0x14, 0x06, 0x22, 0x02, 0x2c, 0x20, 0x2e, 0x21, 0x21, 0x2e, 0x90,
  0x21, 0x2e, 0x21, 0x21, 0x2e, 0x90, 0x21, 0x2e, 0x20, 0x20, 0x2e, 0x90,
  0x21, 0x2e, 0x20, 0x20, 0x2e, 0x90, 0x21, 0x2e, 0x20, 0x20, 0x2e, 0x90,
  0x21, 0x2e, 0x20, 0x20, 0x2e, 0x21, 0x21, 0x2e, 0x20, 0x20, 0x2e, 0x21,
  0x21, 0x2e, 0x20, 0x20, 0x2e, 0x21, 0x21, 0x2e, 0x20, 0x20, 0x2e, 0x21,
  0x21, 0x2e, 0x20, 0x20, 0x2e, 0x21, 0x21, 0x2e, 0x20, 0x20, 0x2e, 0x4e,
  0x21, 0x2e, 0x20, 0x20, 0x2e, 0x01, 0x9c, 0x20, 0x2e, 0x21, 0x21, 0x2e,
  0x20, 0x20, 0x2e, 0x21, 0x21, 0x2e, 0x20, 0x20, 0x2e, 0x21, 0x21, 0x2e,
  0x20, 0x20, 0x2e, 0x21, 0x21, 0x2e, 0x90, 0x21, 0x2e, 0x21, 0x21, 0x2e,
  0x90, 0x21, 0x2e, 0x20, 0x20, 0x2e, 0x90, 0x21, 0x2e, 0x20, 0x20, 0x2e,
  0x90, 0x21, 0x2e, 0x20, 0x20, 0x2e, 0x90, 0x21, 0x2e, 0x20, 0x20, 0x2e,
  0xbd, 0x21, 0x2e, 0x20, 0x20, 0x2e, 0x4e, 0x21, 0x2e, 0x20, 0x20, 0x2e,
  0x4e, 0x21, 0x2e, 0x21, 0x21, 0x2e, 0x02, 0xbb, 0x2e, 0x21, 0x21, 0x2e,
  0x20, 0x8f, 0x2e, 0x21, 0x21, 0x2e, 0x20, 0x20, 0x2e, 0x21, 0x21, 0x2e,
  0x20, 0x20, 0x2e, 0x21, 0x21, 0x2e, 0x20, 0x20, 0x2e, 0x21, 0x21, 0x2e,
  0x20, 0xfe, 0x64, 0x2e, 0x20, 0x20, 0x2e, 0x21, 0x4e, 0x2e, 0x20, 0x20,
  0x2e, 0x21, 0x4e, 0x2e, 0x20, 0x20, 0x2e, 0x21, 0x02, 0x4c, 0x2e, 0x21,
  0x21, 0x2e, 0x20, 0x4f, 0x2e, 0x21, 0x21, 0x2e, 0x20, 0x4f, 0x2e, 0x21,
  0x21, 0x2e, 0x21, 0x21, 0x2e, 0x21, 0x21, 0x2e, 0x21, 0x4e, 0x2e, 0x20,
  0x20, 0x2e, 0x21, 0x4e, 0x2e, 0x20, 0x20, 0x2e, 0x21, 0x4e, 0x2e, 0x20,
  0x20, 0x2e, 0x21, 0x4e, 0x2e, 0x20, 0x20, 0x2e, 0x21, 0x4f, 0x2e, 0x21,
  0x21, 0x2e, 0x20, 0x20, 0x2e, 0x21, 0x21, 0x2e, 0x20, 0x20, 0x2e, 0x21,
  0x21, 0x2e, 0x20, 0x20, 0x2e, 0x21, 0x21, 0x2e, 0x20, 0x90, 0x2e, 0x20,
  0x20, 0x2e, 0x21, 0x01, 0xdd, 0x2e, 0x21, 0x21, 0x2e, 0x21, 0x21, 0x2e,
  0x21, 0x21, 0x2e, 0x21, 0x21, 0x2e, 0x21, 0x21, 0x2e, 0x21, 0x00, 0x00,
  0x00, 0x0e, 0x00, 0x00, 0xff, 0x90, 0x02, 0x9b, 0x03, 0x79, 0x00, 0x07,
  0x00, 0x0f, 0x00, 0x17, 0x00, 0x1f, 0x00, 0x27, 0x00, 0x2f, 0x00, 0x37,
  0x00, 0x3f, 0x00, 0x47, 0x00, 0x4f, 0x00, 0x57, 0x00, 0x5f, 0x00, 0x67,
  0x00, 0x6f, 0x00, 0x00, 0x10, 0x34, 0x36, 0x32, 0x16, 0x14, 0x06, 0x22,
  0x36, 0x34, 0x36, 0x32, 0x16, 0x14, 0x06, 0x22, 0x36, 0x34, 0x36, 0x32,
  0x16, 0x14, 0x06, 0x22, 0x36, 0x34, 0x36, 0x32, 0x16, 0x14, 0x06, 0x22,
  0x36, 0x34, 0x36, 0x32, 0x16, 0x14, 0x06, 0x22, 0x36, 0x34, 0x36, 0x32,
  0x16, 0x14, 0x06, 0x22, 0x06, 0x34, 0x36, 0x32, 0x16, 0x14, 0x06, 0x22,
  0x00, 0x34, 0x36, 0x32, 0x16, 0x14, 0x06, 0x22, 0x26, 0x34, 0x36, 0x32,
  0x16, 0x14, 0x06, 0x22, 0x36, 0x34, 0x36, 0x32, 0x16, 0x14, 0x06, 0x22,
  0x36, 0x34, 0x36, 0x32, 0x16, 0x14, 0x06, 0x22, 0x36, 0x34, 0x36, 0x32,
  0x16, 0x14, 0x06, 0x22, 0x36, 0x34, 0x36, 0x32, 0x16, 0x14, 0x06, 0x22,
  0x36, 0x34, 0x36, 0x32, 0x16, 0x14, 0x06, 0x22, 0x21, 0x2e, 0x20, 0x20,
  0x2e, 0x4e, 0x21, 0x2e, 0x20, 0x20, 0x2e, 0x4e, 0x21, 0x2e, 0x20, 0x20,
  0x2e, 0x4e, 0x21, 0x2e, 0x20, 0x20, 0x2e, 0x4e, 0x21, 0x2e, 0x21, 0x21,
  0x2e, 0x4f, 0x20, 0x2e, 0x21, 0x21, 0x2e, 0x20, 0x20, 0x2e, 0x21, 0x21,
  0x2e, 0xfd, 0xb4, 0x21, 0x2e, 0x20, 0x20, 0x2e, 0x21, 0x21, 0x2e, 0x20,
  0x20, 0x2e, 0x4e, 0x21, 0x2e, 0x20, 0x20, 0x2e, 0x4e, 0x21, 0x2e, 0x20,
  0x20, 0x2e, 0x4e, 0x21, 0x2e, 0x20, 0x20, 0x2e, 0x4e, 0x21, 0x2e, 0x21,
  0x21, 0x2e, 0x4f, 0x20, 0x2e, 0x21, 0x21, 0x2e, 0x03, 0x2a, 0x2e, 0x21,
  0x21, 0x2e, 0x20, 0x20, 0x2e, 0x21, 0x21, 0x2e, 0x20, 0x20, 0x2e, 0x21,
  0x21, 0x2e, 0x20, 0x20, 0x2e, 0x21, 0x21, 0x2e, 0x20, 0x20, 0x2e, 0x21,
  0x21, 0x2e, 0x20, 0x20, 0x2e, 0x21, 0x21, 0x2e, 0x20, 0x4f, 0x2e, 0x21,
  0x21, 0x2e, 0x20, 0xfd, 0x16, 0x2e, 0x21, 0x21, 0x2e, 0x20, 0x90, 0x2e,
  0x20, 0x20, 0x2e, 0x21, 0x90, 0x2e, 0x20, 0x20, 0x2e, 0x21, 0x90, 0x2e,
  0x20, 0x20, 0x2e, 0x21, 0x90, 0x2e, 0x20, 0x20, 0x2e, 0x21, 0x90, 0x2e,
  0x21, 0x21, 0x2e, 0x21, 0x90, 0x2e, 0x21, 0x21, 0x2e, 0x20, 0x00, 0x00,
  0x00, 0x18, 0x00, 0x00, 0xff, 0x90, 0x02, 0x9b, 0x03, 0x79, 0x00, 0x07,
  0x00, 0x0f, 0x00, 0x17, 0x00, 0x1f, 0x00, 0x27, 0x00, 0x2f, 0x00, 0x37,
  0x00, 0x3f, 0x00, 0x47, 0x00, 0x4f, 0x00, 0x57, 0x00, 0x5f, 0x00, 0x67,
  0x00, 0x6f, 0x00, 0x77, 0x00, 0x7f, 0x00, 0x87, 0x00, 0x8f, 0x00, 0x97,
  0x00, 0x9f, 0x00, 0xa7, 0x00, 0xaf, 0x00, 0xb7, 0x00, 0xbf, 0x00, 0x00,
  0x12, 0x34, 0x36, 0x32, 0x16, 0x14, 0x06, 0x22, 0x36, 0x34, 0x36, 0x32,
  0x16, 0x14, 0x06, 0x22, 0x36, 0x34, 0x36, 0x32, 0x16, 0x14, 0x06, 0x22,
  0x26, 0x34, 0x36, 0x32, 0x16, 0x14, 0x06, 0x22, 0x06, 0x34, 0x36, 0x32,
  0x16, 0x14, 0x06, 0x22, 0x06, 0x34, 0x36, 0x32, 0x16, 0x14, 0x06, 0x22,
  0x26, 0x34, 0x36, 0x32, 0x16, 0x14, 0x06, 0x22, 0x24, 0x34, 0x36, 0x32,
  0x16, 0x14, 0x06, 0x22, 0x06, 0x34, 0x36, 0x32, 0x16, 0x14, 0x06, 0x22,
  0x26, 0x34, 0x36, 0x32, 0x16, 0x14, 0x06, 0x22, 0x06, 0x34, 0x36, 0x32,
  0x16, 0x14, 0x06, 0x22, 0x26, 0x34, 0x36, 0x32, 0x16, 0x14, 0x06, 0x22,
  0x26, 0x34, 0x36, 0x32, 0x16, 0x14, 0x06, 0x22, 0x36, 0x34, 0x36, 0x32,
  0x16, 0x14, 0x06, 0x22, 0x16, 0x34, 0x36, 0x32, 0x16, 0x14, 0x06, 0x22,
  0x06, 0x34, 0x36, 0x32, 0x16, 0x14, 0x06, 0x22, 0x26, 0x34, 0x36, 0x32,
  0x16, 0x14, 0x06, 0x22, 0x24, 0x34, 0x36, 0x32, 0x16, 0x14, 0x06, 0x22,
  0x06, 0x34, 0x36, 0x32, 0x16, 0x14, 0x06, 0x22, 0x26, 0x34, 0x36, 0x32,
  0x16, 0x14, 0x06, 0x22, 0x16, 0x34, 0x36, 0x32, 0x16, 0x14, 0x06, 0x22,
  0x36, 0x34, 0x36, 0x32, 0x16, 0x14, 0x06, 0x22, 0x36, 0x34, 0x36, 0x32,
  0x16, 0x14, 0x06, 0x22, 0x26, 0x34, 0x36, 0x32, 0x16, 0x14, 0x06, 0x22,
  0x6f, 0x21, 0x2e, 0x20, 0x20, 0x2e, 0xbd, 0x21, 0x2e, 0x20, 0x20, 0x2e,
  0x4e, 0x21, 0x2e, 0x21, 0x21, 0x2e, 0xff, 0x21, 0x2e, 0x20, 0x20, 0x2e,
  0xff, 0x21, 0x2e, 0x20, 0x20, 0x2e, 0x21, 0x21, 0x2e, 0x20, 0x20, 0x2e,
  0x21, 0x21, 0x2e, 0x20, 0x20, 0x2e, 0x02, 0x0b, 0x20, 0x2e, 0x21, 0x21,
  0x2e, 0x20, 0x20, 0x2e, 0x21, 0x21, 0x2e, 0x20, 0x20, 0x2e, 0x21, 0x21,
  0x2e, 0x90, 0x21, 0x2e, 0x21, 0x21, 0x2e, 0xff, 0x21, 0x2e, 0x20, 0x20,
  0x2e, 0x90, 0x21, 0x2e, 0x20, 0x20, 0x2e, 0xbd, 0x21, 0x2e, 0x20, 0x20,
  0x2e, 0xbe, 0x20, 0x2e, 0x21, 0x21, 0x2e, 0x20, 0x20, 0x2e, 0x21, 0x21,
  0x2e, 0x20, 0x20, 0x2e, 0x21, 0x21, 0x2e, 0xfd, 0xb4, 0x21, 0x2e, 0x20,
  0x20, 0x2e, 0x21, 0x21, 0x2e, 0x20, 0x20, 0x2e, 0x21, 0x21, 0x2e, 0x20,
  0x20, 0x2e, 0x4e, 0x21, 0x2e, 0x20, 0x20, 0x2e, 0xbd, 0x21, 0x2e, 0x20,
  0x20, 0x2e, 0x4e, 0x21, 0x2e, 0x21, 0x21, 0x2e, 0xff, 0x21, 0x2e, 0x20,
  0x20, 0x2e, 0x03, 0x2a, 0x2e, 0x21, 0x21, 0x2e, 0x20, 0x20, 0x2e, 0x21,
  0x21, 0x2e, 0x20, 0x20, 0x2e, 0x21, 0x21, 0x2e, 0x20, 0x20, 0x2e, 0x21,
  0x21, 0x2e, 0x20, 0x4f, 0x2e, 0x21, 0x21, 0x2e, 0x20, 0xbe, 0x2e, 0x21,
  0x21, 0x2e, 0x21, 0x90, 0x2e, 0x21, 0x21, 0x2e, 0x20, 0x8f, 0x2e, 0x21,
  0x21, 0x2e, 0x20, 0xbe, 0x2e, 0x21, 0x21, 0x2e, 0x21, 0x90, 0x2e, 0x21,
  0x21, 0x2e, 0x20, 0xbe, 0x2e, 0x20, 0x20, 0x2e, 0x21, 0x21, 0x2e, 0x20,
  0x20, 0x2e, 0x21, 0x21, 0x2e, 0x20, 0x20, 0x2e, 0x21, 0x21, 0x2e, 0x20,
  0x20, 0x2e, 0x21, 0x4e, 0x2e, 0x20, 0x20, 0x2e, 0x21, 0xbd, 0x2e, 0x20,
  0x20, 0x2e, 0x21, 0x90, 0x2e, 0x20, 0x20, 0x2e, 0x21, 0x90, 0x2e, 0x20,
  0x20, 0x2e, 0x21, 0xbd, 0x2e, 0x20, 0x20, 0x2e, 0x21, 0x90, 0x2e, 0x20,
  0x20, 0x2e, 0x21, 0xbe, 0x2e, 0x21, 0x21, 0x2e, 0x20, 0x20, 0x2e, 0x21,
  0x21, 0x2e, 0x20, 0x20, 0x2e, 0x21, 0x21, 0x2e, 0x20, 0x20, 0x2e, 0x21,
  0x21, 0x2e, 0x20, 0x00, 0x00, 0x17, 0x00, 0x00, 0xff, 0x93, 0x02, 0x9b,
  0x03, 0x79, 0x00, 0x07, 0x00, 0x0f, 0x00, 0x17, 0x00, 0x1f, 0x00, 0x27,
  0x00, 0x2f, 0x00, 0x37, 0x00, 0x3f, 0x00, 0x47, 0x00, 0x4f, 0x00, 0x57,
  0x00, 0x5f, 0x00, 0x67, 0x00, 0x6f, 0x00, 0x77, 0x00, 0x7f, 0x00, 0x87,
  0x00, 0x8f, 0x00, 0x97, 0x00, 0x9f, 0x00, 0xa7, 0x00, 0xaf, 0x00, 0xb7,
  0x00, 0x00, 0x12, 0x34, 0x36, 0x32, 0x16, 0x14, 0x06, 0x22, 0x36, 0x34,
  0x36, 0x32, 0x16, 0x14, 0x06, 0x22, 0x36, 0x34, 0x36, 0x32, 0x16, 0x14,
  0x06, 0x22, 0x26, 0x34, 0x36, 0x32, 0x16, 0x14, 0x06, 0x22, 0x06, 0x34,
  0x36, 0x32, 0x16, 0x14, 0x06, 0x22, 0x06, 0x34, 0x36, 0x32, 0x16, 0x14,
  0x06, 0x22, 0x26, 0x34, 0x36, 0x32, 0x16, 0x14, 0x06, 0x22, 0x24, 0x34,
  0x36, 0x32, 0x16, 0x14, 0x06, 0x22, 0x06, 0x34, 0x36, 0x32, 0x16, 0x14,
  0x06, 0x22, 0x26, 0x34, 0x36, 0x32, 0x16, 0x14, 0x06, 0x22, 0x06, 0x34,
  0x36, 0x32, 0x16, 0x14, 0x06, 0x22, 0x26, 0x34, 0x36, 0x32, 0x16, 0x14,
  0x06, 0x22, 0x26, 0x34, 0x36, 0x32, 0x16, 0x14, 0x06, 0x22, 0x36, 0x34,
  0x36, 0x32, 0x16, 0x14, 0x06, 0x22, 0x16, 0x34, 0x36, 0x32, 0x16, 0x14,
  0x06, 0x22, 0x06, 0x34, 0x36, 0x32, 0x16, 0x14, 0x06, 0x22, 0x26, 0x34,
  0x36, 0x32, 0x16, 0x14, 0x06, 0x22, 0x02, 0x34, 0x36, 0x32, 0x16, 0x14,
  0x06, 0x22, 0x00, 0x34, 0x36, 0x32, 0x16, 0x14, 0x06, 0x22, 0x26, 0x34,
  0x36, 0x32, 0x16, 0x14, 0x06, 0x22, 0x04, 0x34, 0x36, 0x32, 0x16, 0x14,
  0x06, 0x22, 0x36, 0x34, 0x36, 0x32, 0x16, 0x14, 0x06, 0x22, 0x26, 0x34,
  0x36, 0x32, 0x16, 0x14, 0x06, 0x22, 0x6f, 0x21, 0x2e, 0x20, 0x20, 0x2e,
  0xbd, 0x21, 0x2e, 0x20, 0x20, 0x2e, 0x4e, 0x21, 0x2e, 0x21, 0x21, 0x2e,
  0xff, 0x21, 0x2e, 0x20, 0x20, 0x2e, 0xff, 0x21, 0x2e, 0x20, 0x20, 0x2e,
  0x21, 0x21, 0x2e, 0x20, 0x20, 0x2e, 0x21, 0x21, 0x2e, 0x20, 0x20, 0x2e,
  0x02, 0x0b, 0x20, 0x2e, 0x21, 0x21, 0x2e, 0x20, 0x20, 0x2e, 0x21, 0x21,
  0x2e, 0x20, 0x20, 0x2e, 0x21, 0x21, 0x2e, 0x90, 0x21, 0x2e, 0x21, 0x21,
  0x2e, 0xff, 0x21, 0x2e, 0x20, 0x20, 0x2e, 0x90, 0x21, 0x2e, 0x20, 0x20,
  0x2e, 0xbd, 0x21, 0x2e, 0x20, 0x20, 0x2e, 0xbe, 0x20, 0x2e, 0x21, 0x21,
  0x2e, 0x20, 0x20, 0x2e, 0x21, 0x21, 0x2e, 0x20, 0x20, 0x2e, 0x21, 0x21,
  0x2e, 0x20, 0x20, 0x2e, 0x21, 0x21, 0x2e, 0xfe, 0x27, 0x20, 0x2e, 0x21,
  0x21, 0x2e, 0x8f, 0x20, 0x2e, 0x21, 0x21, 0x2e, 0x01, 0x2d, 0x21, 0x2e,
  0x20, 0x20, 0x2e, 0x4e, 0x21, 0x2e, 0x20, 0x20, 0x2e, 0xff, 0x21, 0x2e,
  0x20, 0x20, 0x2e, 0x03, 0x2a, 0x2e, 0x21, 0x21, 0x2e, 0x20, 0x20, 0x2e,
  0x21, 0x21, 0x2e, 0x20, 0x20, 0x2e, 0x21, 0x21, 0x2e, 0x20, 0x20, 0x2e,
  0x21, 0x21, 0x2e, 0x20, 0x4f, 0x2e, 0x21, 0x21, 0x2e, 0x20, 0xbe, 0x2e,
  0x21, 0x21, 0x2e, 0x21, 0x90, 0x2e, 0x21, 0x21, 0x2e, 0x20, 0x8f, 0x2e,
  0x21, 0x21, 0x2e, 0x20, 0xbe, 0x2e, 0x21, 0x21, 0x2e, 0x21, 0x90, 0x2e,
  0x21, 0x21, 0x2e, 0x20, 0xbe, 0x2e, 0x20, 0x20, 0x2e, 0x21, 0x21, 0x2e,
  0x20, 0x20, 0x2e, 0x21, 0x21, 0x2e, 0x20, 0x20, 0x2e, 0x21, 0x21, 0x2e,
  0x20, 0x20, 0x2e, 0x21, 0x4e, 0x2e, 0x20, 0x20, 0x2e, 0x21, 0xbd, 0x2e,
  0x20, 0x20, 0x2e, 0x21, 0x90, 0x2e, 0x20, 0x20, 0x2e, 0x21, 0x00, 0xff,
  0x2e, 0x20, 0x20, 0x2e, 0x21, 0xfe, 0x67, 0x2e, 0x21, 0x21, 0x2e, 0x20,
  0x8f, 0x2e, 0x21, 0x21, 0x2e, 0x20, 0x4f, 0x2e, 0x21, 0x21, 0x2e, 0x20,
  0x20, 0x2e, 0x21, 0x21, 0x2e, 0x20, 0x20, 0x2e, 0x21, 0x21, 0x2e, 0x20,
  0x00, 0x08, 0x00, 0x00, 0x00, 0x68, 0x00, 0xdf, 0x02, 0x94, 0x00, 0x07,
  0x00, 0x0f, 0x00, 0x17, 0x00, 0x1f, 0x00, 0x27, 0x00, 0x2f, 0x00, 0x37,
  0x00, 0x3f, 0x00, 0x00, 0x10, 0x34, 0x36, 0x32, 0x16, 0x14, 0x06, 0x22,
  0x06, 0x34, 0x36, 0x32, 0x16, 0x14, 0x06, 0x22, 0x02, 0x34, 0x36, 0x32,
  0x16, 0x14, 0x06, 0x22, 0x36, 0x34, 0x36, 0x32, 0x16, 0x14, 0x06, 0x22,
  0x02, 0x34, 0x36, 0x32, 0x16, 0x14, 0x06, 0x22, 0x06, 0x34, 0x36, 0x32,
  0x16, 0x14, 0x06, 0x22, 0x36, 0x34, 0x36, 0x32, 0x16, 0x14, 0x06, 0x22,
  0x02, 0x34, 0x36, 0x32, 0x16, 0x14, 0x06, 0x22, 0x21, 0x2e, 0x20, 0x20,
  0x2e, 0x21, 0x21, 0x2e, 0x20, 0x20, 0x2e, 0x21, 0x21, 0x2e, 0x20, 0x20,
  0x2e, 0x4e, 0x21, 0x2e, 0x20, 0x20, 0x2e, 0x21, 0x21, 0x2e, 0x20, 0x20,
  0x2e, 0x90, 0x21, 0x2e, 0x20, 0x20, 0x2e, 0x4e, 0x21, 0x2e, 0x20, 0x20,
  0x2e, 0x21, 0x21, 0x2e, 0x20, 0x20, 0x2e, 0x01, 0xd6, 0x2e, 0x20, 0x20,
  0x2e, 0x21, 0xbd, 0x2e, 0x20, 0x20, 0x2e, 0x21, 0x01, 0x6e, 0x2e, 0x21,
  0x21, 0x2e, 0x21, 0x21, 0x2e, 0x21, 0x21, 0x2e, 0x21, 0xfe, 0xd4, 0x2e,
  0x20, 0x20, 0x2e, 0x21, 0x4e, 0x2e, 0x20, 0x20, 0x2e, 0x21, 0x21, 0x2e,
  0x20, 0x20, 0x2e, 0x21, 0x01, 0x6e, 0x2e, 0x20, 0x20, 0x2e, 0x21, 0x00,
  0x00, 0x18, 0x00, 0x00, 0xff, 0x90, 0x02, 0x9b, 0x03, 0x79, 0x00, 0x07,
  0x00, 0x0f, 0x00, 0x17, 0x00, 0x1f, 0x00, 0x27, 0x00, 0x2f, 0x00, 0x37,
  0x00, 0x3f, 0x00, 0x47, 0x00, 0x4f, 0x00, 0x57, 0x00, 0x5f, 0x00, 0x67,
  0x00, 0x6f, 0x00, 0x77, 0x00, 0x7f, 0x00, 0x87, 0x00, 0x8f, 0x00, 0x97,
  0x00, 0x9f, 0x00, 0xa7, 0x00, 0xaf, 0x00, 0xb7, 0x00, 0xbf, 0x00, 0x00,
  0x10, 0x34, 0x36, 0x32, 0x16, 0x14, 0x06, 0x22, 0x06, 0x34, 0x36, 0x32,
  0x16, 0x14, 0x06, 0x22, 0x06, 0x34, 0x36, 0x32, 0x16, 0x14, 0x06, 0x22,
  0x06, 0x34, 0x36, 0x32, 0x16, 0x14, 0x06, 0x22, 0x06, 0x34, 0x36, 0x32,
  0x16, 0x14, 0x06, 0x22, 0x06, 0x34, 0x36, 0x32, 0x16, 0x14, 0x06, 0x22,
  0x06, 0x34, 0x36, 0x32, 0x16, 0x14, 0x06, 0x22, 0x06, 0x34, 0x36, 0x32,
  0x16, 0x14, 0x06, 0x22, 0x12, 0x34, 0x36, 0x32, 0x16, 0x14, 0x06, 0x22,
  0x36, 0x34, 0x36, 0x32, 0x16, 0x14, 0x06, 0x22, 0x36, 0x34, 0x36, 0x32,
  0x16, 0x14, 0x06, 0x22, 0x36, 0x34, 0x36, 0x32, 0x16, 0x14, 0x06, 0x22,
  0x16, 0x34, 0x36, 0x32, 0x16, 0x14, 0x06, 0x22, 0x06, 0x34, 0x36, 0x32,
  0x16, 0x14, 0x06, 0x22, 0x26, 0x34, 0x36, 0x32, 0x16, 0x14, 0x06, 0x22,
  0x06, 0x34, 0x36, 0x32, 0x16, 0x14, 0x06, 0x22, 0x06, 0x34, 0x36, 0x32,
  0x16, 0x14, 0x06, 0x22, 0x06, 0x34, 0x36, 0x32, 0x16, 0x14, 0x06, 0x22,
  0x26, 0x34, 0x36, 0x32, 0x16, 0x14, 0x06, 0x22, 0x02, 0x34, 0x36, 0x32,
  0x16, 0x14, 0x06, 0x22, 0x26, 0x34, 0x36, 0x32, 0x16, 0x14, 0x06, 0x22,
  0x26, 0x34, 0x36, 0x32, 0x16, 0x14, 0x06, 0x22, 0x36, 0x34, 0x36, 0x32,
  0x16, 0x14, 0x06, 0x22, 0x36, 0x34, 0x36, 0x32, 0x16, 0x14, 0x06, 0x22,
  0x21, 0x2e, 0x20, 0x20, 0x2e, 0x21, 0x21, 0x2e, 0x20, 0x20, 0x2e, 0x21,
  0x21, 0x2e, 0x20, 0x20, 0x2e, 0x21, 0x21, 0x2e, 0x20, 0x20, 0x2e, 0x21,
  0x21, 0x2e, 0x20, 0x20, 0x2e, 0x21, 0x21, 0x2e, 0x20, 0x20, 0x2e, 0x21,
  0x21, 0x2e, 0x20, 0x20, 0x2e, 0x21, 0x21, 0x2e, 0x20, 0x20, 0x2e, 0x4e,
  0x21, 0x2e, 0x20, 0x20, 0x2e, 0x4e, 0x21, 0x2e, 0x20, 0x20, 0x2e, 0x4e,
  0x21, 0x2e, 0x20, 0x20, 0x2e, 0x4e, 0x21, 0x2e, 0x21, 0x21, 0x2e, 0x4f,
  0x20, 0x2e, 0x21, 0x21, 0x2e, 0x20, 0x20, 0x2e, 0x21, 0x21, 0x2e, 0x20,
  0x20, 0x2e, 0x21, 0x21, 0x2e, 0x20, 0x20, 0x2e, 0x21, 0x21, 0x2e, 0x20,
  0x20, 0x2e, 0x21, 0x21, 0x2e, 0x20, 0x20, 0x2e, 0x21, 0x21, 0x2e, 0x20,
  0x20, 0x2e, 0x21, 0x21, 0x2e, 0x20, 0x20, 0x2e, 0x21, 0x21, 0x2e, 0xff,
  0x21, 0x2e, 0x20, 0x20, 0x2e, 0xff, 0x21, 0x2e, 0x20, 0x20, 0x2e, 0x4e,
  0x21, 0x2e, 0x20, 0x20, 0x2e, 0xbd, 0x21, 0x2e, 0x21, 0x21, 0x2e, 0x02,
  0xbb, 0x2e, 0x21, 0x21, 0x2e, 0x20, 0x4f, 0x2e, 0x21, 0x21, 0x2e, 0x21,
  0x4e, 0x2e, 0x20, 0x20, 0x2e, 0x21, 0x4e, 0x2e, 0x20, 0x20, 0x2e, 0x21,
  0x4e, 0x2e, 0x20, 0x20, 0x2e, 0x21, 0x4e, 0x2e, 0x20, 0x20, 0x2e, 0x21,
  0x4f, 0x2e, 0x21, 0x21, 0x2e, 0x20, 0x4f, 0x2e, 0x21, 0x21, 0x2e, 0x20,
  0x03, 0x99, 0x2e, 0x21, 0x21, 0x2e, 0x20, 0x20, 0x2e, 0x21, 0x21, 0x2e,
  0x20, 0x20, 0x2e, 0x21, 0x21, 0x2e, 0x20, 0x20, 0x2e, 0x21, 0x21, 0x2e,
  0x20, 0x4f, 0x2e, 0x21, 0x21, 0x2e, 0x20, 0xbe, 0x2e, 0x20, 0x20, 0x2e,
  0x21, 0x90, 0x2e, 0x21, 0x21, 0x2e, 0x21, 0xbd, 0x2e, 0x20, 0x20, 0x2e,
  0x21, 0xbd, 0x2e, 0x20, 0x20, 0x2e, 0x21, 0xbe, 0x2e, 0x21, 0x21, 0x2e,
  0x20, 0x8f, 0x2e, 0x21, 0x21, 0x2e, 0x20, 0x00, 0xff, 0x2e, 0x20, 0x20,
  0x2e, 0x21, 0x90, 0x2e, 0x20, 0x20, 0x2e, 0x21, 0x21, 0x2e, 0x20, 0x20,
  0x2e, 0x21, 0x21, 0x2e, 0x20, 0x20, 0x2e, 0x21, 0x21, 0x2e, 0x20, 0x20,
  0x2e, 0x21, 0x00, 0x00, 0x00, 0x1b, 0x00, 0x00, 0xff, 0x90, 0x02, 0x9b,
  0x03, 0x79, 0x00, 0x07, 0x00, 0x0f, 0x00, 0x17, 0x00, 0x1f, 0x00, 0x27,
  0x00, 0x2f, 0x00, 0x37, 0x00, 0x3f, 0x00, 0x47, 0x00, 0x4f, 0x00, 0x57,
  0x00, 0x5f, 0x00, 0x67, 0x00, 0x6f, 0x00, 0x77, 0x00, 0x7f, 0x00, 0x87,
  0x00, 0x8f, 0x00, 0x97, 0x00, 0x9f, 0x00, 0xa7, 0x00, 0xaf, 0x00, 0xb7,
  0x00, 0xbf, 0x00, 0xc7, 0x00, 0xcf, 0x00, 0xd7, 0x00, 0x00, 0x10, 0x34,
  0x36, 0x32, 0x16, 0x14, 0x06, 0x22, 0x06, 0x34, 0x36, 0x32, 0x16, 0x14,
  0x06, 0x22, 0x06, 0x34, 0x36, 0x32, 0x16, 0x14, 0x06, 0x22, 0x06, 0x34,
  0x36, 0x32, 0x16, 0x14, 0x06, 0x22, 0x06, 0x34, 0x36, 0x32, 0x16, 0x14,
  0x06, 0x22, 0x06, 0x34, 0x36, 0x32, 0x16, 0x14, 0x06, 0x22, 0x06, 0x34,
  0x36, 0x32, 0x16, 0x14, 0x06, 0x22, 0x06, 0x34, 0x36, 0x32, 0x16, 0x14,
  0x06, 0x22, 0x36, 0x34, 0x36, 0x32, 0x16, 0x14, 0x06, 0x22, 0x36, 0x34,
  0x36, 0x32, 0x16, 0x14, 0x06, 0x22, 0x36, 0x34, 0x36, 0x32, 0x16, 0x14,
  0x06, 0x22, 0x36, 0x34, 0x36, 0x32, 0x16, 0x14, 0x06, 0x22, 0x36, 0x34,
  0x36, 0x32, 0x16, 0x14, 0x06, 0x22, 0x26, 0x34, 0x36, 0x32, 0x16, 0x14,
  0x06, 0x22, 0x26, 0x34, 0x36, 0x32, 0x16, 0x14, 0x06, 0x22, 0x02, 0x34,
  0x36, 0x32, 0x16, 0x14, 0x06, 0x22, 0x26, 0x34, 0x36, 0x32, 0x16, 0x14,
  0x06, 0x22, 0x26, 0x34, 0x36, 0x32, 0x16, 0x14, 0x06, 0x22, 0x26, 0x34,
  0x36, 0x32, 0x16, 0x14, 0x06, 0x22, 0x26, 0x34, 0x36, 0x32, 0x16, 0x14,
  0x06, 0x22, 0x26, 0x34, 0x36, 0x32, 0x16, 0x14, 0x06, 0x22, 0x26, 0x34,
  0x36, 0x32, 0x16, 0x14, 0x06, 0x22, 0x02, 0x34, 0x36, 0x32, 0x16, 0x14,
  0x06, 0x22, 0x36, 0x34, 0x36, 0x32, 0x16, 0x14, 0x06, 0x22, 0x36, 0x34,
  0x36, 0x32, 0x16, 0x14, 0x06, 0x22, 0x36, 0x34, 0x36, 0x32, 0x16, 0x14,
  0x06, 0x22, 0x00, 0x34, 0x36, 0x32, 0x16, 0x14, 0x06, 0x22, 0x21, 0x2e,
  0x20, 0x20, 0x2e, 0x21, 0x21, 0x2e, 0x20, 0x20, 0x2e, 0x21, 0x21, 0x2e,
  0x20, 0x20, 0x2e, 0x21, 0x21, 0x2e, 0x20, 0x20, 0x2e, 0x21, 0x21, 0x2e,
  0x20, 0x20, 0x2e, 0x21, 0x21, 0x2e, 0x20, 0x20, 0x2e, 0x21, 0x21, 0x2e,
  0x20, 0x20, 0x2e, 0x21, 0x21, 0x2e, 0x20, 0x20, 0x2e, 0x4e, 0x21, 0x2e,
  0x20, 0x20, 0x2e, 0x4e, 0x21, 0x2e, 0x20, 0x20, 0x2e, 0x4e, 0x21, 0x2e,
  0x20, 0x20, 0x2e, 0x4e, 0x21, 0x2e, 0x21, 0x21, 0x2e, 0x4f, 0x20, 0x2e,
  0x21, 0x21, 0x2e, 0x20, 0x20, 0x2e, 0x21, 0x21, 0x2e, 0x20, 0x20, 0x2e,
  0x21, 0x21, 0x2e, 0x20, 0x20, 0x2e, 0x21, 0x21, 0x2e, 0x20, 0x20, 0x2e,
  0x21, 0x21, 0x2e, 0x20, 0x20, 0x2e, 0x21, 0x21, 0x2e, 0x90, 0x21, 0x2e,
  0x21, 0x21, 0x2e, 0x90, 0x21, 0x2e, 0x20, 0x20, 0x2e, 0x90, 0x21, 0x2e,
  0x20, 0x20, 0x2e, 0x90, 0x21, 0x2e, 0x20, 0x20, 0x2e, 0x21, 0x21, 0x2e,
  0x20, 0x20, 0x2e, 0x4e, 0x21, 0x2e, 0x20, 0x20, 0x2e, 0x4e, 0x21, 0x2e,
  0x20, 0x20, 0x2e, 0x4e, 0x21, 0x2e, 0x21, 0x21, 0x2e, 0xfe, 0x23, 0x21,
  0x2e, 0x20, 0x20, 0x2e, 0x03, 0x2a, 0x2e, 0x21, 0x21, 0x2e, 0x20, 0x4f,
  0x2e, 0x21, 0x21, 0x2e, 0x20, 0xbe, 0x2e, 0x20, 0x20, 0x2e, 0x21, 0x4e,
  0x2e, 0x20, 0x20, 0x2e, 0x21, 0x4e, 0x2e, 0x20, 0x20, 0x2e, 0x21, 0x4e,
  0x2e, 0x20, 0x20, 0x2e, 0x21, 0x4f, 0x2e, 0x21, 0x21, 0x2e, 0x20, 0x4f,
  0x2e, 0x21, 0x21, 0x2e, 0x20, 0x20, 0x2e, 0x21, 0x21, 0x2e, 0x20, 0x20,
  0x2e, 0x21, 0x21, 0x2e, 0x20, 0x20, 0x2e, 0x21, 0x21, 0x2e, 0x20, 0x20,
  0x2e, 0x21, 0x21, 0x2e, 0x20, 0x8f, 0x2e, 0x21, 0x21, 0x2e, 0x20, 0x90,
  0x2e, 0x20, 0x20, 0x2e, 0x21, 0x90, 0x2e, 0x20, 0x20, 0x2e, 0x21, 0x00,
  0xff, 0x2e, 0x20, 0x20, 0x2e, 0x21, 0x90, 0x2e, 0x21, 0x21, 0x2e, 0x21,
  0x90, 0x2e, 0x21, 0x21, 0x2e, 0x20, 0x8f, 0x2e, 0x21, 0x21, 0x2e, 0x20,
  0x20, 0x2e, 0x21, 0x21, 0x2e, 0x20, 0x20, 0x2e, 0x21, 0x21, 0x2e, 0x20,
  0x20, 0x2e, 0x21, 0x21, 0x2e, 0x20, 0xfe, 0x64, 0x2e, 0x20, 0x20, 0x2e,
  0x21, 0x21, 0x2e, 0x20, 0x20, 0x2e, 0x21, 0x21, 0x2e, 0x20, 0x20, 0x2e,
  0x21, 0x21, 0x2e, 0x20, 0x20, 0x2e, 0x21, 0x00, 0xff, 0x2e, 0x21, 0x21,
  0x2e, 0x21, 0x00, 0x00, 0x00, 0x11, 0x00, 0x00, 0xff, 0x90, 0x02, 0x9b,
  0x03, 0x79, 0x00, 0x07, 0x00, 0x0f, 0x00, 0x17, 0x00, 0x1f, 0x00, 0x27,
  0x00, 0x2f, 0x00, 0x37, 0x00, 0x3f, 0x00, 0x47, 0x00, 0x4f, 0x00, 0x57,
  0x00, 0x5f, 0x00, 0x67, 0x00, 0x6f, 0x00, 0x77, 0x00, 0x7f, 0x00, 0x87,
  0x00, 0x00, 0x10, 0x34, 0x36, 0x32, 0x16, 0x14, 0x06, 0x22, 0x36, 0x34,
  0x36, 0x32, 0x16, 0x14, 0x06, 0x22, 0x36, 0x34, 0x36, 0x32, 0x16, 0x14,
  0x06, 0x22, 0x36, 0x34, 0x36, 0x32, 0x16, 0x14, 0x06, 0x22, 0x36, 0x34,
  0x36, 0x32, 0x16, 0x14, 0x06, 0x22, 0x16, 0x34, 0x36, 0x32, 0x16, 0x14,
  0x06, 0x22, 0x02, 0x34, 0x36, 0x32, 0x16, 0x14, 0x06, 0x22, 0x06, 0x34,
  0x36, 0x32, 0x16, 0x14, 0x06, 0x22, 0x26, 0x34, 0x36, 0x32, 0x16, 0x14,
  0x06, 0x22, 0x26, 0x34, 0x36, 0x32, 0x16, 0x14, 0x06, 0x22, 0x26, 0x34,
  0x36, 0x32, 0x16, 0x14, 0x06, 0x22, 0x26, 0x34, 0x36, 0x32, 0x16, 0x14,
  0x06, 0x22, 0x26, 0x34, 0x36, 0x32, 0x16, 0x14, 0x06, 0x22, 0x26, 0x34,
  0x36, 0x32, 0x16, 0x14, 0x06, 0x22, 0x26, 0x34, 0x36, 0x32, 0x16, 0x14,
  0x06, 0x22, 0x26, 0x34, 0x36, 0x32, 0x16, 0x14, 0x06, 0x22, 0x26, 0x34,
  0x36, 0x32, 0x16, 0x14, 0x06, 0x22, 0x21, 0x2e, 0x20, 0x20, 0x2e, 0x4e,
  0x21, 0x2e, 0x20, 0x20, 0x2e, 0x4e, 0x21, 0x2e, 0x20, 0x20, 0x2e, 0x4e,
  0x21, 0x2e, 0x20, 0x20, 0x2e, 0x4e, 0x21, 0x2e, 0x21, 0x21, 0x2e, 0x4f,
  0x20, 0x2e, 0x21, 0x21, 0x2e, 0x20, 0x20, 0x2e, 0x21, 0x21, 0x2e, 0x90,
  0x21, 0x2e, 0x21, 0x21, 0x2e, 0x90, 0x21, 0x2e, 0x20, 0x20, 0x2e, 0x90,
  0x21, 0x2e, 0x20, 0x20, 0x2e, 0x90, 0x21, 0x2e, 0x20, 0x20, 0x2e, 0x90,
  0x21, 0x2e, 0x20, 0x20, 0x2e, 0x21, 0x21, 0x2e, 0x20, 0x20, 0x2e, 0x21,
  0x21, 0x2e, 0x20, 0x20, 0x2e, 0x21, 0x21, 0x2e, 0x20, 0x20, 0x2e, 0x21,
  0x21, 0x2e, 0x20, 0x20, 0x2e, 0x21, 0x21, 0x2e, 0x20, 0x20, 0x2e, 0x02,
  0xbb, 0x2e, 0x21, 0x21, 0x2e, 0x20, 0x8f, 0x2e, 0x21, 0x21, 0x2e, 0x20,
  0x20, 0x2e, 0x21, 0x21, 0x2e, 0x20, 0x20, 0x2e, 0x21, 0x21, 0x2e, 0x20,
  0x20, 0x2e, 0x21, 0x21, 0x2e, 0x20, 0x4f, 0x2e, 0x21, 0x21, 0x2e, 0x20,
  0xfd, 0x85, 0x2e, 0x21, 0x21, 0x2e, 0x20, 0x4f, 0x2e, 0x21, 0x21, 0x2e,
  0x20, 0x20, 0x2e, 0x21, 0x21, 0x2e, 0x20, 0x20, 0x2e, 0x21, 0x21, 0x2e,
  0x20, 0x20, 0x2e, 0x21, 0x21, 0x2e, 0x20, 0x8f, 0x2e, 0x21, 0x21, 0x2e,
  0x20, 0x90, 0x2e, 0x20, 0x20, 0x2e, 0x21, 0x90, 0x2e, 0x20, 0x20, 0x2e,
  0x21, 0x90, 0x2e, 0x20, 0x20, 0x2e, 0x21, 0x90, 0x2e, 0x20, 0x20, 0x2e,
  0x21, 0x90, 0x2e, 0x21, 0x21, 0x2e, 0x21, 0x00, 0x00, 0x18, 0x00, 0x00,
  0xff, 0x90, 0x02, 0x9b, 0x03, 0x79, 0x00, 0x07, 0x00, 0x0f, 0x00, 0x17,
  0x00, 0x1f, 0x00, 0x27, 0x00, 0x2f, 0x00, 0x37, 0x00, 0x3f, 0x00, 0x47,
  0x00, 0x4f, 0x00, 0x57, 0x00, 0x5f, 0x00, 0x67, 0x00, 0x6f, 0x00, 0x77,
  0x00, 0x7f, 0x00, 0x87, 0x00, 0x8f, 0x00, 0x97, 0x00, 0x9f, 0x00, 0xa7,
  0x00, 0xaf, 0x00, 0xb7, 0x00, 0xbf, 0x00, 0x00, 0x10, 0x34, 0x36, 0x32,
  0x16, 0x14, 0x06, 0x22, 0x06, 0x34, 0x36, 0x32, 0x16, 0x14, 0x06, 0x22,
  0x06, 0x34, 0x36, 0x32, 0x16, 0x14, 0x06, 0x22, 0x06, 0x34, 0x36, 0x32,
  0x16, 0x14, 0x06, 0x22, 0x06, 0x34, 0x36, 0x32, 0x16, 0x14, 0x06, 0x22,
  0x06, 0x34, 0x36, 0x32, 0x16, 0x14, 0x06, 0x22, 0x06, 0x34, 0x36, 0x32,
  0x16, 0x14, 0x06, 0x22, 0x06, 0x34, 0x36, 0x32, 0x16, 0x14, 0x06, 0x22,
  0x36, 0x34, 0x36, 0x32, 0x16, 0x14, 0x06, 0x22, 0x36, 0x34, 0x36, 0x32,
  0x16, 0x14, 0x06, 0x22, 0x36, 0x34, 0x36, 0x32, 0x16, 0x14, 0x06, 0x22,
  0x36, 0x34, 0x36, 0x32, 0x16, 0x14, 0x06, 0x22, 0x36, 0x34, 0x36, 0x32,
  0x16, 0x14, 0x06, 0x22, 0x26, 0x34, 0x36, 0x32, 0x16, 0x14, 0x06, 0x22,
  0x26, 0x34, 0x36, 0x32, 0x16, 0x14, 0x06, 0x22, 0x02, 0x34, 0x36, 0x32,
  0x16, 0x14, 0x06, 0x22, 0x26, 0x34, 0x36, 0x32, 0x16, 0x14, 0x06, 0x22,
  0x26, 0x34, 0x36, 0x32, 0x16, 0x14, 0x06, 0x22, 0x26, 0x34, 0x36, 0x32,
  0x16, 0x14, 0x06, 0x22, 0x26, 0x34, 0x36, 0x32, 0x16, 0x14, 0x06, 0x22,
  0x26, 0x34, 0x36, 0x32, 0x16, 0x14, 0x06, 0x22, 0x26, 0x34, 0x36, 0x32,
  0x16, 0x14, 0x06, 0x22, 0x00, 0x34, 0x36, 0x32, 0x16, 0x14, 0x06, 0x22,
  0x00, 0x34, 0x36, 0x32, 0x16, 0x14, 0x06, 0x22, 0x21, 0x2e, 0x20, 0x20,
  0x2e, 0x21, 0x21, 0x2e, 0x20, 0x20, 0x2e, 0x21, 0x21, 0x2e, 0x20, 0x20,
  0x2e, 0x21, 0x21, 0x2e, 0x20, 0x20, 0x2e, 0x21, 0x21, 0x2e, 0x20, 0x20,
  0x2e, 0x21, 0x21, 0x2e, 0x20, 0x20, 0x2e, 0x21, 0x21, 0x2e, 0x20, 0x20,
  0x2e, 0x21, 0x21, 0x2e, 0x20, 0x20, 0x2e, 0x4e, 0x21, 0x2e, 0x20, 0x20,
  0x2e, 0x4e, 0x21, 0x2e, 0x20, 0x20, 0x2e, 0x4e, 0x21, 0x2e, 0x20, 0x20,
  0x2e, 0x4e, 0x21, 0x2e, 0x21, 0x21, 0x2e, 0x4f, 0x20, 0x2e, 0x21, 0x21,
  0x2e, 0x20, 0x20, 0x2e, 0x21, 0x21, 0x2e, 0x20, 0x20, 0x2e, 0x21, 0x21,
  0x2e, 0x20, 0x20, 0x2e, 0x21, 0x21, 0x2e, 0x20, 0x20, 0x2e, 0x21, 0x21,
  0x2e, 0x20, 0x20, 0x2e, 0x21, 0x21, 0x2e, 0x90, 0x21, 0x2e, 0x21, 0x21,
  0x2e, 0x90, 0x21, 0x2e, 0x20, 0x20, 0x2e, 0x90, 0x21, 0x2e, 0x20, 0x20,
  0x2e, 0x90, 0x21, 0x2e, 0x20, 0x20, 0x2e, 0x01, 0x9c, 0x20, 0x2e, 0x21,
  0x21, 0x2e, 0xfd, 0xb4, 0x21, 0x2e, 0x20, 0x20, 0x2e, 0x03, 0x2a, 0x2e,
  0x21, 0x21, 0x2e, 0x20, 0x4f, 0x2e, 0x21, 0x21, 0x2e, 0x20, 0xbe, 0x2e,
  0x20, 0x20, 0x2e, 0x21, 0x4e, 0x2e, 0x20, 0x20, 0x2e, 0x21, 0x4e, 0x2e,
  0x20, 0x20, 0x2e, 0x21, 0x4e, 0x2e, 0x20, 0x20, 0x2e, 0x21, 0x4f, 0x2e,
  0x21, 0x21, 0x2e, 0x20, 0x4f, 0x2e, 0x21, 0x21, 0x2e, 0x20, 0x20, 0x2e,
  0x21, 0x21, 0x2e, 0x20, 0x20, 0x2e, 0x21, 0x21, 0x2e, 0x20, 0x20, 0x2e,
  0x21, 0x21, 0x2e, 0x20, 0x20, 0x2e, 0x21, 0x21, 0x2e, 0x20, 0x8f, 0x2e,
  0x21, 0x21, 0x2e, 0x20, 0x90, 0x2e, 0x20, 0x20, 0x2e, 0x21, 0x90, 0x2e,
  0x20, 0x20, 0x2e, 0x21, 0x00, 0xff, 0x2e, 0x20, 0x20, 0x2e, 0x21, 0x90,
  0x2e, 0x21, 0x21, 0x2e, 0x21, 0x90, 0x2e, 0x21, 0x21, 0x2e, 0x20, 0x8f,
  0x2e, 0x21, 0x21, 0x2e, 0x20, 0x20, 0x2e, 0x21, 0x21, 0x2e, 0x20, 0x20,
  0x2e, 0x21, 0x21, 0x2e, 0x20, 0x20, 0x2e, 0x21, 0x21, 0x2e, 0x20, 0xfe,
  0x64, 0x2e, 0x20, 0x20, 0x2e, 0x21, 0x00, 0xff, 0x2e, 0x21, 0x21, 0x2e,
  0x21, 0x00, 0x00, 0x00, 0x00, 0x18, 0x00, 0x00, 0xff, 0x90, 0x02, 0x9b,
  0x03, 0x79, 0x00, 0x07, 0x00, 0x0f, 0x00, 0x17, 0x00, 0x1f, 0x00, 0x27,
  0x00, 0x2f, 0x00, 0x37, 0x00, 0x3f, 0x00, 0x47, 0x00, 0x4f, 0x00, 0x57,
  0x00, 0x5f, 0x00, 0x67, 0x00, 0x6f, 0x00, 0x77, 0x00, 0x7f, 0x00, 0x87,
  0x00, 0x8f, 0x00, 0x97, 0x00, 0x9f, 0x00, 0xa7, 0x00, 0xaf, 0x00, 0xb7,
  0x00, 0xbf, 0x00, 0x00, 0x12, 0x34, 0x36, 0x32, 0x16, 0x14, 0x06, 0x22,
  0x26, 0x34, 0x36, 0x32, 0x16, 0x14, 0x06, 0x22, 0x06, 0x34, 0x36, 0x32,
  0x16, 0x14, 0x06, 0x22, 0x06, 0x34, 0x36, 0x32, 0x16, 0x14, 0x06, 0x22,
  0x06, 0x34, 0x36, 0x32, 0x16, 0x14, 0x06, 0x22, 0x06, 0x34, 0x36, 0x32,
  0x16, 0x14, 0x06, 0x22, 0x06, 0x34, 0x36, 0x32, 0x16, 0x14, 0x06, 0x22,
  0x06, 0x34, 0x36, 0x32, 0x16, 0x14, 0x06, 0x22, 0x12, 0x34, 0x36, 0x32,
  0x16, 0x14, 0x06, 0x22, 0x36, 0x34, 0x36, 0x32, 0x16, 0x14, 0x06, 0x22,
  0x36, 0x34, 0x36, 0x32, 0x16, 0x14, 0x06, 0x22, 0x36, 0x34, 0x36, 0x32,
  0x16, 0x14, 0x06, 0x22, 0x00, 0x34, 0x36, 0x32, 0x16, 0x14, 0x06, 0x22,
  0x26, 0x34, 0x36, 0x32, 0x16, 0x14, 0x06, 0x22, 0x36, 0x34, 0x36, 0x32,
  0x16, 0x14, 0x06, 0x22, 0x36, 0x34, 0x36, 0x32, 0x16, 0x14, 0x06, 0x22,
  0x36, 0x34, 0x36, 0x32, 0x16, 0x14, 0x06, 0x22, 0x36, 0x34, 0x36, 0x32,
  0x16, 0x14, 0x06, 0x22, 0x00, 0x34, 0x36, 0x32, 0x16, 0x14, 0x06, 0x22,
  0x26, 0x34, 0x36, 0x32, 0x16, 0x14, 0x06, 0x22, 0x36, 0x34, 0x36, 0x32,
  0x16, 0x14, 0x06, 0x22, 0x36, 0x34, 0x36, 0x32, 0x16, 0x14, 0x06, 0x22,
  0x36, 0x34, 0x36, 0x32, 0x16, 0x14, 0x06, 0x22, 0x36, 0x34, 0x36, 0x32,
  0x16, 0x14, 0x06, 0x22, 0x6f, 0x21, 0x2e, 0x20, 0x20, 0x2e, 0x90, 0x21,
  0x2e, 0x20, 0x20, 0x2e, 0x21, 0x21, 0x2e, 0x20, 0x20, 0x2e, 0x21, 0x21,
  0x2e, 0x20, 0x20, 0x2e, 0x21, 0x21, 0x2e, 0x20, 0x20, 0x2e, 0x21, 0x21,
  0x2e, 0x20, 0x20, 0x2e, 0x21, 0x21, 0x2e, 0x20, 0x20, 0x2e, 0x21, 0x21,
  0x2e, 0x20, 0x20, 0x2e, 0xbd, 0x21, 0x2e, 0x20, 0x20, 0x2e, 0x4e, 0x21,
  0x2e, 0x20, 0x20, 0x2e, 0x4e, 0x21, 0x2e, 0x21, 0x21, 0x2e, 0x4f, 0x20,
  0x2e, 0x21, 0x21, 0x2e, 0xfe, 0x23, 0x21, 0x2e, 0x20, 0x20, 0x2e, 0x90,
  0x21, 0x2e, 0x20, 0x20, 0x2e, 0xbd, 0x21, 0x2e, 0x20, 0x20, 0x2e, 0x4e,
  0x21, 0x2e, 0x20, 0x20, 0x2e, 0x4e, 0x21, 0x2e, 0x21, 0x21, 0x2e, 0x4f,
  0x20, 0x2e, 0x21, 0x21, 0x2e, 0xfe, 0x23, 0x21, 0x2e, 0x20, 0x20, 0x2e,
  0x90, 0x21, 0x2e, 0x20, 0x20, 0x2e, 0xbd, 0x21, 0x2e, 0x20, 0x20, 0x2e,
  0x4e, 0x21, 0x2e, 0x20, 0x20, 0x2e, 0x4e, 0x21, 0x2e, 0x21, 0x21, 0x2e,
  0x4f, 0x20, 0x2e, 0x21, 0x21, 0x2e, 0x03, 0x2a, 0x2e, 0x21, 0x21, 0x2e,
  0x20, 0x20, 0x2e, 0x21, 0x21, 0x2e, 0x20, 0x4f, 0x2e, 0x21, 0x21, 0x2e,
  0x20, 0x4f, 0x2e, 0x21, 0x21, 0x2e, 0x21, 0x4e, 0x2e, 0x20, 0x20, 0x2e,
  0x21, 0xbd, 0x2e, 0x20, 0x20, 0x2e, 0x21, 0x4e, 0x2e, 0x20, 0x20, 0x2e,
  0x21, 0x4f, 0x2e, 0x21, 0x21, 0x2e, 0x20, 0x03, 0x2a, 0x2e, 0x21, 0x21,
  0x2e, 0x20, 0x20, 0x2e, 0x21, 0x21, 0x2e, 0x20, 0x20, 0x2e, 0x21, 0x21,
  0x2e, 0x20, 0x20, 0x2e, 0x21, 0x21, 0x2e, 0x20, 0xfe, 0x64, 0x2e, 0x20,
  0x20, 0x2e, 0x21, 0x21, 0x2e, 0x20, 0x20, 0x2e, 0x21, 0x21, 0x2e, 0x20,
  0x20, 0x2e, 0x21, 0x21, 0x2e, 0x20, 0x20, 0x2e, 0x21, 0x21, 0x2e, 0x20,
  0x20, 0x2e, 0x21, 0x21, 0x2e, 0x20, 0x20, 0x2e, 0x21, 0xfe, 0x64, 0x2e,
  0x21, 0x21, 0x2e, 0x20, 0x20, 0x2e, 0x21, 0x21, 0x2e, 0x20, 0x20, 0x2e,
  0x21, 0x21, 0x2e, 0x20, 0x20, 0x2e, 0x21, 0x21, 0x2e, 0x20, 0x20, 0x2e,
  0x21, 0x21, 0x2e, 0x20, 0x20, 0x2e, 0x21, 0x21, 0x2e, 0x20, 0x00, 0x00,
  0x00, 0x13, 0x00, 0x00, 0xff, 0x90, 0x02, 0x9b, 0x03, 0x79, 0x00, 0x07,
  0x00, 0x0f, 0x00, 0x17, 0x00, 0x1f, 0x00, 0x27, 0x00, 0x2f, 0x00, 0x37,
  0x00, 0x3f, 0x00, 0x47, 0x00, 0x4f, 0x00, 0x57, 0x00, 0x5f, 0x00, 0x67,
  0x00, 0x6f, 0x00, 0x77, 0x00, 0x7f, 0x00, 0x87, 0x00, 0x8f, 0x00, 0x97,
  0x00, 0x00, 0x12, 0x34, 0x36, 0x32, 0x16, 0x14, 0x06, 0x22, 0x26, 0x34,
  0x36, 0x32, 0x16, 0x14, 0x06, 0x22, 0x06, 0x34, 0x36, 0x32, 0x16, 0x14,
  0x06, 0x22, 0x06, 0x34, 0x36, 0x32, 0x16, 0x14, 0x06, 0x22, 0x06, 0x34,
  0x36, 0x32, 0x16, 0x14, 0x06, 0x22, 0x06, 0x34, 0x36, 0x32, 0x16, 0x14,
  0x06, 0x22, 0x06, 0x34, 0x36, 0x32, 0x16, 0x14, 0x06, 0x22, 0x06, 0x34,
  0x36, 0x32, 0x16, 0x14, 0x06, 0x22, 0x12, 0x34, 0x36, 0x32, 0x16, 0x14,
  0x06, 0x22, 0x36, 0x34, 0x36, 0x32, 0x16, 0x14, 0x06, 0x22, 0x36, 0x34,
  0x36, 0x32, 0x16, 0x14, 0x06, 0x22, 0x36, 0x34, 0x36, 0x32, 0x16, 0x14,
  0x06, 0x22, 0x00, 0x34, 0x36, 0x32, 0x16, 0x14, 0x06, 0x22, 0x26, 0x34,
  0x36, 0x32, 0x16, 0x14, 0x06, 0x22, 0x36, 0x34, 0x36, 0x32, 0x16, 0x14,
  0x06, 0x22, 0x36, 0x34, 0x36, 0x32, 0x16, 0x14, 0x06, 0x22, 0x36, 0x34,
  0x36, 0x32, 0x16, 0x14, 0x06, 0x22, 0x36, 0x34, 0x36, 0x32, 0x16, 0x14,
  0x06, 0x22, 0x00, 0x34, 0x36, 0x32, 0x16, 0x14, 0x06, 0x22, 0x6f, 0x21,
  0x2e, 0x20, 0x20, 0x2e, 0x90, 0x21, 0x2e, 0x20, 0x20, 0x2e, 0x21, 0x21,
  0x2e, 0x20, 0x20, 0x2e, 0x21, 0x21, 0x2e, 0x20, 0x20, 0x2e, 0x21, 0x21,
  0x2e, 0x20, 0x20, 0x2e, 0x21, 0x21, 0x2e, 0x20, 0x20, 0x2e, 0x21, 0x21,
  0x2e, 0x20, 0x20, 0x2e, 0x21, 0x21, 0x2e, 0x20, 0x20, 0x2e, 0xbd, 0x21,
  0x2e, 0x20, 0x20, 0x2e, 0x4e, 0x21, 0x2e, 0x20, 0x20, 0x2e, 0x4e, 0x21,
  0x2e, 0x21, 0x21, 0x2e, 0x4f, 0x20, 0x2e, 0x21, 0x21, 0x2e, 0xfe, 0x23,
  0x21, 0x2e, 0x20, 0x20, 0x2e, 0x90, 0x21, 0x2e, 0x20, 0x20, 0x2e, 0xbd,
  0x21, 0x2e, 0x20, 0x20, 0x2e, 0x4e, 0x21, 0x2e, 0x20, 0x20, 0x2e, 0x4e,
  0x21, 0x2e, 0x21, 0x21, 0x2e, 0x4f, 0x20, 0x2e, 0x21, 0x21, 0x2e, 0xfd,
  0xb4, 0x21, 0x2e, 0x20, 0x20, 0x2e, 0x03, 0x2a, 0x2e, 0x21, 0x21, 0x2e,
  0x20, 0x20, 0x2e, 0x21, 0x21, 0x2e, 0x20, 0x4f, 0x2e, 0x21, 0x21, 0x2e,
  0x20, 0x4f, 0x2e, 0x21, 0x21, 0x2e, 0x21, 0x4e, 0x2e, 0x20, 0x20, 0x2e,
  0x21, 0xbd, 0x2e, 0x20, 0x20, 0x2e, 0x21, 0x4e, 0x2e, 0x20, 0x20, 0x2e,
  0x21, 0x4f, 0x2e, 0x21, 0x21, 0x2e, 0x20, 0x03, 0x2a, 0x2e, 0x21, 0x21,
  0x2e, 0x20, 0x20, 0x2e, 0x21, 0x21, 0x2e, 0x20, 0x20, 0x2e, 0x21, 0x21,
  0x2e, 0x20, 0x20, 0x2e, 0x21, 0x21, 0x2e, 0x20, 0xfe, 0x64, 0x2e, 0x20,
  0x20, 0x2e, 0x21, 0x21, 0x2e, 0x20, 0x20, 0x2e, 0x21, 0x21, 0x2e, 0x20,
  0x20, 0x2e, 0x21, 0x21, 0x2e, 0x20, 0x20, 0x2e, 0x21, 0x21, 0x2e, 0x20,
  0x20, 0x2e, 0x21, 0x21, 0x2e, 0x20, 0x20, 0x2e, 0x21, 0xfe, 0x64, 0x2e,
  0x21, 0x21, 0x2e, 0x20, 0x00, 0x17, 0x00, 0x00, 0xff, 0x90, 0x02, 0x9b,
  0x03, 0x79, 0x00, 0x07, 0x00, 0x0f, 0x00, 0x17, 0x00, 0x1f, 0x00, 0x27,
  0x00, 0x2f, 0x00, 0x37, 0x00, 0x3f, 0x00, 0x47, 0x00, 0x4f, 0x00, 0x57,
  0x00, 0x5f, 0x00, 0x67, 0x00, 0x6f, 0x00, 0x77, 0x00, 0x7f, 0x00, 0x87,
  0x00, 0x8f, 0x00, 0x97, 0x00, 0x9f, 0x00, 0xa7, 0x00, 0xaf, 0x00, 0xb7,
  0x00, 0x00, 0x10, 0x34, 0x36, 0x32, 0x16, 0x14, 0x06, 0x22, 0x06, 0x34,
  0x36, 0x32, 0x16, 0x14, 0x06, 0x22, 0x06, 0x34, 0x36, 0x32, 0x16, 0x14,
  0x06, 0x22, 0x06, 0x34, 0x36, 0x32, 0x16, 0x14, 0x06, 0x22, 0x26, 0x34,
  0x36, 0x32, 0x16, 0x14, 0x06, 0x22, 0x02, 0x34, 0x36, 0x32, 0x16, 0x14,
  0x06, 0x22, 0x02, 0x34, 0x36, 0x32, 0x16, 0x14, 0x06, 0x22, 0x12, 0x34,
  0x36, 0x32, 0x16, 0x14, 0x06, 0x22, 0x36, 0x34, 0x36, 0x32, 0x16, 0x14,
  0x06, 0x22, 0x36, 0x34, 0x36, 0x32, 0x16, 0x14, 0x06, 0x22, 0x26, 0x34,
  0x36, 0x32, 0x16, 0x14, 0x06, 0x22, 0x04, 0x34, 0x36, 0x32, 0x16, 0x14,
  0x06, 0x22, 0x00, 0x34, 0x36, 0x32, 0x16, 0x14, 0x06, 0x22, 0x36, 0x34,
  0x36, 0x32, 0x16, 0x14, 0x06, 0x22, 0x36, 0x34, 0x36, 0x32, 0x16, 0x14,
  0x06, 0x22, 0x26, 0x34, 0x36, 0x32, 0x16, 0x14, 0x06, 0x22, 0x24, 0x34,
  0x36, 0x32, 0x16, 0x14, 0x06, 0x22, 0x02, 0x34, 0x36, 0x32, 0x16, 0x14,
  0x06, 0x22, 0x06, 0x34, 0x36, 0x32, 0x16, 0x14, 0x06, 0x22, 0x02, 0x34,
  0x36, 0x32, 0x16, 0x14, 0x06, 0x22, 0x26, 0x34, 0x36, 0x32, 0x16, 0x14,
  0x06, 0x22, 0x26, 0x34, 0x36, 0x32, 0x16, 0x14, 0x06, 0x22, 0x36, 0x34,
  0x36, 0x32, 0x16, 0x14, 0x06, 0x22, 0x21, 0x2e, 0x20, 0x20, 0x2e, 0x21,
  0x21, 0x2e, 0x20, 0x20, 0x2e, 0x21, 0x21, 0x2e, 0x20, 0x20, 0x2e, 0x21,
  0x21, 0x2e, 0x20, 0x20, 0x2e, 0x21, 0x21, 0x2e, 0x20, 0x20, 0x2e, 0x21,
  0x21, 0x2e, 0x20, 0x20, 0x2e, 0x21, 0x21, 0x2e, 0x20, 0x20, 0x2e, 0x4e,
  0x21, 0x2e, 0x20, 0x20, 0x2e, 0xbd, 0x21, 0x2e, 0x20, 0x20, 0x2e, 0x4e,
  0x21, 0x2e, 0x21, 0x21, 0x2e, 0xff, 0x21, 0x2e, 0x20, 0x20, 0x2e, 0x01,
  0x2d, 0x20, 0x2e, 0x21, 0x21, 0x2e, 0xfe, 0x23, 0x21, 0x2e, 0x20, 0x20,
  0x2e, 0xbd, 0x21, 0x2e, 0x20, 0x20, 0x2e, 0x4e, 0x21, 0x2e, 0x21, 0x21,
  0x2e, 0xff, 0x21, 0x2e, 0x20, 0x20, 0x2e, 0x01, 0x2d, 0x20, 0x2e, 0x21,
  0x21, 0x2e, 0x20, 0x20, 0x2e, 0x21, 0x21, 0x2e, 0x20, 0x20, 0x2e, 0x21,
  0x21, 0x2e, 0x20, 0x20, 0x2e, 0x21, 0x21, 0x2e, 0xff, 0x21, 0x2e, 0x20,
  0x20, 0x2e, 0x90, 0x21, 0x2e, 0x20, 0x20, 0x2e, 0xbd, 0x21, 0x2e, 0x21,
  0x21, 0x2e, 0x02, 0xbb, 0x2e, 0x21, 0x21, 0x2e, 0x20, 0xbe, 0x2e, 0x20,
  0x20, 0x2e, 0x21, 0xbd, 0x2e, 0x20, 0x20, 0x2e, 0x21, 0xbe, 0x2e, 0x21,
  0x21, 0x2e, 0x20, 0x90, 0x2e, 0x20, 0x20, 0x2e, 0x21, 0x00, 0xff, 0x2e,
  0x20, 0x20, 0x2e, 0x21, 0x00, 0xff, 0x2e, 0x21, 0x21, 0x2e, 0x21, 0x00,
  0xff, 0x2e, 0x21, 0x21, 0x2e, 0x20, 0x20, 0x2e, 0x21, 0x21, 0x2e, 0x20,
  0x20, 0x2e, 0x21, 0x21, 0x2e, 0x20, 0x20, 0x2e, 0x21, 0x21, 0x2e, 0x20,
  0x4f, 0x2e, 0x21, 0x21, 0x2e, 0x20, 0xfd, 0x16, 0x2e, 0x21, 0x21, 0x2e,
  0x20, 0x20, 0x2e, 0x21, 0x21, 0x2e, 0x20, 0x20, 0x2e, 0x21, 0x21, 0x2e,
  0x20, 0x20, 0x2e, 0x21, 0x21, 0x2e, 0x20, 0x8f, 0x2e, 0x21, 0x21, 0x2e,
  0x20, 0x00, 0xff, 0x2e, 0x20, 0x20, 0x2e, 0x21, 0x4e, 0x2e, 0x20, 0x20,
  0x2e, 0x21, 0x00, 0xff, 0x2e, 0x20, 0x20, 0x2e, 0x21, 0x21, 0x2e, 0x20,
  0x20, 0x2e, 0x21, 0x21, 0x2e, 0x20, 0x20, 0x2e, 0x21, 0x21, 0x2e, 0x20,
  0x20, 0x2e, 0x21, 0x00, 0x00, 0x16, 0x00, 0x00, 0xff, 0x90, 0x02, 0x9b,
  0x03, 0x79, 0x00, 0x07, 0x00, 0x0f, 0x00, 0x17, 0x00, 0x1f, 0x00, 0x27,
  0x00, 0x2f, 0x00, 0x37, 0x00, 0x3f, 0x00, 0x47, 0x00, 0x4f, 0x00, 0x57,
  0x00, 0x5f, 0x00, 0x67, 0x00, 0x6f, 0x00, 0x77, 0x00, 0x7f, 0x00, 0x87,
  0x00, 0x8f, 0x00, 0x97, 0x00, 0x9f, 0x00, 0xa7, 0x00, 0xaf, 0x00, 0x00,
  0x10, 0x34, 0x36, 0x32, 0x16, 0x14, 0x06, 0x22, 0x06, 0x34, 0x36, 0x32,
  0x16, 0x14, 0x06, 0x22, 0x06, 0x34, 0x36, 0x32, 0x16, 0x14, 0x06, 0x22,
  0x06, 0x34, 0x36, 0x32, 0x16, 0x14, 0x06, 0x22, 0x06, 0x34, 0x36, 0x32,
  0x16, 0x14, 0x06, 0x22, 0x06, 0x34, 0x36, 0x32, 0x16, 0x14, 0x06, 0x22,
  0x06, 0x34, 0x36, 0x32, 0x16, 0x14, 0x06, 0x22, 0x06, 0x34, 0x36, 0x32,
  0x16, 0x14, 0x06, 0x22, 0x06, 0x34, 0x36, 0x32, 0x16, 0x14, 0x06, 0x22,
  0x12, 0x34, 0x36, 0x32, 0x16, 0x14, 0x06, 0x22, 0x36, 0x34, 0x36, 0x32,
  0x16, 0x14, 0x06, 0x22, 0x36, 0x34, 0x36, 0x32, 0x16, 0x14, 0x06, 0x22,
  0x12, 0x34, 0x36, 0x32, 0x16, 0x14, 0x06, 0x22, 0x26, 0x34, 0x36, 0x32,
  0x16, 0x14, 0x06, 0x22, 0x26, 0x34, 0x36, 0x32, 0x16, 0x14, 0x06, 0x22,
  0x02, 0x34, 0x36, 0x32, 0x16, 0x14, 0x06, 0x22, 0x06, 0x34, 0x36, 0x32,
  0x16, 0x14, 0x06, 0x22, 0x06, 0x34, 0x36, 0x32, 0x16, 0x14, 0x06, 0x22,
  0x02, 0x34, 0x36, 0x32, 0x16, 0x14, 0x06, 0x22, 0x02, 0x34, 0x36, 0x32,
  0x16, 0x14, 0x06, 0x22, 0x36, 0x34, 0x36, 0x32, 0x16, 0x14, 0x06, 0x22,
  0x26, 0x34, 0x36, 0x32, 0x16, 0x14, 0x06, 0x22, 0x21, 0x2e, 0x20, 0x20,
  0x2e, 0x21, 0x21, 0x2e, 0x20, 0x20, 0x2e, 0x21, 0x21, 0x2e, 0x20, 0x20,
  0x2e, 0x21, 0x21, 0x2e, 0x20, 0x20, 0x2e, 0x21, 0x21, 0x2e, 0x20, 0x20,
  0x2e, 0x21, 0x21, 0x2e, 0x20, 0x20, 0x2e, 0x21, 0x21, 0x2e, 0x20, 0x20,
  0x2e, 0x21, 0x21, 0x2e, 0x20, 0x20, 0x2e, 0x21, 0x21, 0x2e, 0x20, 0x20,
  0x2e, 0x4e, 0x21, 0x2e, 0x20, 0x20, 0x2e, 0x4e, 0x21, 0x2e, 0x20, 0x20,
  0x2e, 0x4e, 0x21, 0x2e, 0x20, 0x20, 0x2e, 0xbe, 0x20, 0x2e, 0x21, 0x21,
  0x2e, 0x20, 0x20, 0x2e, 0x21, 0x21, 0x2e, 0x20, 0x20, 0x2e, 0x21, 0x21,
  0x2e, 0x20, 0x20, 0x2e, 0x21, 0x21, 0x2e, 0x20, 0x20, 0x2e, 0x21, 0x21,
  0x2e, 0x20, 0x20, 0x2e, 0x21, 0x21, 0x2e, 0x20, 0x20, 0x2e, 0x21, 0x21,
  0x2e, 0x90, 0x21, 0x2e, 0x21, 0x21, 0x2e, 0x4f, 0x20, 0x2e, 0x21, 0x21,
  0x2e, 0x20, 0x20, 0x2e, 0x21, 0x21, 0x2e, 0x03, 0x2a, 0x2e, 0x21, 0x21,
  0x2e, 0x20, 0x4f, 0x2e, 0x21, 0x21, 0x2e, 0x20, 0x4f, 0x2e, 0x21, 0x21,
  0x2e, 0x21, 0x4e, 0x2e, 0x20, 0x20, 0x2e, 0x21, 0x4e, 0x2e, 0x20, 0x20,
  0x2e, 0x21, 0x4e, 0x2e, 0x20, 0x20, 0x2e, 0x21, 0x4e, 0x2e, 0x20, 0x20,
  0x2e, 0x21, 0x4f, 0x2e, 0x21, 0x21, 0x2e, 0x20, 0x4f, 0x2e, 0x21, 0x21,
  0x2e, 0x20, 0x01, 0xdd, 0x2e, 0x20, 0x20, 0x2e, 0x21, 0x21, 0x2e, 0x20,
  0x20, 0x2e, 0x21, 0x21, 0x2e, 0x20, 0x20, 0x2e, 0x21, 0x00, 0xff, 0x2e,
  0x21, 0x21, 0x2e, 0x21, 0x90, 0x2e, 0x21, 0x21, 0x2e, 0x20, 0x8f, 0x2e,
  0x21, 0x21, 0x2e, 0x20, 0xfd, 0xf5, 0x2e, 0x20, 0x20, 0x2e, 0x21, 0xbe,
  0x2e, 0x21, 0x21, 0x2e, 0x20, 0x4f, 0x2e, 0x21, 0x21, 0x2e, 0x20, 0x00,
  0xff, 0x2e, 0x20, 0x20, 0x2e, 0x21, 0x00, 0xff, 0x2e, 0x20, 0x20, 0x2e,
  0x21, 0x21, 0x2e, 0x20, 0x20, 0x2e, 0x21, 0x90, 0x2e, 0x20, 0x20, 0x2e,
  0x21, 0x00, 0x00, 0x00, 0x00, 0x0d, 0x00, 0x00, 0xff, 0x90, 0x01, 0x4e,
  0x03, 0x79, 0x00, 0x07, 0x00, 0x0f, 0x00, 0x17, 0x00, 0x1f, 0x00, 0x27,
  0x00, 0x2f, 0x00, 0x37, 0x00, 0x3f, 0x00, 0x47, 0x00, 0x4f, 0x00, 0x57,
  0x00, 0x5f, 0x00, 0x67, 0x00, 0x00, 0x10, 0x34, 0x36, 0x32, 0x16, 0x14,
  0x06, 0x22, 0x36, 0x34, 0x36, 0x32, 0x16, 0x14, 0x06, 0x22, 0x26, 0x34,
  0x36, 0x32, 0x16, 0x14, 0x06, 0x22, 0x06, 0x34, 0x36, 0x32, 0x16, 0x14,
  0x06, 0x22, 0x06, 0x34, 0x36, 0x32, 0x16, 0x14, 0x06, 0x22, 0x06, 0x34,
  0x36, 0x32, 0x16, 0x14, 0x06, 0x22, 0x06, 0x34, 0x36, 0x32, 0x16, 0x14,
  0x06, 0x22, 0x26, 0x34, 0x36, 0x32, 0x16, 0x14, 0x06, 0x22, 0x36, 0x34,
  0x36, 0x32, 0x16, 0x14, 0x06, 0x22, 0x26, 0x34, 0x36, 0x32, 0x16, 0x14,
  0x06, 0x22, 0x02, 0x34, 0x36, 0x32, 0x16, 0x14, 0x06, 0x22, 0x02, 0x34,
  0x36, 0x32, 0x16, 0x14, 0x06, 0x22, 0x02, 0x34, 0x36, 0x32, 0x16, 0x14,
  0x06, 0x22, 0x21, 0x2e, 0x20, 0x20, 0x2e, 0xbd, 0x21, 0x2e, 0x20, 0x20,
  0x2e, 0x90, 0x21, 0x2e, 0x20, 0x20, 0x2e, 0x21, 0x21, 0x2e, 0x20, 0x20,
  0x2e, 0x21, 0x21, 0x2e, 0x20, 0x20, 0x2e, 0x21, 0x21, 0x2e, 0x20, 0x20,
  0x2e, 0x21, 0x21, 0x2e, 0x20, 0x20, 0x2e, 0x90, 0x21, 0x2e, 0x20, 0x20,
  0x2e, 0xbd, 0x21, 0x2e, 0x20, 0x20, 0x2e, 0x90, 0x21, 0x2e, 0x20, 0x20,
  0x2e, 0x21, 0x21, 0x2e, 0x20, 0x20, 0x2e, 0x21, 0x21, 0x2e, 0x20, 0x20,
  0x2e, 0x21, 0x21, 0x2e, 0x20, 0x20, 0x2e, 0x03, 0x2a, 0x2e, 0x21, 0x21,
  0x2e, 0x20, 0x20, 0x2e, 0x21, 0x21, 0x2e, 0x20, 0x20, 0x2e, 0x21, 0x21,
  0x2e, 0x20, 0xbe, 0x2e, 0x21, 0x21, 0x2e, 0x21, 0xbd, 0x2e, 0x20, 0x20,
  0x2e, 0x21, 0xbd, 0x2e, 0x20, 0x20, 0x2e, 0x21, 0xbe, 0x2e, 0x21, 0x21,
  0x2e, 0x20, 0x20, 0x2e, 0x21, 0x21, 0x2e, 0x20, 0x20, 0x2e, 0x21, 0x21,
  0x2e, 0x20, 0x8f, 0x2e, 0x21, 0x21, 0x2e, 0x20, 0x00, 0xff, 0x2e, 0x20,
  0x20, 0x2e, 0x21, 0x00, 0xff, 0x2e, 0x20, 0x20, 0x2e, 0x21, 0x00, 0xff,
  0x2e, 0x21, 0x21, 0x2e, 0x20, 0x00, 0x00, 0x00, 0x00, 0x0d, 0x00, 0x00,
  0xff, 0x93, 0x02, 0x2c, 0x03, 0x7b, 0x00, 0x07, 0x00, 0x0f, 0x00, 0x17,
  0x00, 0x1f, 0x00, 0x27, 0x00, 0x2f, 0x00, 0x37, 0x00, 0x3f, 0x00, 0x47,
  0x00, 0x4f, 0x00, 0x57, 0x00, 0x5f, 0x00, 0x67, 0x00, 0x00, 0x00, 0x34,
  0x36, 0x32, 0x16, 0x14, 0x06, 0x22, 0x06, 0x34, 0x36, 0x32, 0x16, 0x14,
  0x06, 0x22, 0x06, 0x34, 0x36, 0x32, 0x16, 0x14, 0x06, 0x22, 0x06, 0x34,
  0x36, 0x32, 0x16, 0x14, 0x06, 0x22, 0x06, 0x34, 0x36, 0x32, 0x16, 0x14,
  0x06, 0x22, 0x24, 0x34, 0x36, 0x32, 0x16, 0x14, 0x06, 0x22, 0x26, 0x34,
  0x36, 0x32, 0x16, 0x14, 0x06, 0x22, 0x16, 0x34, 0x36, 0x32, 0x16, 0x14,
  0x06, 0x22, 0x36, 0x34, 0x36, 0x32, 0x16, 0x14, 0x06, 0x22, 0x36, 0x34,
  0x36, 0x32, 0x16, 0x14, 0x06, 0x22, 0x02, 0x34, 0x36, 0x32, 0x16, 0x14,
  0x06, 0x22, 0x02, 0x34, 0x36, 0x32, 0x16, 0x14, 0x06, 0x22, 0x26, 0x34,
  0x36, 0x32, 0x16, 0x14, 0x06, 0x22, 0x01, 0xbc, 0x21, 0x2e, 0x21, 0x21,
  0x2e, 0x21, 0x21, 0x2e, 0x21, 0x21, 0x2e, 0x21, 0x21, 0x2e, 0x21, 0x21,
  0x2e, 0x21, 0x21, 0x2e, 0x21, 0x21, 0x2e, 0x90, 0x21, 0x2e, 0x20, 0x20,
  0x2e, 0xfe, 0x92, 0x21, 0x2e, 0x20, 0x20, 0x2e, 0x21, 0x21, 0x2e, 0x20,
  0x20, 0x2e, 0x4e, 0x21, 0x2e, 0x20, 0x20, 0x2e, 0x4e, 0x21, 0x2e, 0x20,
  0x20, 0x2e, 0xbd, 0x21, 0x2e, 0x21, 0x21, 0x2e, 0x21, 0x21, 0x2e, 0x21,
  0x21, 0x2e, 0x21, 0x21, 0x2e, 0x21, 0x21, 0x2e, 0x21, 0x21, 0x2e, 0x21,
  0x21, 0x2e, 0x03, 0x2c, 0x2e, 0x21, 0x21, 0x2e, 0x20, 0xbe, 0x2e, 0x21,
  0x21, 0x2e, 0x20, 0xbe, 0x2e, 0x21, 0x21, 0x2e, 0x21, 0xbd, 0x2e, 0x20,
  0x20, 0x2e, 0x21, 0xbd, 0x2e, 0x20, 0x20, 0x2e, 0x21, 0x90, 0x2e, 0x20,
  0x20, 0x2e, 0x21, 0x90, 0x2e, 0x20, 0x20, 0x2e, 0x21, 0xbd, 0x2e, 0x20,
  0x20, 0x2e, 0x21, 0x21, 0x2e, 0x20, 0x20, 0x2e, 0x21, 0x90, 0x2e, 0x20,
  0x20, 0x2e, 0x21, 0x00, 0xff, 0x2e, 0x20, 0x20, 0x2e, 0x21, 0x00, 0xff,
  0x2e, 0x21, 0x21, 0x2e, 0x20, 0xfe, 0x2e, 0x21, 0x21, 0x2e, 0x20, 0x00,
  0x00, 0x12, 0x00, 0x00, 0xff, 0x90, 0x02, 0x9b, 0x03, 0x79, 0x00, 0x07,
  0x00, 0x0f, 0x00, 0x17, 0x00, 0x1f, 0x00, 0x27, 0x00, 0x2f, 0x00, 0x37,
  0x00, 0x3f, 0x00, 0x47, 0x00, 0x4f, 0x00, 0x57, 0x00, 0x5f, 0x00, 0x67,
  0x00, 0x6f, 0x00, 0x77, 0x00, 0x7f, 0x00, 0x87, 0x00, 0x8f, 0x00, 0x00,
  0x10, 0x34, 0x36, 0x32, 0x16, 0x14, 0x06, 0x22, 0x06, 0x34, 0x36, 0x32,
  0x16, 0x14, 0x06, 0x22, 0x06, 0x34, 0x36, 0x32, 0x16, 0x14, 0x06, 0x22,
  0x06, 0x34, 0x36, 0x32, 0x16, 0x14, 0x06, 0x22, 0x06, 0x34, 0x36, 0x32,
  0x16, 0x14, 0x06, 0x22, 0x26, 0x34, 0x36, 0x32, 0x16, 0x14, 0x06, 0x22,
  0x02, 0x34, 0x36, 0x32, 0x16, 0x14, 0x06, 0x22, 0x02, 0x34, 0x36, 0x32,
  0x16, 0x14, 0x06, 0x22, 0x02, 0x34, 0x36, 0x32, 0x16, 0x14, 0x06, 0x22,
  0x16, 0x34, 0x36, 0x32, 0x16, 0x14, 0x06, 0x22, 0x06, 0x34, 0x36, 0x32,
  0x16, 0x14, 0x06, 0x22, 0x12, 0x34, 0x36, 0x32, 0x16, 0x14, 0x06, 0x22,
  0x02, 0x34, 0x36, 0x32, 0x16, 0x14, 0x06, 0x22, 0x12, 0x34, 0x36, 0x32,
  0x16, 0x14, 0x06, 0x22, 0x02, 0x34, 0x36, 0x32, 0x16, 0x14, 0x06, 0x22,
  0x12, 0x34, 0x36, 0x32, 0x16, 0x14, 0x06, 0x22, 0x02, 0x34, 0x36, 0x32,
  0x16, 0x14, 0x06, 0x22, 0x00, 0x34, 0x36, 0x32, 0x16, 0x14, 0x06, 0x22,
  0x21, 0x2e, 0x20, 0x20, 0x2e, 0x21, 0x21, 0x2e, 0x20, 0x20, 0x2e, 0x21,
  0x21, 0x2e, 0x20, 0x20, 0x2e, 0x21, 0x21, 0x2e, 0x20, 0x20, 0x2e, 0x21,
  0x21, 0x2e, 0x20, 0x20, 0x2e, 0x21, 0x21, 0x2e, 0x20, 0x20, 0x2e, 0x21,
  0x21, 0x2e, 0x20, 0x20, 0x2e, 0x21, 0x21, 0x2e, 0x20, 0x20, 0x2e, 0x21,
  0x21, 0x2e, 0x20, 0x20, 0x2e, 0xbd, 0x21, 0x2e, 0x20, 0x20, 0x2e, 0x21,
  0x21, 0x2e, 0x20, 0x20, 0x2e, 0x4e, 0x21, 0x2e, 0x20, 0x20, 0x2e, 0x21,
  0x21, 0x2e, 0x20, 0x20, 0x2e, 0x4e, 0x21, 0x2e, 0x21, 0x21, 0x2e, 0x21,
  0x21, 0x2e, 0x21, 0x21, 0x2e, 0x4f, 0x20, 0x2e, 0x21, 0x21, 0x2e, 0x20,
  0x20, 0x2e, 0x21, 0x21, 0x2e, 0xfe, 0x23, 0x21, 0x2e, 0x20, 0x20, 0x2e,
  0x03, 0x2a, 0x2e, 0x21, 0x21, 0x2e, 0x20, 0xbe, 0x2e, 0x21, 0x21, 0x2e,
  0x21, 0xbd, 0x2e, 0x20, 0x20, 0x2e, 0x21, 0xbd, 0x2e, 0x20, 0x20, 0x2e,
  0x21, 0xbe, 0x2e, 0x21, 0x21, 0x2e, 0x20, 0x8f, 0x2e, 0x21, 0x21, 0x2e,
  0x20, 0x00, 0xff, 0x2e, 0x20, 0x20, 0x2e, 0x21, 0x00, 0xff, 0x2e, 0x20,
  0x20, 0x2e, 0x21, 0x00, 0xff, 0x2e, 0x21, 0x21, 0x2e, 0x20, 0xbe, 0x2e,
  0x20, 0x20, 0x2e, 0x21, 0xbd, 0x2e, 0x20, 0x20, 0x2e, 0x21, 0x01, 0x6e,
  0x2e, 0x21, 0x21, 0x2e, 0x21, 0xfe, 0x65, 0x2e, 0x20, 0x20, 0x2e, 0x21,
  0x02, 0x4c, 0x2e, 0x21, 0x21, 0x2e, 0x20, 0xfd, 0x85, 0x2e, 0x21, 0x21,
  0x2e, 0x20, 0x03, 0x2a, 0x2e, 0x21, 0x21, 0x2e, 0x20, 0xfc, 0xa7, 0x2e,
  0x21, 0x21, 0x2e, 0x20, 0x01, 0xdd, 0x2e, 0x20, 0x20, 0x2e, 0x21, 0x00,
  0x00, 0x0e, 0x00, 0x00, 0xff, 0x90, 0x02, 0x9b, 0x03, 0x79, 0x00, 0x07,
  0x00, 0x0f, 0x00, 0x17, 0x00, 0x1f, 0x00, 0x27, 0x00, 0x2f, 0x00, 0x37,
  0x00, 0x3f, 0x00, 0x47, 0x00, 0x4f, 0x00, 0x57, 0x00, 0x5f, 0x00, 0x67,
  0x00, 0x6f, 0x00, 0x00, 0x10, 0x34, 0x36, 0x32, 0x16, 0x14, 0x06, 0x22,
  0x06, 0x34, 0x36, 0x32, 0x16, 0x14, 0x06, 0x22, 0x06, 0x34, 0x36, 0x32,
  0x16, 0x14, 0x06, 0x22, 0x06, 0x34, 0x36, 0x32, 0x16, 0x14, 0x06, 0x22,
  0x06, 0x34, 0x36, 0x32, 0x16, 0x14, 0x06, 0x22, 0x06, 0x34, 0x36, 0x32,
  0x16, 0x14, 0x06, 0x22, 0x06, 0x34, 0x36, 0x32, 0x16, 0x14, 0x06, 0x22,
  0x06, 0x34, 0x36, 0x32, 0x16, 0x14, 0x06, 0x22, 0x06, 0x34, 0x36, 0x32,
  0x16, 0x14, 0x06, 0x22, 0x36, 0x34, 0x36, 0x32, 0x16, 0x14, 0x06, 0x22,
  0x36, 0x34, 0x36, 0x32, 0x16, 0x14, 0x06, 0x22, 0x36, 0x34, 0x36, 0x32,
  0x16, 0x14, 0x06, 0x22, 0x36, 0x34, 0x36, 0x32, 0x16, 0x14, 0x06, 0x22,
  0x36, 0x34, 0x36, 0x32, 0x16, 0x14, 0x06, 0x22, 0x21, 0x2e, 0x20, 0x20,
  0x2e, 0x21, 0x21, 0x2e, 0x20, 0x20, 0x2e, 0x21, 0x21, 0x2e, 0x20, 0x20,
  0x2e, 0x21, 0x21, 0x2e, 0x20, 0x20, 0x2e, 0x21, 0x21, 0x2e, 0x20, 0x20,
  0x2e, 0x21, 0x21, 0x2e, 0x20, 0x20, 0x2e, 0x21, 0x21, 0x2e, 0x20, 0x20,
  0x2e, 0x21, 0x21, 0x2e, 0x20, 0x20, 0x2e, 0x21, 0x21, 0x2e, 0x20, 0x20,
  0x2e, 0x4e, 0x21, 0x2e, 0x20, 0x20, 0x2e, 0x4e, 0x21, 0x2e, 0x20, 0x20,
  0x2e, 0x4e, 0x21, 0x2e, 0x20, 0x20, 0x2e, 0x4e, 0x21, 0x2e, 0x21, 0x21,
  0x2e, 0x4f, 0x20, 0x2e, 0x21, 0x21, 0x2e, 0x03, 0x2a, 0x2e, 0x21, 0x21,
  0x2e, 0x20, 0x4f, 0x2e, 0x21, 0x21, 0x2e, 0x20, 0x4f, 0x2e, 0x21, 0x21,
  0x2e, 0x21, 0x4e, 0x2e, 0x20, 0x20, 0x2e, 0x21, 0x4e, 0x2e, 0x20, 0x20,
  0x2e, 0x21, 0x4e, 0x2e, 0x20, 0x20, 0x2e, 0x21, 0x4e, 0x2e, 0x20, 0x20,
  0x2e, 0x21, 0x4f, 0x2e, 0x21, 0x21, 0x2e, 0x20, 0x4f, 0x2e, 0x21, 0x21,
  0x2e, 0x20, 0x20, 0x2e, 0x21, 0x21, 0x2e, 0x20, 0x20, 0x2e, 0x21, 0x21,
  0x2e, 0x20, 0x20, 0x2e, 0x21, 0x21, 0x2e, 0x20, 0x20, 0x2e, 0x21, 0x21,
  0x2e, 0x20, 0x20, 0x2e, 0x21, 0x21, 0x2e, 0x20, 0x00, 0x18, 0x00, 0x00,
  0xff, 0x90, 0x03, 0x0a, 0x03, 0x79, 0x00, 0x07, 0x00, 0x0f, 0x00, 0x17,
  0x00, 0x1f, 0x00, 0x27, 0x00, 0x2f, 0x00, 0x37, 0x00, 0x3f, 0x00, 0x47,
  0x00, 0x4f, 0x00, 0x57, 0x00, 0x5f, 0x00, 0x67, 0x00, 0x6f, 0x00, 0x77,
  0x00, 0x7f, 0x00, 0x87, 0x00, 0x8f, 0x00, 0x97, 0x00, 0x9f, 0x00, 0xa7,
  0x00, 0xaf, 0x00, 0xb7, 0x00, 0xbf, 0x00, 0x00, 0x10, 0x34, 0x36, 0x32,
  0x16, 0x14, 0x06, 0x22, 0x06, 0x34, 0x36, 0x32, 0x16, 0x14, 0x06, 0x22,
  0x06, 0x34, 0x36, 0x32, 0x16, 0x14, 0x06, 0x22, 0x06, 0x34, 0x36, 0x32,
  0x16, 0x14, 0x06, 0x22, 0x06, 0x34, 0x36, 0x32, 0x16, 0x14, 0x06, 0x22,
  0x06, 0x34, 0x36, 0x32, 0x16, 0x14, 0x06, 0x22, 0x06, 0x34, 0x36, 0x32,
  0x16, 0x14, 0x06, 0x22, 0x06, 0x34, 0x36, 0x32, 0x16, 0x14, 0x06, 0x22,
  0x06, 0x34, 0x36, 0x32, 0x16, 0x14, 0x06, 0x22, 0x00, 0x34, 0x36, 0x32,
  0x16, 0x14, 0x06, 0x22, 0x06, 0x34, 0x36, 0x32, 0x16, 0x14, 0x06, 0x22,
  0x06, 0x34, 0x36, 0x32, 0x16, 0x14, 0x06, 0x22, 0x06, 0x34, 0x36, 0x32,
  0x16, 0x14, 0x06, 0x22, 0x06, 0x34, 0x36, 0x32, 0x16, 0x14, 0x06, 0x22,
  0x06, 0x34, 0x36, 0x32, 0x16, 0x14, 0x06, 0x22, 0x06, 0x34, 0x36, 0x32,
  0x16, 0x14, 0x06, 0x22, 0x06, 0x34, 0x36, 0x32, 0x16, 0x14, 0x06, 0x22,
  0x06, 0x34, 0x36, 0x32, 0x16, 0x14, 0x06, 0x22, 0x00, 0x34, 0x36, 0x32,
  0x16, 0x14, 0x06, 0x22, 0x16, 0x34, 0x36, 0x32, 0x16, 0x14, 0x06, 0x22,
  0x16, 0x34, 0x36, 0x32, 0x16, 0x14, 0x06, 0x22, 0x26, 0x34, 0x36, 0x32,
  0x16, 0x14, 0x06, 0x22, 0x36, 0x34, 0x36, 0x32, 0x16, 0x14, 0x06, 0x22,
  0x36, 0x34, 0x36, 0x32, 0x16, 0x14, 0x06, 0x22, 0x21, 0x2e, 0x20, 0x20,
  0x2e, 0x21, 0x21, 0x2e, 0x20, 0x20, 0x2e, 0x21, 0x21, 0x2e, 0x20, 0x20,
  0x2e, 0x21, 0x21, 0x2e, 0x20, 0x20, 0x2e, 0x21, 0x21, 0x2e, 0x20, 0x20,
  0x2e, 0x21, 0x21, 0x2e, 0x20, 0x20, 0x2e, 0x21, 0x21, 0x2e, 0x20, 0x20,
  0x2e, 0x21, 0x21, 0x2e, 0x20, 0x20, 0x2e, 0x21, 0x21, 0x2e, 0x20, 0x20,
  0x2e, 0x02, 0x7a, 0x20, 0x2e, 0x21, 0x21, 0x2e, 0x20, 0x20, 0x2e, 0x21,
  0x21, 0x2e, 0x20, 0x20, 0x2e, 0x21, 0x21, 0x2e, 0x20, 0x20, 0x2e, 0x21,
  0x21, 0x2e, 0x20, 0x20, 0x2e, 0x21, 0x21, 0x2e, 0x20, 0x20, 0x2e, 0x21,
  0x21, 0x2e, 0x20, 0x20, 0x2e, 0x21, 0x21, 0x2e, 0x20, 0x20, 0x2e, 0x21,
  0x21, 0x2e, 0x20, 0x20, 0x2e, 0x21, 0x21, 0x2e, 0xfd, 0xb4, 0x21, 0x2e,
  0x20, 0x20, 0x2e, 0x4e, 0x21, 0x2e, 0x20, 0x20, 0x2e, 0x4e, 0x21, 0x2e,
  0x20, 0x20, 0x2e, 0x21, 0x21, 0x2e, 0x20, 0x20, 0x2e, 0x4e, 0x21, 0x2e,
  0x21, 0x21, 0x2e, 0x4f, 0x20, 0x2e, 0x21, 0x21, 0x2e, 0x03, 0x2a, 0x2e,
  0x21, 0x21, 0x2e, 0x20, 0x4f, 0x2e, 0x21, 0x21, 0x2e, 0x20, 0x4f, 0x2e,
  0x21, 0x21, 0x2e, 0x21, 0x4e, 0x2e, 0x20, 0x20, 0x2e, 0x21, 0x4e, 0x2e,
  0x20, 0x20, 0x2e, 0x21, 0x4e, 0x2e, 0x20, 0x20, 0x2e, 0x21, 0x4e, 0x2e,
  0x20, 0x20, 0x2e, 0x21, 0x4f, 0x2e, 0x21, 0x21, 0x2e, 0x20, 0x4f, 0x2e,
  0x21, 0x21, 0x2e, 0x20, 0x03, 0x99, 0x2e, 0x21, 0x21, 0x2e, 0x20, 0x4f,
  0x2e, 0x21, 0x21, 0x2e, 0x20, 0x4f, 0x2e, 0x21, 0x21, 0x2e, 0x21, 0x4e,
  0x2e, 0x20, 0x20, 0x2e, 0x21, 0x4e, 0x2e, 0x20, 0x20, 0x2e, 0x21, 0x4e,
  0x2e, 0x20, 0x20, 0x2e, 0x21, 0x4e, 0x2e, 0x20, 0x20, 0x2e, 0x21, 0x4f,
  0x2e, 0x21, 0x21, 0x2e, 0x20, 0x4f, 0x2e, 0x21, 0x21, 0x2e, 0x20, 0x03,
  0x2a, 0x2e, 0x21, 0x21, 0x2e, 0x20, 0x4f, 0x2e, 0x21, 0x21, 0x2e, 0x21,
  0xbd, 0x2e, 0x20, 0x20, 0x2e, 0x21, 0x90, 0x2e, 0x20, 0x20, 0x2e, 0x21,
  0x90, 0x2e, 0x21, 0x21, 0x2e, 0x21, 0x90, 0x2e, 0x21, 0x21, 0x2e, 0x20,
  0x00, 0x16, 0x00, 0x00, 0xff, 0x90, 0x02, 0x9b, 0x03, 0x79, 0x00, 0x07,
  0x00, 0x0f, 0x00, 0x17, 0x00, 0x1f, 0x00, 0x27, 0x00, 0x2f, 0x00, 0x37,
  0x00, 0x3f, 0x00, 0x47, 0x00, 0x4f, 0x00, 0x57, 0x00, 0x5f, 0x00, 0x67,
  0x00, 0x6f, 0x00, 0x77, 0x00, 0x7f, 0x00, 0x87, 0x00, 0x8f, 0x00, 0x97,
  0x00, 0x9f, 0x00, 0xa7, 0x00, 0xaf, 0x00, 0x00, 0x10, 0x34, 0x36, 0x32,
  0x16, 0x14, 0x06, 0x22, 0x06, 0x34, 0x36, 0x32, 0x16, 0x14, 0x06, 0x22,
  0x06, 0x34, 0x36, 0x32, 0x16, 0x14, 0x06, 0x22, 0x06, 0x34, 0x36, 0x32,
  0x16, 0x14, 0x06, 0x22, 0x06, 0x34, 0x36, 0x32, 0x16, 0x14, 0x06, 0x22,
  0x06, 0x34, 0x36, 0x32, 0x16, 0x14, 0x06, 0x22, 0x06, 0x34, 0x36, 0x32,
  0x16, 0x14, 0x06, 0x22, 0x06, 0x34, 0x36, 0x32, 0x16, 0x14, 0x06, 0x22,
  0x00, 0x34, 0x36, 0x32, 0x16, 0x14, 0x06, 0x22, 0x12, 0x34, 0x36, 0x32,
  0x16, 0x14, 0x06, 0x22, 0x26, 0x34, 0x36, 0x32, 0x16, 0x14, 0x06, 0x22,
  0x26, 0x34, 0x36, 0x32, 0x16, 0x14, 0x06, 0x22, 0x26, 0x34, 0x36, 0x32,
  0x16, 0x14, 0x06, 0x22, 0x02, 0x34, 0x36, 0x32, 0x16, 0x14, 0x06, 0x22,
  0x26, 0x34, 0x36, 0x32, 0x16, 0x14, 0x06, 0x22, 0x26, 0x34, 0x36, 0x32,
  0x16, 0x14, 0x06, 0x22, 0x26, 0x34, 0x36, 0x32, 0x16, 0x14, 0x06, 0x22,
  0x02, 0x34, 0x36, 0x32, 0x16, 0x14, 0x06, 0x22, 0x26, 0x34, 0x36, 0x32,
  0x16, 0x14, 0x06, 0x22, 0x26, 0x34, 0x36, 0x32, 0x16, 0x14, 0x06, 0x22,
  0x04, 0x34, 0x36, 0x32, 0x16, 0x14, 0x06, 0x22, 0x00, 0x34, 0x36, 0x32,
  0x16, 0x14, 0x06, 0x22, 0x21, 0x2e, 0x20, 0x20, 0x2e, 0x21, 0x21, 0x2e,
  0x20, 0x20, 0x2e, 0x21, 0x21, 0x2e, 0x20, 0x20, 0x2e, 0x21, 0x21, 0x2e,
  0x20, 0x20, 0x2e, 0x21, 0x21, 0x2e, 0x20, 0x20, 0x2e, 0x21, 0x21, 0x2e,
  0x20, 0x20, 0x2e, 0x21, 0x21, 0x2e, 0x20, 0x20, 0x2e, 0x21, 0x21, 0x2e,
  0x20, 0x20, 0x2e, 0x01, 0x9b, 0x21, 0x2e, 0x21, 0x21, 0x2e, 0x4f, 0x20,
  0x2e, 0x21, 0x21, 0x2e, 0x20, 0x20, 0x2e, 0x21, 0x21, 0x2e, 0x20, 0x20,
  0x2e, 0x21, 0x21, 0x2e, 0x20, 0x20, 0x2e, 0x21, 0x21, 0x2e, 0x20, 0x20,
  0x2e, 0x21, 0x21, 0x2e, 0x20, 0x20, 0x2e, 0x21, 0x21, 0x2e, 0x20, 0x20,
  0x2e, 0x21, 0x21, 0x2e, 0x20, 0x20, 0x2e, 0x21, 0x21, 0x2e, 0xff, 0x21,
  0x2e, 0x20, 0x20, 0x2e, 0x90, 0x21, 0x2e, 0x20, 0x20, 0x2e, 0x90, 0x21,
  0x2e, 0x20, 0x20, 0x2e, 0x01, 0x9c, 0x20, 0x2e, 0x21, 0x21, 0x2e, 0xfd,
  0xb4, 0x21, 0x2e, 0x20, 0x20, 0x2e, 0x03, 0x2a, 0x2e, 0x21, 0x21, 0x2e,
  0x20, 0x4f, 0x2e, 0x21, 0x21, 0x2e, 0x20, 0xbe, 0x2e, 0x20, 0x20, 0x2e,
  0x21, 0x4e, 0x2e, 0x20, 0x20, 0x2e, 0x21, 0x4e, 0x2e, 0x20, 0x20, 0x2e,
  0x21, 0x4e, 0x2e, 0x20, 0x20, 0x2e, 0x21, 0x4f, 0x2e, 0x21, 0x21, 0x2e,
  0x20, 0x4f, 0x2e, 0x21, 0x21, 0x2e, 0x20, 0x01, 0x6e, 0x2e, 0x20, 0x20,
  0x2e, 0x21, 0xfe, 0xd3, 0x2e, 0x21, 0x21, 0x2e, 0x20, 0x8f, 0x2e, 0x21,
  0x21, 0x2e, 0x20, 0x90, 0x2e, 0x20, 0x20, 0x2e, 0x21, 0x90, 0x2e, 0x20,
  0x20, 0x2e, 0x21, 0x00, 0xff, 0x2e, 0x20, 0x20, 0x2e, 0x21, 0x90, 0x2e,
  0x21, 0x21, 0x2e, 0x21, 0x90, 0x2e, 0x21, 0x21, 0x2e, 0x20, 0x8f, 0x2e,
  0x21, 0x21, 0x2e, 0x20, 0xfe, 0x64, 0x2e, 0x20, 0x20, 0x2e, 0x21, 0x90,
  0x2e, 0x20, 0x20, 0x2e, 0x21, 0x90, 0x2e, 0x21, 0x21, 0x2e, 0x21, 0xbd,
  0x2e, 0x20, 0x20, 0x2e, 0x21, 0x00, 0xff, 0x2e, 0x21, 0x21, 0x2e, 0x21,
  0x00, 0x16, 0x00, 0x00, 0xff, 0x90, 0x02, 0x9b, 0x03, 0x79, 0x00, 0x07,
  0x00, 0x0f, 0x00, 0x17, 0x00, 0x1f, 0x00, 0x27, 0x00, 0x2f, 0x00, 0x37,
  0x00, 0x3f, 0x00, 0x47, 0x00, 0x4f, 0x00, 0x57, 0x00, 0x5f, 0x00, 0x67,
  0x00, 0x6f, 0x00, 0x77, 0x00, 0x7f, 0x00, 0x87, 0x00, 0x8f, 0x00, 0x97,
  0x00, 0x9f, 0x00, 0xa7, 0x00, 0xaf, 0x00, 0x00, 0x12, 0x34, 0x36, 0x32,
  0x16, 0x14, 0x06, 0x22, 0x06, 0x34, 0x36, 0x32, 0x16, 0x14, 0x06, 0x22,
  0x06, 0x34, 0x36, 0x32, 0x16, 0x14, 0x06, 0x22, 0x06, 0x34, 0x36, 0x32,
  0x16, 0x14, 0x06, 0x22, 0x06, 0x34, 0x36, 0x32, 0x16, 0x14, 0x06, 0x22,
  0x06, 0x34, 0x36, 0x32, 0x16, 0x14, 0x06, 0x22, 0x06, 0x34, 0x36, 0x32,
  0x16, 0x14, 0x06, 0x22, 0x16, 0x34, 0x36, 0x32, 0x16, 0x14, 0x06, 0x22,
  0x36, 0x34, 0x36, 0x32, 0x16, 0x14, 0x06, 0x22, 0x36, 0x34, 0x36, 0x32,
  0x16, 0x14, 0x06, 0x22, 0x36, 0x34, 0x36, 0x32, 0x16, 0x14, 0x06, 0x22,
  0x36, 0x34, 0x36, 0x32, 0x16, 0x14, 0x06, 0x22, 0x26, 0x34, 0x36, 0x32,
  0x16, 0x14, 0x06, 0x22, 0x26, 0x34, 0x36, 0x32, 0x16, 0x14, 0x06, 0x22,
  0x02, 0x34, 0x36, 0x32, 0x16, 0x14, 0x06, 0x22, 0x26, 0x34, 0x36, 0x32,
  0x16, 0x14, 0x06, 0x22, 0x00, 0x34, 0x36, 0x32, 0x16, 0x14, 0x06, 0x22,
  0x36, 0x34, 0x36, 0x32, 0x16, 0x14, 0x06, 0x22, 0x36, 0x34, 0x36, 0x32,
  0x16, 0x14, 0x06, 0x22, 0x16, 0x34, 0x36, 0x32, 0x16, 0x14, 0x06, 0x22,
  0x02, 0x34, 0x36, 0x32, 0x16, 0x14, 0x06, 0x22, 0x00, 0x34, 0x36, 0x32,
  0x16, 0x14, 0x06, 0x22, 0x6f, 0x21, 0x2e, 0x20, 0x20, 0x2e, 0x90, 0x21,
  0x2e, 0x20, 0x20, 0x2e, 0x21, 0x21, 0x2e, 0x20, 0x20, 0x2e, 0x21, 0x21,
  0x2e, 0x20, 0x20, 0x2e, 0x21, 0x21, 0x2e, 0x20, 0x20, 0x2e, 0x21, 0x21,
  0x2e, 0x20, 0x20, 0x2e, 0x21, 0x21, 0x2e, 0x20, 0x20, 0x2e, 0x4e, 0x21,
  0x2e, 0x20, 0x20, 0x2e, 0x4e, 0x21, 0x2e, 0x20, 0x20, 0x2e, 0x4e, 0x21,
  0x2e, 0x20, 0x20, 0x2e, 0x4e, 0x21, 0x2e, 0x21, 0x21, 0x2e, 0x4f, 0x20,
  0x2e, 0x21, 0x21, 0x2e, 0x20, 0x20, 0x2e, 0x21, 0x21, 0x2e, 0x20, 0x20,
  0x2e, 0x21, 0x21, 0x2e, 0x20, 0x20, 0x2e, 0x21, 0x21, 0x2e, 0x20, 0x20,
  0x2e, 0x21, 0x21, 0x2e, 0xfe, 0x92, 0x21, 0x2e, 0x20, 0x20, 0x2e, 0x4e,
  0x21, 0x2e, 0x20, 0x20, 0x2e, 0x4e, 0x21, 0x2e, 0x21, 0x21, 0x2e, 0x4f,
  0x20, 0x2e, 0x21, 0x21, 0x2e, 0x20, 0x20, 0x2e, 0x21, 0x21, 0x2e, 0xfd,
  0xb4, 0x21, 0x2e, 0x20, 0x20, 0x2e, 0x03, 0x2a, 0x2e, 0x21, 0x21, 0x2e,
  0x20, 0x4f, 0x2e, 0x21, 0x21, 0x2e, 0x20, 0xbe, 0x2e, 0x20, 0x20, 0x2e,
  0x21, 0x4e, 0x2e, 0x20, 0x20, 0x2e, 0x21, 0x4e, 0x2e, 0x20, 0x20, 0x2e,
  0x21, 0x4e, 0x2e, 0x20, 0x20, 0x2e, 0x21, 0x4f, 0x2e, 0x21, 0x21, 0x2e,
  0x20, 0x4f, 0x2e, 0x21, 0x21, 0x2e, 0x20, 0x20, 0x2e, 0x21, 0x21, 0x2e,
  0x20, 0x20, 0x2e, 0x21, 0x21, 0x2e, 0x20, 0x20, 0x2e, 0x21, 0x21, 0x2e,
  0x20, 0x8f, 0x2e, 0x21, 0x21, 0x2e, 0x20, 0x90, 0x2e, 0x20, 0x20, 0x2e,
  0x21, 0x90, 0x2e, 0x20, 0x20, 0x2e, 0x21, 0x00, 0xff, 0x2e, 0x20, 0x20,
  0x2e, 0x21, 0x90, 0x2e, 0x21, 0x21, 0x2e, 0x21, 0x00, 0xff, 0x2e, 0x21,
  0x21, 0x2e, 0x20, 0x20, 0x2e, 0x21, 0x21, 0x2e, 0x20, 0x20, 0x2e, 0x21,
  0x21, 0x2e, 0x20, 0x4f, 0x2e, 0x21, 0x21, 0x2e, 0x20, 0xfe, 0xd3, 0x2e,
  0x20, 0x20, 0x2e, 0x21, 0x00, 0xff, 0x2e, 0x21, 0x21, 0x2e, 0x21, 0x00,
  0x00, 0x14, 0x00, 0x00, 0xff, 0x90, 0x02, 0x9b, 0x03, 0x79, 0x00, 0x07,
  0x00, 0x0f, 0x00, 0x17, 0x00, 0x1f, 0x00, 0x27, 0x00, 0x2f, 0x00, 0x37,
  0x00, 0x3f, 0x00, 0x47, 0x00, 0x4f, 0x00, 0x57, 0x00, 0x5f, 0x00, 0x67,
  0x00, 0x6f, 0x00, 0x77, 0x00, 0x7f, 0x00, 0x87, 0x00, 0x8f, 0x00, 0x97,
  0x00, 0x9f, 0x00, 0x00, 0x10, 0x34, 0x36, 0x32, 0x16, 0x14, 0x06, 0x22,
  0x36, 0x34, 0x36, 0x32, 0x16, 0x14, 0x06, 0x22, 0x36, 0x34, 0x36, 0x32,
  0x16, 0x14, 0x06, 0x22, 0x36, 0x34, 0x36, 0x32, 0x16, 0x14, 0x06, 0x22,
  0x36, 0x34, 0x36, 0x32, 0x16, 0x14, 0x06, 0x22, 0x16, 0x34, 0x36, 0x32,
  0x16, 0x14, 0x06, 0x22, 0x06, 0x34, 0x36, 0x32, 0x16, 0x14, 0x06, 0x22,
  0x06, 0x34, 0x36, 0x32, 0x16, 0x14, 0x06, 0x22, 0x24, 0x34, 0x36, 0x32,
  0x16, 0x14, 0x06, 0x22, 0x26, 0x34, 0x36, 0x32, 0x16, 0x14, 0x06, 0x22,
  0x26, 0x34, 0x36, 0x32, 0x16, 0x14, 0x06, 0x22, 0x02, 0x34, 0x36, 0x32,
  0x16, 0x14, 0x06, 0x22, 0x06, 0x34, 0x36, 0x32, 0x16, 0x14, 0x06, 0x22,
  0x06, 0x34, 0x36, 0x32, 0x16, 0x14, 0x06, 0x22, 0x06, 0x34, 0x36, 0x32,
  0x16, 0x14, 0x06, 0x22, 0x06, 0x34, 0x36, 0x32, 0x16, 0x14, 0x06, 0x22,
  0x12, 0x34, 0x36, 0x32, 0x16, 0x14, 0x06, 0x22, 0x36, 0x34, 0x36, 0x32,
  0x16, 0x14, 0x06, 0x22, 0x36, 0x34, 0x36, 0x32, 0x16, 0x14, 0x06, 0x22,
  0x36, 0x34, 0x36, 0x32, 0x16, 0x14, 0x06, 0x22, 0x21, 0x2e, 0x20, 0x20,
  0x2e, 0x4e, 0x21, 0x2e, 0x20, 0x20, 0x2e, 0x4e, 0x21, 0x2e, 0x20, 0x20,
  0x2e, 0x4e, 0x21, 0x2e, 0x20, 0x20, 0x2e, 0x4e, 0x21, 0x2e, 0x21, 0x21,
  0x2e, 0x4f, 0x20, 0x2e, 0x21, 0x21, 0x2e, 0x20, 0x20, 0x2e, 0x21, 0x21,
  0x2e, 0x20, 0x20, 0x2e, 0x21, 0x21, 0x2e, 0xfd, 0xb4, 0x21, 0x2e, 0x20,
  0x20, 0x2e, 0x21, 0x21, 0x2e, 0x20, 0x20, 0x2e, 0x21, 0x21, 0x2e, 0x20,
  0x20, 0x2e, 0x21, 0x21, 0x2e, 0x20, 0x20, 0x2e, 0x21, 0x21, 0x2e, 0x20,
  0x20, 0x2e, 0x21, 0x21, 0x2e, 0x20, 0x20, 0x2e, 0x21, 0x21, 0x2e, 0x20,
  0x20, 0x2e, 0x21, 0x21, 0x2e, 0x20, 0x20, 0x2e, 0x4e, 0x21, 0x2e, 0x20,
  0x20, 0x2e, 0x4e, 0x21, 0x2e, 0x20, 0x20, 0x2e, 0x4e, 0x21, 0x2e, 0x20,
  0x20, 0x2e, 0x4e, 0x21, 0x2e, 0x21, 0x21, 0x2e, 0x03, 0x2a, 0x2e, 0x21,
  0x21, 0x2e, 0x20, 0x20, 0x2e, 0x21, 0x21, 0x2e, 0x20, 0x20, 0x2e, 0x21,
  0x21, 0x2e, 0x20, 0x20, 0x2e, 0x21, 0x21, 0x2e, 0x20, 0x20, 0x2e, 0x21,
  0x21, 0x2e, 0x20, 0x4f, 0x2e, 0x21, 0x21, 0x2e, 0x20, 0x4f, 0x2e, 0x21,
  0x21, 0x2e, 0x21, 0x4e, 0x2e, 0x20, 0x20, 0x2e, 0x21, 0x21, 0x2e, 0x20,
  0x20, 0x2e, 0x21, 0x90, 0x2e, 0x21, 0x21, 0x2e, 0x21, 0x90, 0x2e, 0x21,
  0x21, 0x2e, 0x20, 0xfe, 0xd3, 0x2e, 0x20, 0x20, 0x2e, 0x21, 0x4e, 0x2e,
  0x20, 0x20, 0x2e, 0x21, 0x4e, 0x2e, 0x20, 0x20, 0x2e, 0x21, 0x4f, 0x2e,
  0x21, 0x21, 0x2e, 0x20, 0x4f, 0x2e, 0x21, 0x21, 0x2e, 0x20, 0x01, 0xdd,
  0x2e, 0x20, 0x20, 0x2e, 0x21, 0x21, 0x2e, 0x20, 0x20, 0x2e, 0x21, 0x21,
  0x2e, 0x20, 0x20, 0x2e, 0x21, 0x21, 0x2e, 0x20, 0x20, 0x2e, 0x21, 0x00,
  0x00, 0x18, 0x00, 0x00, 0xff, 0x22, 0x02, 0x9a, 0x03, 0x78, 0x00, 0x07,
  0x00, 0x0f, 0x00, 0x17, 0x00, 0x1f, 0x00, 0x27, 0x00, 0x2f, 0x00, 0x37,
  0x00, 0x3f, 0x00, 0x47, 0x00, 0x4f, 0x00, 0x57, 0x00, 0x5f, 0x00, 0x67,
  0x00, 0x6f, 0x00, 0x77, 0x00, 0x7f, 0x00, 0x87, 0x00, 0x8f, 0x00, 0x97,
  0x00, 0x9f, 0x00, 0xa7, 0x00, 0xaf, 0x00, 0xb7, 0x00, 0xbf, 0x00, 0x00,
  0x12, 0x34, 0x36, 0x32, 0x16, 0x14, 0x06, 0x22, 0x06, 0x34, 0x36, 0x32,
  0x16, 0x14, 0x06, 0x22, 0x06, 0x34, 0x36, 0x32, 0x16, 0x14, 0x06, 0x22,
  0x06, 0x34, 0x36, 0x32, 0x16, 0x14, 0x06, 0x22, 0x06, 0x34, 0x36, 0x32,
  0x16, 0x14, 0x06, 0x22, 0x06, 0x34, 0x36, 0x32, 0x16, 0x14, 0x06, 0x22,
  0x06, 0x34, 0x36, 0x32, 0x16, 0x14, 0x06, 0x22, 0x16, 0x34, 0x36, 0x32,
  0x16, 0x14, 0x06, 0x22, 0x36, 0x34, 0x36, 0x32, 0x16, 0x14, 0x06, 0x22,
  0x36, 0x34, 0x36, 0x32, 0x16, 0x14, 0x06, 0x22, 0x26, 0x34, 0x36, 0x32,
  0x16, 0x14, 0x06, 0x22, 0x16, 0x34, 0x36, 0x32, 0x16, 0x14, 0x06, 0x22,
  0x26, 0x34, 0x36, 0x32, 0x16, 0x14, 0x06, 0x22, 0x36, 0x34, 0x36, 0x32,
  0x16, 0x14, 0x06, 0x22, 0x26, 0x34, 0x36, 0x32, 0x16, 0x14, 0x06, 0x22,
  0x26, 0x34, 0x36, 0x32, 0x16, 0x14, 0x06, 0x22, 0x02, 0x34, 0x36, 0x32,
  0x16, 0x14, 0x06, 0x22, 0x26, 0x34, 0x36, 0x32, 0x16, 0x14, 0x06, 0x22,
  0x00, 0x34, 0x36, 0x32, 0x16, 0x14, 0x06, 0x22, 0x36, 0x34, 0x36, 0x32,
  0x16, 0x14, 0x06, 0x22, 0x36, 0x34, 0x36, 0x32, 0x16, 0x14, 0x06, 0x22,
  0x16, 0x34, 0x36, 0x32, 0x16, 0x14, 0x06, 0x22, 0x02, 0x34, 0x36, 0x32,
  0x16, 0x14, 0x06, 0x22, 0x00, 0x34, 0x36, 0x32, 0x16, 0x14, 0x06, 0x22,
  0x6f, 0x21, 0x2d, 0x21, 0x21, 0x2d, 0x90, 0x21, 0x2d, 0x21, 0x21, 0x2d,
  0x21, 0x21, 0x2d, 0x21, 0x21, 0x2d, 0x21, 0x21, 0x2d, 0x21, 0x21, 0x2d,
  0x21, 0x21, 0x2d, 0x21, 0x21, 0x2d, 0x21, 0x21, 0x2d, 0x21, 0x21, 0x2d,
  0x21, 0x21, 0x2d, 0x21, 0x21, 0x2d, 0x4e, 0x21, 0x2d, 0x21, 0x21, 0x2d,
  0x4e, 0x21, 0x2d, 0x21, 0x21, 0x2d, 0x4e, 0x21, 0x2d, 0x21, 0x21, 0x2d,
  0x21, 0x21, 0x2d, 0x21, 0x21, 0x2d, 0xbd, 0x21, 0x2d, 0x21, 0x21, 0x2d,
  0x90, 0x21, 0x2d, 0x21, 0x21, 0x2d, 0x4e, 0x21, 0x2d, 0x21, 0x21, 0x2d,
  0x21, 0x21, 0x2d, 0x21, 0x21, 0x2d, 0x21, 0x21, 0x2d, 0x21, 0x21, 0x2d,
  0x21, 0x21, 0x2d, 0x21, 0x21, 0x2d, 0x21, 0x21, 0x2d, 0x21, 0x21, 0x2d,
  0xfe, 0x92, 0x21, 0x2d, 0x21, 0x21, 0x2d, 0x4e, 0x21, 0x2d, 0x21, 0x21,
  0x2d, 0x4e, 0x21, 0x2d, 0x21, 0x21, 0x2d, 0x4e, 0x21, 0x2d, 0x21, 0x21,
  0x2d, 0x21, 0x21, 0x2d, 0x21, 0x21, 0x2d, 0xfd, 0xb4, 0x21, 0x2d, 0x21,
  0x21, 0x2d, 0x03, 0x2a, 0x2d, 0x21, 0x21, 0x2d, 0x21, 0x4e, 0x2d, 0x21,
  0x21, 0x2d, 0x21, 0xbd, 0x2d, 0x21, 0x21, 0x2d, 0x21, 0x4e, 0x2d, 0x21,
  0x21, 0x2d, 0x21, 0x4e, 0x2d, 0x21, 0x21, 0x2d, 0x21, 0x4e, 0x2d, 0x21,
  0x21, 0x2d, 0x21, 0x4e, 0x2d, 0x21, 0x21, 0x2d, 0x21, 0x4e, 0x2d, 0x21,
  0x21, 0x2d, 0x21, 0x21, 0x2d, 0x21, 0x21, 0x2d, 0x21, 0x21, 0x2d, 0x21,
  0x21, 0x2d, 0x21, 0x90, 0x2d, 0x21, 0x21, 0x2d, 0x21, 0xbd, 0x2d, 0x21,
  0x21, 0x2d, 0x21, 0x90, 0x2d, 0x21, 0x21, 0x2d, 0x21, 0x90, 0x2d, 0x21,
  0x21, 0x2d, 0x21, 0x90, 0x2d, 0x21, 0x21, 0x2d, 0x21, 0x90, 0x2d, 0x21,
  0x21, 0x2d, 0x21, 0x00, 0xff, 0x2d, 0x21, 0x21, 0x2d, 0x21, 0x90, 0x2d,
  0x21, 0x21, 0x2d, 0x21, 0x00, 0xff, 0x2d, 0x21, 0x21, 0x2d, 0x21, 0x21,
  0x2d, 0x21, 0x21, 0x2d, 0x21, 0x21, 0x2d, 0x21, 0x21, 0x2d, 0x21, 0x4e,
  0x2d, 0x21, 0x21, 0x2d, 0x21, 0xfe, 0xd4, 0x2d, 0x21, 0x21, 0x2d, 0x21,
  0x00, 0xff, 0x2d, 0x21, 0x21, 0x2d, 0x21, 0x00, 0x00, 0x18, 0x00, 0x00,
  0xff, 0x90, 0x02, 0x9b, 0x03, 0x79, 0x00, 0x07, 0x00, 0x0f, 0x00, 0x17,
  0x00, 0x1f, 0x00, 0x27, 0x00, 0x2f, 0x00, 0x37, 0x00, 0x3f, 0x00, 0x47,
  0x00, 0x4f, 0x00, 0x57, 0x00, 0x5f, 0x00, 0x67, 0x00, 0x6f, 0x00, 0x77,
  0x00, 0x7f, 0x00, 0x87, 0x00, 0x8f, 0x00, 0x97, 0x00, 0x9f, 0x00, 0xa7,
  0x00, 0xaf, 0x00, 0xb7, 0x00, 0xbf, 0x00, 0x00, 0x10, 0x34, 0x36, 0x32,
  0x16, 0x14, 0x06, 0x22, 0x36, 0x34, 0x36, 0x32, 0x16, 0x14, 0x06, 0x22,
  0x36, 0x34, 0x36, 0x32, 0x16, 0x14, 0x06, 0x22, 0x36, 0x34, 0x36, 0x32,
  0x16, 0x14, 0x06, 0x22, 0x36, 0x34, 0x36, 0x32, 0x16, 0x14, 0x06, 0x22,
  0x16, 0x34, 0x36, 0x32, 0x16, 0x14, 0x06, 0x22, 0x06, 0x34, 0x36, 0x32,
  0x16, 0x14, 0x06, 0x22, 0x06, 0x34, 0x36, 0x32, 0x16, 0x14, 0x06, 0x22,
  0x24, 0x34, 0x36, 0x32, 0x16, 0x14, 0x06, 0x22, 0x26, 0x34, 0x36, 0x32,
  0x16, 0x14, 0x06, 0x22, 0x26, 0x34, 0x36, 0x32, 0x16, 0x14, 0x06, 0x22,
  0x02, 0x34, 0x36, 0x32, 0x16, 0x14, 0x06, 0x22, 0x06, 0x34, 0x36, 0x32,
  0x16, 0x14, 0x06, 0x22, 0x06, 0x34, 0x36, 0x32, 0x16, 0x14, 0x06, 0x22,
  0x06, 0x34, 0x36, 0x32, 0x16, 0x14, 0x06, 0x22, 0x06, 0x34, 0x36, 0x32,
  0x16, 0x14, 0x06, 0x22, 0x24, 0x34, 0x36, 0x32, 0x16, 0x14, 0x06, 0x22,
  0x26, 0x34, 0x36, 0x32, 0x16, 0x14, 0x06, 0x22, 0x26, 0x34, 0x36, 0x32,
  0x16, 0x14, 0x06, 0x22, 0x26, 0x34, 0x36, 0x32, 0x16, 0x14, 0x06, 0x22,
  0x26, 0x34, 0x36, 0x32, 0x16, 0x14, 0x06, 0x22, 0x36, 0x34, 0x36, 0x32,
  0x16, 0x14, 0x06, 0x22, 0x36, 0x34, 0x36, 0x32, 0x16, 0x14, 0x06, 0x22,
  0x36, 0x34, 0x36, 0x32, 0x16, 0x14, 0x06, 0x22, 0x21, 0x2e, 0x20, 0x20,
  0x2e, 0x4e, 0x21, 0x2e, 0x20, 0x20, 0x2e, 0x4e, 0x21, 0x2e, 0x20, 0x20,
  0x2e, 0x4e, 0x21, 0x2e, 0x20, 0x20, 0x2e, 0x4e, 0x21, 0x2e, 0x21, 0x21,
  0x2e, 0x4f, 0x20, 0x2e, 0x21, 0x21, 0x2e, 0x20, 0x20, 0x2e, 0x21, 0x21,
  0x2e, 0x20, 0x20, 0x2e, 0x21, 0x21, 0x2e, 0xfd, 0xb4, 0x21, 0x2e, 0x20,
  0x20, 0x2e, 0x21, 0x21, 0x2e, 0x20, 0x20, 0x2e, 0x21, 0x21, 0x2e, 0x20,
  0x20, 0x2e, 0x21, 0x21, 0x2e, 0x20, 0x20, 0x2e, 0x21, 0x21, 0x2e, 0x20,
  0x20, 0x2e, 0x21, 0x21, 0x2e, 0x20, 0x20, 0x2e, 0x21, 0x21, 0x2e, 0x20,
  0x20, 0x2e, 0x21, 0x21, 0x2e, 0x20, 0x20, 0x2e, 0x02, 0x0b, 0x20, 0x2e,
  0x21, 0x21, 0x2e, 0x90, 0x21, 0x2e, 0x21, 0x21, 0x2e, 0x90, 0x21, 0x2e,
  0x20, 0x20, 0x2e, 0x90, 0x21, 0x2e, 0x20, 0x20, 0x2e, 0x90, 0x21, 0x2e,
  0x20, 0x20, 0x2e, 0x4e, 0x21, 0x2e, 0x20, 0x20, 0x2e, 0x4e, 0x21, 0x2e,
  0x20, 0x20, 0x2e, 0x4e, 0x21, 0x2e, 0x21, 0x21, 0x2e, 0x03, 0x2a, 0x2e,
  0x21, 0x21, 0x2e, 0x20, 0x20, 0x2e, 0x21, 0x21, 0x2e, 0x20, 0x20, 0x2e,
  0x21, 0x21, 0x2e, 0x20, 0x20, 0x2e, 0x21, 0x21, 0x2e, 0x20, 0x20, 0x2e,
  0x21, 0x21, 0x2e, 0x20, 0x4f, 0x2e, 0x21, 0x21, 0x2e, 0x20, 0x4f, 0x2e,
  0x21, 0x21, 0x2e, 0x20, 0x4f, 0x2e, 0x21, 0x21, 0x2e, 0x21, 0x21, 0x2e,
  0x21, 0x21, 0x2e, 0x21, 0x90, 0x2e, 0x21, 0x21, 0x2e, 0x20, 0x8f, 0x2e,
  0x21, 0x21, 0x2e, 0x20, 0xfe, 0xd3, 0x2e, 0x20, 0x20, 0x2e, 0x21, 0x4e,
  0x2e, 0x20, 0x20, 0x2e, 0x21, 0x4e, 0x2e, 0x20, 0x20, 0x2e, 0x21, 0x4e,
  0x2e, 0x20, 0x20, 0x2e, 0x21, 0x4f, 0x2e, 0x21, 0x21, 0x2e, 0x20, 0x20,
  0x2e, 0x21, 0x21, 0x2e, 0x20, 0x90, 0x2e, 0x20, 0x20, 0x2e, 0x21, 0x90,
  0x2e, 0x20, 0x20, 0x2e, 0x21, 0x90, 0x2e, 0x20, 0x20, 0x2e, 0x21, 0x90,
  0x2e, 0x20, 0x20, 0x2e, 0x21, 0x21, 0x2e, 0x20, 0x20, 0x2e, 0x21, 0x21,
  0x2e, 0x20, 0x20, 0x2e, 0x21, 0x21, 0x2e, 0x20, 0x20, 0x2e, 0x21, 0x00,
  0x00, 0x14, 0x00, 0x00, 0xff, 0x90, 0x02, 0x9b, 0x03, 0x79, 0x00, 0x07,
  0x00, 0x0f, 0x00, 0x17, 0x00, 0x1f, 0x00, 0x27, 0x00, 0x2f, 0x00, 0x37,
  0x00, 0x3f, 0x00, 0x47, 0x00, 0x4f, 0x00, 0x57, 0x00, 0x5f, 0x00, 0x67,
  0x00, 0x6f, 0x00, 0x77, 0x00, 0x7f, 0x00, 0x87, 0x00, 0x8f, 0x00, 0x97,
  0x00, 0x9f, 0x00, 0x00, 0x3c, 0x01, 0x36, 0x32, 0x16, 0x14, 0x06, 0x22,
  0x16, 0x34, 0x36, 0x32, 0x16, 0x14, 0x06, 0x22, 0x36, 0x34, 0x36, 0x32,
  0x16, 0x14, 0x06, 0x22, 0x36, 0x34, 0x36, 0x32, 0x16, 0x14, 0x06, 0x22,
  0x36, 0x34, 0x36, 0x32, 0x16, 0x14, 0x06, 0x22, 0x00, 0x34, 0x36, 0x32,
  0x16, 0x14, 0x06, 0x22, 0x36, 0x34, 0x36, 0x32, 0x16, 0x14, 0x06, 0x22,
  0x36, 0x34, 0x36, 0x32, 0x16, 0x14, 0x06, 0x22, 0x36, 0x34, 0x36, 0x32,
  0x16, 0x14, 0x06, 0x22, 0x00, 0x34, 0x36, 0x32, 0x16, 0x14, 0x06, 0x22,
  0x36, 0x34, 0x36, 0x32, 0x16, 0x14, 0x06, 0x22, 0x36, 0x34, 0x36, 0x32,
  0x16, 0x14, 0x06, 0x22, 0x36, 0x34, 0x36, 0x32, 0x16, 0x14, 0x06, 0x22,
  0x16, 0x34, 0x36, 0x32, 0x16, 0x14, 0x06, 0x22, 0x02, 0x34, 0x36, 0x32,
  0x16, 0x14, 0x06, 0x22, 0x02, 0x34, 0x36, 0x32, 0x16, 0x14, 0x06, 0x22,
  0x06, 0x34, 0x36, 0x32, 0x16, 0x14, 0x06, 0x22, 0x00, 0x34, 0x36, 0x32,
  0x16, 0x14, 0x06, 0x22, 0x02, 0x34, 0x36, 0x32, 0x16, 0x14, 0x06, 0x22,
  0x06, 0x34, 0x36, 0x32, 0x16, 0x14, 0x06, 0x22, 0x21, 0x2e, 0x20, 0x20,
  0x2e, 0x4e, 0x21, 0x2e, 0x20, 0x20, 0x2e, 0x4e, 0x21, 0x2e, 0x20, 0x20,
  0x2e, 0x4e, 0x21, 0x2e, 0x20, 0x20, 0x2e, 0x4e, 0x21, 0x2e, 0x21, 0x21,
  0x2e, 0xfe, 0x92, 0x21, 0x2e, 0x20, 0x20, 0x2e, 0x4e, 0x21, 0x2e, 0x20,
  0x20, 0x2e, 0x4e, 0x21, 0x2e, 0x20, 0x20, 0x2e, 0x4e, 0x21, 0x2e, 0x21,
  0x21, 0x2e, 0xfe, 0x92, 0x21, 0x2e, 0x20, 0x20, 0x2e, 0x4e, 0x21, 0x2e,
  0x20, 0x20, 0x2e, 0x4e, 0x21, 0x2e, 0x20, 0x20, 0x2e, 0x4e, 0x21, 0x2e,
  0x21, 0x21, 0x2e, 0x4f, 0x20, 0x2e, 0x21, 0x21, 0x2e, 0x20, 0x20, 0x2e,
  0x21, 0x21, 0x2e, 0x20, 0x20, 0x2e, 0x21, 0x21, 0x2e, 0x20, 0x20, 0x2e,
  0x21, 0x21, 0x2e, 0xfd, 0xb4, 0x21, 0x2e, 0x20, 0x20, 0x2e, 0x21, 0x21,
  0x2e, 0x20, 0x20, 0x2e, 0x21, 0x21, 0x2e, 0x20, 0x20, 0x2e, 0x20, 0x2e,
  0x21, 0x21, 0x2e, 0x20, 0x4f, 0x2e, 0x21, 0x21, 0x2e, 0x20, 0x20, 0x2e,
  0x21, 0x21, 0x2e, 0x20, 0x20, 0x2e, 0x21, 0x21, 0x2e, 0x20, 0x20, 0x2e,
  0x21, 0x21, 0x2e, 0x20, 0x01, 0xdd, 0x2e, 0x20, 0x20, 0x2e, 0x21, 0x21,
  0x2e, 0x20, 0x20, 0x2e, 0x21, 0x21, 0x2e, 0x20, 0x20, 0x2e, 0x21, 0x21,
  0x2e, 0x20, 0x20, 0x2e, 0x21, 0x01, 0xdd, 0x2e, 0x21, 0x21, 0x2e, 0x20,
  0x20, 0x2e, 0x21, 0x21, 0x2e, 0x20, 0x20, 0x2e, 0x21, 0x21, 0x2e, 0x20,
  0x20, 0x2e, 0x21, 0x21, 0x2e, 0x20, 0x4f, 0x2e, 0x21, 0x21, 0x2e, 0x20,
  0xfd, 0x85, 0x2e, 0x21, 0x21, 0x2e, 0x20, 0x00, 0xff, 0x2e, 0x20, 0x20,
  0x2e, 0x21, 0x4e, 0x2e, 0x20, 0x20, 0x2e, 0x21, 0x01, 0x6e, 0x2e, 0x20,
  0x20, 0x2e, 0x21, 0x00, 0xff, 0x2e, 0x21, 0x21, 0x2e, 0x20, 0x4f, 0x2e,
  0x21, 0x21, 0x2e, 0x21, 0x00, 0x0f, 0x00, 0x00, 0xff, 0x90, 0x03, 0x0a,
  0x03, 0x79, 0x00, 0x07, 0x00, 0x0f, 0x00, 0x17, 0x00, 0x1f, 0x00, 0x27,
  0x00, 0x2f, 0x00, 0x37, 0x00, 0x3f, 0x00, 0x47, 0x00, 0x4f, 0x00, 0x57,
  0x00, 0x5f, 0x00, 0x67, 0x00, 0x6f, 0x00, 0x77, 0x00, 0x00, 0x10, 0x34,
  0x36, 0x32, 0x16, 0x14, 0x06, 0x22, 0x36, 0x34, 0x36, 0x32, 0x16, 0x14,
  0x06, 0x22, 0x36, 0x34, 0x36, 0x32, 0x16, 0x14, 0x06, 0x22, 0x36, 0x34,
  0x36, 0x32, 0x16, 0x14, 0x06, 0x22, 0x26, 0x34, 0x36, 0x32, 0x16, 0x14,
  0x06, 0x22, 0x26, 0x34, 0x36, 0x32, 0x16, 0x14, 0x06, 0x22, 0x06, 0x34,
  0x36, 0x32, 0x16, 0x14, 0x06, 0x22, 0x06, 0x34, 0x36, 0x32, 0x16, 0x14,
  0x06, 0x22, 0x06, 0x34, 0x36, 0x32, 0x16, 0x14, 0x06, 0x22, 0x06, 0x34,
  0x36, 0x32, 0x16, 0x14, 0x06, 0x22, 0x26, 0x34, 0x36, 0x32, 0x16, 0x14,
  0x06, 0x22, 0x02, 0x34, 0x36, 0x32, 0x16, 0x14, 0x06, 0x22, 0x02, 0x34,
  0x36, 0x32, 0x16, 0x14, 0x06, 0x22, 0x02, 0x34, 0x36, 0x32, 0x16, 0x14,
  0x06, 0x22, 0x26, 0x34, 0x36, 0x32, 0x16, 0x14, 0x06, 0x22, 0x21, 0x2e,
  0x20, 0x20, 0x2e, 0xbd, 0x21, 0x2e, 0x20, 0x20, 0x2e, 0xbd, 0x21, 0x2e,
  0x21, 0x21, 0x2e, 0xbe, 0x20, 0x2e, 0x21, 0x21, 0x2e, 0x8f, 0x20, 0x2e,
  0x21, 0x21, 0x2e, 0xff, 0x21, 0x2e, 0x20, 0x20, 0x2e, 0x21, 0x21, 0x2e,
  0x20, 0x20, 0x2e, 0x21, 0x21, 0x2e, 0x20, 0x20, 0x2e, 0x21, 0x21, 0x2e,
  0x20, 0x20, 0x2e, 0x21, 0x21, 0x2e, 0x20, 0x20, 0x2e, 0x21, 0x21, 0x2e,
  0x20, 0x20, 0x2e, 0x21, 0x21, 0x2e, 0x20, 0x20, 0x2e, 0x21, 0x21, 0x2e,
  0x20, 0x20, 0x2e, 0x21, 0x21, 0x2e, 0x20, 0x20, 0x2e, 0xff, 0x21, 0x2e,
  0x20, 0x20, 0x2e, 0x03, 0x2a, 0x2e, 0x21, 0x21, 0x2e, 0x20, 0x20, 0x2e,
  0x21, 0x21, 0x2e, 0x20, 0x20, 0x2e, 0x21, 0x21, 0x2e, 0x20, 0x20, 0x2e,
  0x21, 0x21, 0x2e, 0x20, 0x20, 0x2e, 0x21, 0x21, 0x2e, 0x20, 0x20, 0x2e,
  0x21, 0x21, 0x2e, 0x20, 0xbe, 0x2e, 0x21, 0x21, 0x2e, 0x21, 0xbd, 0x2e,
  0x20, 0x20, 0x2e, 0x21, 0xbd, 0x2e, 0x20, 0x20, 0x2e, 0x21, 0xbe, 0x2e,
  0x21, 0x21, 0x2e, 0x20, 0x8f, 0x2e, 0x21, 0x21, 0x2e, 0x20, 0x00, 0xff,
  0x2e, 0x20, 0x20, 0x2e, 0x21, 0x00, 0xff, 0x2e, 0x20, 0x20, 0x2e, 0x21,
  0x00, 0xff, 0x2e, 0x21, 0x21, 0x2e, 0x20, 0x8f, 0x2e, 0x21, 0x21, 0x2e,
  0x20, 0x00, 0x00, 0x00, 0x00, 0x14, 0x00, 0x00, 0xff, 0x90, 0x02, 0x9b,
  0x03, 0x79, 0x00, 0x07, 0x00, 0x0f, 0x00, 0x17, 0x00, 0x1f, 0x00, 0x27,
  0x00, 0x2f, 0x00, 0x37, 0x00, 0x3f, 0x00, 0x47, 0x00, 0x4f, 0x00, 0x57,
  0x00, 0x5f, 0x00, 0x67, 0x00, 0x6f, 0x00, 0x77, 0x00, 0x7f, 0x00, 0x87,
  0x00, 0x8f, 0x00, 0x97, 0x00, 0x9f, 0x00, 0x00, 0x10, 0x34, 0x36, 0x32,
  0x16, 0x14, 0x06, 0x22, 0x06, 0x34, 0x36, 0x32, 0x16, 0x14, 0x06, 0x22,
  0x06, 0x34, 0x36, 0x32, 0x16, 0x14, 0x06, 0x22, 0x06, 0x34, 0x36, 0x32,
  0x16, 0x14, 0x06, 0x22, 0x06, 0x34, 0x36, 0x32, 0x16, 0x14, 0x06, 0x22,
  0x06, 0x34, 0x36, 0x32, 0x16, 0x14, 0x06, 0x22, 0x06, 0x34, 0x36, 0x32,
  0x16, 0x14, 0x06, 0x22, 0x16, 0x34, 0x36, 0x32, 0x16, 0x14, 0x06, 0x22,
  0x36, 0x34, 0x36, 0x32, 0x16, 0x14, 0x06, 0x22, 0x36, 0x34, 0x36, 0x32,
  0x16, 0x14, 0x06, 0x22, 0x36, 0x34, 0x36, 0x32, 0x16, 0x14, 0x06, 0x22,
  0x36, 0x34, 0x36, 0x32, 0x16, 0x14, 0x06, 0x22, 0x26, 0x34, 0x36, 0x32,
  0x16, 0x14, 0x06, 0x22, 0x26, 0x34, 0x36, 0x32, 0x16, 0x14, 0x06, 0x22,
  0x02, 0x34, 0x36, 0x32, 0x16, 0x14, 0x06, 0x22, 0x26, 0x34, 0x36, 0x32,
  0x16, 0x14, 0x06, 0x22, 0x02, 0x34, 0x36, 0x32, 0x16, 0x14, 0x06, 0x22,
  0x06, 0x34, 0x36, 0x32, 0x16, 0x14, 0x06, 0x22, 0x02, 0x34, 0x36, 0x32,
  0x16, 0x14, 0x06, 0x22, 0x00, 0x34, 0x36, 0x32, 0x16, 0x14, 0x06, 0x22,
  0x21, 0x2e, 0x20, 0x20, 0x2e, 0x21, 0x21, 0x2e, 0x20, 0x20, 0x2e, 0x21,
  0x21, 0x2e, 0x20, 0x20, 0x2e, 0x21, 0x21, 0x2e, 0x20, 0x20, 0x2e, 0x21,
  0x21, 0x2e, 0x20, 0x20, 0x2e, 0x21, 0x21, 0x2e, 0x20, 0x20, 0x2e, 0x21,
  0x21, 0x2e, 0x20, 0x20, 0x2e, 0x4e, 0x21, 0x2e, 0x20, 0x20, 0x2e, 0x4e,
  0x21, 0x2e, 0x20, 0x20, 0x2e, 0x4e, 0x21, 0x2e, 0x20, 0x20, 0x2e, 0x4e,
  0x21, 0x2e, 0x21, 0x21, 0x2e, 0x4f, 0x20, 0x2e, 0x21, 0x21, 0x2e, 0x20,
  0x20, 0x2e, 0x21, 0x21, 0x2e, 0x20, 0x20, 0x2e, 0x21, 0x21, 0x2e, 0x20,
  0x20, 0x2e, 0x21, 0x21, 0x2e, 0x20, 0x20, 0x2e, 0x21, 0x21, 0x2e, 0x20,
  0x20, 0x2e, 0x21, 0x21, 0x2e, 0x20, 0x20, 0x2e, 0x21, 0x21, 0x2e, 0x20,
  0x20, 0x2e, 0x21, 0x21, 0x2e, 0xfd, 0xb4, 0x21, 0x2e, 0x20, 0x20, 0x2e,
  0x03, 0x2a, 0x2e, 0x21, 0x21, 0x2e, 0x20, 0x4f, 0x2e, 0x21, 0x21, 0x2e,
  0x20, 0xbe, 0x2e, 0x20, 0x20, 0x2e, 0x21, 0x4e, 0x2e, 0x20, 0x20, 0x2e,
  0x21, 0x4e, 0x2e, 0x20, 0x20, 0x2e, 0x21, 0x4e, 0x2e, 0x20, 0x20, 0x2e,
  0x21, 0x4f, 0x2e, 0x21, 0x21, 0x2e, 0x20, 0x4f, 0x2e, 0x21, 0x21, 0x2e,
  0x20, 0x20, 0x2e, 0x21, 0x21, 0x2e, 0x20, 0x20, 0x2e, 0x21, 0x21, 0x2e,
  0x20, 0x20, 0x2e, 0x21, 0x21, 0x2e, 0x20, 0x8f, 0x2e, 0x21, 0x21, 0x2e,
  0x20, 0x90, 0x2e, 0x20, 0x20, 0x2e, 0x21, 0x90, 0x2e, 0x20, 0x20, 0x2e,
  0x21, 0x00, 0xff, 0x2e, 0x20, 0x20, 0x2e, 0x21, 0x90, 0x2e, 0x21, 0x21,
  0x2e, 0x21, 0x00, 0xff, 0x2e, 0x21, 0x21, 0x2e, 0x20, 0x4f, 0x2e, 0x21,
  0x21, 0x2e, 0x20, 0xfe, 0xd3, 0x2e, 0x20, 0x20, 0x2e, 0x21, 0x00, 0xff,
  0x2e, 0x21, 0x21, 0x2e, 0x21, 0x00, 0x00, 0x00, 0x00, 0x11, 0x00, 0x00,
  0xff, 0x92, 0x03, 0x0a, 0x03, 0x7a, 0x00, 0x07, 0x00, 0x0f, 0x00, 0x17,
  0x00, 0x1f, 0x00, 0x27, 0x00, 0x2f, 0x00, 0x37, 0x00, 0x3f, 0x00, 0x47,
  0x00, 0x4f, 0x00, 0x57, 0x00, 0x5f, 0x00, 0x67, 0x00, 0x6f, 0x00, 0x77,
  0x00, 0x7f, 0x00, 0x87, 0x00, 0x00, 0x00, 0x34, 0x36, 0x32, 0x16, 0x14,
  0x06, 0x22, 0x26, 0x34, 0x36, 0x32, 0x16, 0x14, 0x06, 0x22, 0x26, 0x34,
  0x36, 0x32, 0x16, 0x14, 0x06, 0x22, 0x26, 0x34, 0x36, 0x32, 0x16, 0x14,
  0x06, 0x22, 0x26, 0x34, 0x36, 0x32, 0x16, 0x14, 0x06, 0x22, 0x26, 0x34,
  0x36, 0x32, 0x16, 0x14, 0x06, 0x22, 0x00, 0x34, 0x36, 0x32, 0x16, 0x14,
  0x06, 0x22, 0x00, 0x34, 0x36, 0x32, 0x16, 0x14, 0x06, 0x22, 0x26, 0x34,
  0x36, 0x32, 0x16, 0x14, 0x06, 0x22, 0x26, 0x34, 0x36, 0x32, 0x16, 0x14,
  0x06, 0x22, 0x26, 0x34, 0x36, 0x32, 0x16, 0x14, 0x06, 0x22, 0x26, 0x34,
  0x36, 0x32, 0x16, 0x14, 0x06, 0x22, 0x26, 0x34, 0x36, 0x32, 0x16, 0x14,
  0x06, 0x22, 0x00, 0x34, 0x36, 0x32, 0x16, 0x14, 0x06, 0x22, 0x36, 0x34,
  0x36, 0x32, 0x16, 0x14, 0x06, 0x22, 0x24, 0x34, 0x36, 0x32, 0x16, 0x14,
  0x06, 0x22, 0x16, 0x34, 0x36, 0x32, 0x16, 0x14, 0x06, 0x22, 0x02, 0x9b,
  0x20, 0x2e, 0x21, 0x21, 0x2e, 0x20, 0x20, 0x2e, 0x21, 0x21, 0x2e, 0x20,
  0x20, 0x2e, 0x21, 0x21, 0x2e, 0x20, 0x20, 0x2e, 0x21, 0x21, 0x2e, 0x20,
  0x20, 0x2e, 0x21, 0x21, 0x2e, 0x20, 0x20, 0x2e, 0x21, 0x21, 0x2e, 0xfe,
  0x92, 0x21, 0x2e, 0x20, 0x20, 0x2e, 0xfe, 0x92, 0x21, 0x2e, 0x20, 0x20,
  0x2e, 0x21, 0x21, 0x2e, 0x20, 0x20, 0x2e, 0x21, 0x21, 0x2e, 0x20, 0x20,
  0x2e, 0x21, 0x21, 0x2e, 0x20, 0x20, 0x2e, 0x21, 0x21, 0x2e, 0x20, 0x20,
  0x2e, 0x21, 0x21, 0x2e, 0x20, 0x20, 0x2e, 0x01, 0x9b, 0x21, 0x2e, 0x21,
  0x21, 0x2e, 0x4f, 0x20, 0x2e, 0x21, 0x21, 0x2e, 0xfe, 0x23, 0x21, 0x2e,
  0x20, 0x20, 0x2e, 0x4e, 0x21, 0x2e, 0x20, 0x20, 0x2e, 0x01, 0x00, 0x2e,
  0x20, 0x20, 0x2e, 0x21, 0x90, 0x2e, 0x21, 0x21, 0x2e, 0x21, 0x90, 0x2e,
  0x21, 0x21, 0x2e, 0x20, 0x8f, 0x2e, 0x21, 0x21, 0x2e, 0x20, 0x8f, 0x2e,
  0x21, 0x21, 0x2e, 0x20, 0x8f, 0x2e, 0x21, 0x21, 0x2e, 0x20, 0xfc, 0xa8,
  0x2e, 0x20, 0x20, 0x2e, 0x21, 0x01, 0x6e, 0x2e, 0x20, 0x20, 0x2e, 0x21,
  0x90, 0x2e, 0x21, 0x21, 0x2e, 0x21, 0x90, 0x2e, 0x21, 0x21, 0x2e, 0x20,
  0x8f, 0x2e, 0x21, 0x21, 0x2e, 0x20, 0x8f, 0x2e, 0x21, 0x21, 0x2e, 0x20,
  0x8f, 0x2e, 0x21, 0x21, 0x2e, 0x20, 0xfd, 0x17, 0x2e, 0x20, 0x20, 0x2e,
  0x21, 0x90, 0x2e, 0x20, 0x20, 0x2e, 0x21, 0x21, 0x2e, 0x20, 0x20, 0x2e,
  0x21, 0x4e, 0x2e, 0x20, 0x20, 0x2e, 0x21, 0x00, 0x00, 0x17, 0x00, 0x00,
  0xff, 0x90, 0x03, 0x0a, 0x03, 0x79, 0x00, 0x07, 0x00, 0x0f, 0x00, 0x17,
  0x00, 0x1f, 0x00, 0x27, 0x00, 0x2f, 0x00, 0x37, 0x00, 0x3f, 0x00, 0x47,
  0x00, 0x4f, 0x00, 0x57, 0x00, 0x5f, 0x00, 0x67, 0x00, 0x6f, 0x00, 0x77,
  0x00, 0x7f, 0x00, 0x87, 0x00, 0x8f, 0x00, 0x97, 0x00, 0x9f, 0x00, 0xa7,
  0x00, 0xaf, 0x00, 0xb7, 0x00, 0x00, 0x24, 0x34, 0x36, 0x32, 0x16, 0x14,
  0x06, 0x22, 0x26, 0x34, 0x36, 0x32, 0x16, 0x14, 0x06, 0x22, 0x26, 0x34,
  0x36, 0x32, 0x16, 0x14, 0x06, 0x22, 0x26, 0x34, 0x36, 0x32, 0x16, 0x14,
  0x06, 0x22, 0x26, 0x34, 0x36, 0x32, 0x16, 0x14, 0x06, 0x22, 0x26, 0x34,
  0x36, 0x32, 0x16, 0x14, 0x06, 0x22, 0x26, 0x34, 0x36, 0x32, 0x16, 0x14,
  0x06, 0x22, 0x26, 0x34, 0x36, 0x32, 0x16, 0x14, 0x06, 0x22, 0x00, 0x34,
  0x36, 0x32, 0x16, 0x14, 0x06, 0x22, 0x26, 0x34, 0x36, 0x32, 0x16, 0x14,
  0x06, 0x22, 0x26, 0x34, 0x36, 0x32, 0x16, 0x14, 0x06, 0x22, 0x26, 0x34,
  0x36, 0x32, 0x16, 0x14, 0x06, 0x22, 0x26, 0x34, 0x36, 0x32, 0x16, 0x14,
  0x06, 0x22, 0x26, 0x34, 0x36, 0x32, 0x16, 0x14, 0x06, 0x22, 0x26, 0x34,
  0x36, 0x32, 0x16, 0x14, 0x06, 0x22, 0x26, 0x34, 0x36, 0x32, 0x16, 0x14,
  0x06, 0x22, 0x00, 0x34, 0x36, 0x32, 0x16, 0x14, 0x06, 0x22, 0x26, 0x34,
  0x36, 0x32, 0x16, 0x14, 0x06, 0x22, 0x02, 0x34, 0x36, 0x32, 0x16, 0x14,
  0x06, 0x22, 0x26, 0x34, 0x36, 0x32, 0x16, 0x14, 0x06, 0x22, 0x06, 0x34,
  0x36, 0x32, 0x16, 0x14, 0x06, 0x22, 0x06, 0x34, 0x36, 0x32, 0x16, 0x14,
  0x06, 0x22, 0x06, 0x34, 0x36, 0x32, 0x16, 0x14, 0x06, 0x22, 0x02, 0x9b,
  0x20, 0x2e, 0x21, 0x21, 0x2e, 0x20, 0x20, 0x2e, 0x21, 0x21, 0x2e, 0x20,
  0x20, 0x2e, 0x21, 0x21, 0x2e, 0x20, 0x20, 0x2e, 0x21, 0x21, 0x2e, 0x20,
  0x20, 0x2e, 0x21, 0x21, 0x2e, 0x20, 0x20, 0x2e, 0x21, 0x21, 0x2e, 0x20,
  0x20, 0x2e, 0x21, 0x21, 0x2e, 0x20, 0x20, 0x2e, 0x21, 0x21, 0x2e, 0xfd,
  0x45, 0x21, 0x2e, 0x20, 0x20, 0x2e, 0x21, 0x21, 0x2e, 0x20, 0x20, 0x2e,
  0x21, 0x21, 0x2e, 0x20, 0x20, 0x2e, 0x21, 0x21, 0x2e, 0x20, 0x20, 0x2e,
  0x21, 0x21, 0x2e, 0x20, 0x20, 0x2e, 0x21, 0x21, 0x2e, 0x20, 0x20, 0x2e,
  0x21, 0x21, 0x2e, 0x20, 0x20, 0x2e, 0x21, 0x21, 0x2e, 0x20, 0x20, 0x2e,
  0x02, 0x0b, 0x20, 0x2e, 0x21, 0x21, 0x2e, 0x90, 0x21, 0x2e, 0x21, 0x21,
  0x2e, 0x90, 0x21, 0x2e, 0x20, 0x20, 0x2e, 0x21, 0x21, 0x2e, 0x20, 0x20,
  0x2e, 0x21, 0x21, 0x2e, 0x20, 0x20, 0x2e, 0x90, 0x21, 0x2e, 0x20, 0x20,
  0x2e, 0x90, 0x21, 0x2e, 0x20, 0x20, 0x2e, 0x21, 0x2e, 0x20, 0x20, 0x2e,
  0x21, 0x90, 0x2e, 0x20, 0x20, 0x2e, 0x21, 0x90, 0x2e, 0x20, 0x20, 0x2e,
  0x21, 0x90, 0x2e, 0x20, 0x20, 0x2e, 0x21, 0x90, 0x2e, 0x21, 0x21, 0x2e,
  0x21, 0x90, 0x2e, 0x21, 0x21, 0x2e, 0x20, 0x8f, 0x2e, 0x21, 0x21, 0x2e,
  0x20, 0x8f, 0x2e, 0x21, 0x21, 0x2e, 0x20, 0xfd, 0x17, 0x2e, 0x20, 0x20,
  0x2e, 0x21, 0x90, 0x2e, 0x20, 0x20, 0x2e, 0x21, 0x90, 0x2e, 0x20, 0x20,
  0x2e, 0x21, 0x90, 0x2e, 0x20, 0x20, 0x2e, 0x21, 0x90, 0x2e, 0x21, 0x21,
  0x2e, 0x21, 0x90, 0x2e, 0x21, 0x21, 0x2e, 0x20, 0x8f, 0x2e, 0x21, 0x21,
  0x2e, 0x20, 0x8f, 0x2e, 0x21, 0x21, 0x2e, 0x20, 0xfc, 0xa7, 0x2e, 0x21,
  0x21, 0x2e, 0x20, 0x90, 0x2e, 0x20, 0x20, 0x2e, 0x21, 0x00, 0xff, 0x2e,
  0x20, 0x20, 0x2e, 0x21, 0x90, 0x2e, 0x20, 0x20, 0x2e, 0x21, 0xbd, 0x2e,
  0x20, 0x20, 0x2e, 0x21, 0x4e, 0x2e, 0x20, 0x20, 0x2e, 0x21, 0x4f, 0x2e,
  0x21, 0x21, 0x2e, 0x20, 0x00, 0x11, 0x00, 0x00, 0xff, 0x91, 0x03, 0x0a,
  0x03, 0x79, 0x00, 0x07, 0x00, 0x0f, 0x00, 0x17, 0x00, 0x1f, 0x00, 0x27,
  0x00, 0x2f, 0x00, 0x37, 0x00, 0x3f, 0x00, 0x47, 0x00, 0x4f, 0x00, 0x57,
  0x00, 0x5f, 0x00, 0x67, 0x00, 0x6f, 0x00, 0x77, 0x00, 0x7f, 0x00, 0x87,
  0x00, 0x00, 0x36, 0x34, 0x36, 0x32, 0x16, 0x14, 0x06, 0x22, 0x24, 0x34,
  0x36, 0x32, 0x16, 0x14, 0x06, 0x22, 0x26, 0x34, 0x36, 0x32, 0x16, 0x14,
  0x06, 0x22, 0x26, 0x34, 0x36, 0x32, 0x16, 0x14, 0x06, 0x22, 0x36, 0x34,
  0x36, 0x32, 0x16, 0x14, 0x06, 0x22, 0x26, 0x34, 0x36, 0x32, 0x16, 0x14,
  0x06, 0x22, 0x26, 0x34, 0x36, 0x32, 0x16, 0x14, 0x06, 0x22, 0x24, 0x34,
  0x36, 0x32, 0x16, 0x14, 0x06, 0x22, 0x36, 0x34, 0x36, 0x32, 0x16, 0x14,
  0x06, 0x22, 0x26, 0x34, 0x36, 0x32, 0x16, 0x14, 0x06, 0x22, 0x04, 0x34,
  0x36, 0x32, 0x16, 0x14, 0x06, 0x22, 0x26, 0x34, 0x36, 0x32, 0x16, 0x14,
  0x06, 0x22, 0x00, 0x34, 0x36, 0x32, 0x16, 0x14, 0x06, 0x22, 0x26, 0x34,
  0x36, 0x32, 0x16, 0x14, 0x06, 0x22, 0x04, 0x34, 0x36, 0x32, 0x16, 0x14,
  0x06, 0x22, 0x26, 0x34, 0x36, 0x32, 0x16, 0x14, 0x06, 0x22, 0x00, 0x34,
  0x36, 0x32, 0x16, 0x14, 0x06, 0x22, 0x6f, 0x21, 0x2e, 0x20, 0x20, 0x2e,
  0x01, 0x9c, 0x20, 0x2e, 0x21, 0x21, 0x2e, 0x90, 0x21, 0x2e, 0x21, 0x21,
  0x2e, 0xff, 0x21, 0x2e, 0x20, 0x20, 0x2e, 0x4e, 0x21, 0x2e, 0x20, 0x20,
  0x2e, 0x90, 0x21, 0x2e, 0x20, 0x20, 0x2e, 0x90, 0x21, 0x2e, 0x20, 0x20,
  0x2e, 0x01, 0x9c, 0x20, 0x2e, 0x21, 0x21, 0x2e, 0x4f, 0x20, 0x2e, 0x21,
  0x21, 0x2e, 0x20, 0x20, 0x2e, 0x21, 0x21, 0x2e, 0xfd, 0x45, 0x21, 0x2e,
  0x20, 0x20, 0x2e, 0x21, 0x21, 0x2e, 0x20, 0x20, 0x2e, 0x02, 0x7a, 0x20,
  0x2e, 0x21, 0x21, 0x2e, 0x20, 0x20, 0x2e, 0x21, 0x21, 0x2e, 0xfd, 0x45,
  0x21, 0x2e, 0x20, 0x20, 0x2e, 0x21, 0x21, 0x2e, 0x20, 0x20, 0x2e, 0x01,
  0x9b, 0x21, 0x2e, 0x21, 0x21, 0x2e, 0x90, 0x2e, 0x20, 0x20, 0x2e, 0x21,
  0x21, 0x2e, 0x20, 0x20, 0x2e, 0x21, 0x90, 0x2e, 0x20, 0x20, 0x2e, 0x21,
  0x21, 0x2e, 0x20, 0x20, 0x2e, 0x21, 0x90, 0x2e, 0x21, 0x21, 0x2e, 0x21,
  0x90, 0x2e, 0x21, 0x21, 0x2e, 0x20, 0x8f, 0x2e, 0x21, 0x21, 0x2e, 0x20,
  0x20, 0x2e, 0x21, 0x21, 0x2e, 0x20, 0x8f, 0x2e, 0x21, 0x21, 0x2e, 0x20,
  0x8f, 0x2e, 0x21, 0x21, 0x2e, 0x20, 0x4f, 0x2e, 0x21, 0x21, 0x2e, 0x20,
  0x8f, 0x2e, 0x21, 0x21, 0x2e, 0x20, 0xfc, 0xa8, 0x2e, 0x20, 0x20, 0x2e,
  0x21, 0x90, 0x2e, 0x20, 0x20, 0x2e, 0x21, 0x4e, 0x2e, 0x20, 0x20, 0x2e,
  0x21, 0x90, 0x2e, 0x20, 0x20, 0x2e, 0x21, 0x01, 0xdd, 0x2e, 0x21, 0x21,
  0x2e, 0x20, 0x00, 0x00, 0x00, 0x0c, 0x00, 0x00, 0xff, 0x91, 0x03, 0x0a,
  0x03, 0x79, 0x00, 0x07, 0x00, 0x0f, 0x00, 0x17, 0x00, 0x1f, 0x00, 0x27,
  0x00, 0x2f, 0x00, 0x37, 0x00, 0x3f, 0x00, 0x47, 0x00, 0x4f, 0x00, 0x57,
  0x00, 0x5f, 0x00, 0x00, 0x10, 0x34, 0x36, 0x32, 0x16, 0x14, 0x06, 0x22,
  0x00, 0x34, 0x36, 0x32, 0x16, 0x14, 0x06, 0x22, 0x06, 0x34, 0x36, 0x32,
  0x16, 0x14, 0x06, 0x22, 0x06, 0x34, 0x36, 0x32, 0x16, 0x14, 0x06, 0x22,
  0x06, 0x34, 0x36, 0x32, 0x16, 0x14, 0x06, 0x22, 0x00, 0x34, 0x36, 0x32,
  0x16, 0x14, 0x06, 0x22, 0x04, 0x34, 0x36, 0x32, 0x16, 0x14, 0x06, 0x22,
  0x16, 0x34, 0x36, 0x32, 0x16, 0x14, 0x06, 0x22, 0x16, 0x34, 0x36, 0x32,
  0x16, 0x14, 0x06, 0x22, 0x26, 0x34, 0x36, 0x32, 0x16, 0x14, 0x06, 0x22,
  0x36, 0x34, 0x36, 0x32, 0x16, 0x14, 0x06, 0x22, 0x36, 0x34, 0x36, 0x32,
  0x16, 0x14, 0x06, 0x22, 0x21, 0x2e, 0x20, 0x20, 0x2e, 0x01, 0x2c, 0x21,
  0x2e, 0x20, 0x20, 0x2e, 0x21, 0x21, 0x2e, 0x20, 0x20, 0x2e, 0x21, 0x21,
  0x2e, 0x20, 0x20, 0x2e, 0x21, 0x21, 0x2e, 0x20, 0x20, 0x2e, 0x01, 0x2d,
  0x20, 0x2e, 0x21, 0x21, 0x2e, 0xfd, 0xb4, 0x21, 0x2e, 0x20, 0x20, 0x2e,
  0x4e, 0x21, 0x2e, 0x20, 0x20, 0x2e, 0x4e, 0x21, 0x2e, 0x20, 0x20, 0x2e,
  0x21, 0x21, 0x2e, 0x20, 0x20, 0x2e, 0x4e, 0x21, 0x2e, 0x21, 0x21, 0x2e,
  0x4f, 0x20, 0x2e, 0x21, 0x21, 0x2e, 0x03, 0x2a, 0x2e, 0x21, 0x21, 0x2e,
  0x20, 0xfd, 0xf5, 0x2e, 0x20, 0x20, 0x2e, 0x21, 0x4e, 0x2e, 0x20, 0x20,
  0x2e, 0x21, 0x4e, 0x2e, 0x20, 0x20, 0x2e, 0x21, 0x4e, 0x2e, 0x20, 0x20,
  0x2e, 0x21, 0x03, 0x99, 0x2e, 0x21, 0x21, 0x2e, 0x20, 0x4f, 0x2e, 0x21,
  0x21, 0x2e, 0x20, 0x4f, 0x2e, 0x21, 0x21, 0x2e, 0x20, 0xbe, 0x2e, 0x21,
  0x21, 0x2e, 0x21, 0x90, 0x2e, 0x21, 0x21, 0x2e, 0x20, 0x8f, 0x2e, 0x21,
  0x21, 0x2e, 0x20, 0x8f, 0x2e, 0x21, 0x21, 0x2e, 0x20, 0x00, 0x00, 0x00,
  0x00, 0x15, 0x00, 0x00, 0xff, 0x92, 0x03, 0x0a, 0x03, 0x7a, 0x00, 0x07,
  0x00, 0x0f, 0x00, 0x17, 0x00, 0x1f, 0x00, 0x27, 0x00, 0x2f, 0x00, 0x37,
  0x00, 0x3f, 0x00, 0x47, 0x00, 0x4f, 0x00, 0x57, 0x00, 0x5f, 0x00, 0x67,
  0x00, 0x6f, 0x00, 0x77, 0x00, 0x7f, 0x00, 0x87, 0x00, 0x8f, 0x00, 0x97,
  0x00, 0x9f, 0x00, 0xa7, 0x00, 0x00, 0x10, 0x34, 0x36, 0x32, 0x16, 0x14,
  0x06, 0x22, 0x00, 0x34, 0x36, 0x32, 0x16, 0x14, 0x06, 0x22, 0x00, 0x34,
  0x36, 0x32, 0x16, 0x14, 0x06, 0x22, 0x06, 0x34, 0x36, 0x32, 0x16, 0x14,
  0x06, 0x22, 0x26, 0x34, 0x36, 0x32, 0x16, 0x14, 0x06, 0x22, 0x00, 0x34,
  0x36, 0x32, 0x16, 0x14, 0x06, 0x22, 0x24, 0x34, 0x36, 0x32, 0x16, 0x14,
  0x06, 0x22, 0x36, 0x34, 0x36, 0x32, 0x16, 0x14, 0x06, 0x22, 0x36, 0x34,
  0x36, 0x32, 0x16, 0x14, 0x06, 0x22, 0x26, 0x34, 0x36, 0x32, 0x16, 0x14,
  0x06, 0x22, 0x24, 0x34, 0x36, 0x32, 0x16, 0x14, 0x06, 0x22, 0x16, 0x34,
  0x36, 0x32, 0x16, 0x14, 0x06, 0x22, 0x26, 0x34, 0x36, 0x32, 0x16, 0x14,
  0x06, 0x22, 0x00, 0x34, 0x36, 0x32, 0x16, 0x14, 0x06, 0x22, 0x36, 0x34,
  0x36, 0x32, 0x16, 0x14, 0x06, 0x22, 0x36, 0x34, 0x36, 0x32, 0x16, 0x14,
  0x06, 0x22, 0x26, 0x34, 0x36, 0x32, 0x16, 0x14, 0x06, 0x22, 0x24, 0x34,
  0x36, 0x32, 0x16, 0x14, 0x06, 0x22, 0x36, 0x34, 0x36, 0x32, 0x16, 0x14,
  0x06, 0x22, 0x00, 0x34, 0x36, 0x32, 0x16, 0x14, 0x06, 0x22, 0x36, 0x34,
  0x36, 0x32, 0x16, 0x14, 0x06, 0x22, 0x21, 0x2e, 0x20, 0x20, 0x2e, 0x01,
  0x9b, 0x21, 0x2e, 0x21, 0x21, 0x2e, 0xfe, 0x92, 0x21, 0x2e, 0x20, 0x20,
  0x2e, 0x90, 0x21, 0x2e, 0x20, 0x20, 0x2e, 0x21, 0x21, 0x2e, 0x20, 0x20,
  0x2e, 0x02, 0x0b, 0x20, 0x2e, 0x21, 0x21, 0x2e, 0xfe, 0x23, 0x21, 0x2e,
  0x20, 0x20, 0x2e, 0xbd, 0x21, 0x2e, 0x20, 0x20, 0x2e, 0x4e, 0x21, 0x2e,
  0x21, 0x21, 0x2e, 0xff, 0x21, 0x2e, 0x20, 0x20, 0x2e, 0x01, 0x2d, 0x20,
  0x2e, 0x21, 0x21, 0x2e, 0x4f, 0x20, 0x2e, 0x21, 0x21, 0x2e, 0x20, 0x20,
  0x2e, 0x21, 0x21, 0x2e, 0xfd, 0xb4, 0x21, 0x2e, 0x20, 0x20, 0x2e, 0xbd,
  0x21, 0x2e, 0x20, 0x20, 0x2e, 0x4e, 0x21, 0x2e, 0x21, 0x21, 0x2e, 0xff,
  0x21, 0x2e, 0x20, 0x20, 0x2e, 0x01, 0x2d, 0x20, 0x2e, 0x21, 0x21, 0x2e,
  0x4f, 0x20, 0x2e, 0x21, 0x21, 0x2e, 0xfe, 0x23, 0x21, 0x2e, 0x20, 0x20,
  0x2e, 0x4e, 0x21, 0x2e, 0x20, 0x20, 0x2e, 0x03, 0x2b, 0x2e, 0x21, 0x21,
  0x2e, 0x20, 0xfe, 0xd3, 0x2e, 0x21, 0x21, 0x2e, 0x20, 0xfe, 0xd3, 0x2e,
  0x20, 0x20, 0x2e, 0x21, 0xbd, 0x2e, 0x20, 0x20, 0x2e, 0x21, 0x90, 0x2e,
  0x20, 0x20, 0x2e, 0x21, 0x02, 0x4c, 0x2e, 0x21, 0x21, 0x2e, 0x20, 0xfe,
  0x2e, 0x21, 0x21, 0x2e, 0x20, 0x20, 0x2e, 0x21, 0x21, 0x2e, 0x20, 0x20,
  0x2e, 0x21, 0x21, 0x2e, 0x20, 0x20, 0x2e, 0x21, 0x21, 0x2e, 0x20, 0x20,
  0x2e, 0x21, 0x21, 0x2e, 0x20, 0x4f, 0x2e, 0x21, 0x21, 0x2e, 0x20, 0x8f,
  0x2e, 0x21, 0x21, 0x2e, 0x20, 0xfc, 0xa8, 0x2e, 0x20, 0x20, 0x2e, 0x21,
  0x21, 0x2e, 0x20, 0x20, 0x2e, 0x21, 0x21, 0x2e, 0x20, 0x20, 0x2e, 0x21,
  0x21, 0x2e, 0x20, 0x20, 0x2e, 0x21, 0x21, 0x2e, 0x20, 0x20, 0x2e, 0x21,
  0x21, 0x2e, 0x20, 0x20, 0x2e, 0x21, 0x01, 0x6e, 0x2e, 0x20, 0x20, 0x2e,
  0x21, 0x90, 0x2e, 0x21, 0x21, 0x2e, 0x21, 0x00, 0x00, 0x10, 0x00, 0x00,
  0x00, 0x00, 0x02, 0x2c, 0x02, 0x9b, 0x00, 0x07, 0x00, 0x0f, 0x00, 0x17,
  0x00, 0x1f, 0x00, 0x27, 0x00, 0x2f, 0x00, 0x37, 0x00, 0x3f, 0x00, 0x47,
  0x00, 0x4f, 0x00, 0x57, 0x00, 0x5f, 0x00, 0x67, 0x00, 0x6f, 0x00, 0x77,
  0x00, 0x7f, 0x00, 0x00, 0x3c, 0x01, 0x36, 0x32, 0x16, 0x14, 0x06, 0x22,
  0x26, 0x34, 0x36, 0x32, 0x16, 0x14, 0x06, 0x22, 0x16, 0x34, 0x36, 0x32,
  0x16, 0x14, 0x06, 0x22, 0x36, 0x34, 0x36, 0x32, 0x16, 0x14, 0x06, 0x22,
  0x36, 0x34, 0x36, 0x32, 0x16, 0x14, 0x06, 0x22, 0x36, 0x34, 0x36, 0x32,
  0x16, 0x14, 0x06, 0x22, 0x26, 0x34, 0x36, 0x32, 0x16, 0x14, 0x06, 0x22,
  0x26, 0x34, 0x36, 0x32, 0x16, 0x14, 0x06, 0x22, 0x26, 0x34, 0x36, 0x32,
  0x16, 0x14, 0x06, 0x22, 0x26, 0x34, 0x36, 0x32, 0x16, 0x14, 0x06, 0x22,
  0x26, 0x34, 0x36, 0x32, 0x16, 0x14, 0x06, 0x22, 0x26, 0x34, 0x36, 0x32,
  0x16, 0x14, 0x06, 0x22, 0x24, 0x34, 0x36, 0x32, 0x16, 0x14, 0x06, 0x22,
  0x26, 0x34, 0x36, 0x32, 0x16, 0x14, 0x06, 0x22, 0x26, 0x34, 0x36, 0x32,
  0x16, 0x14, 0x06, 0x22, 0x26, 0x34, 0x36, 0x32, 0x16, 0x14, 0x06, 0x22,
  0x21, 0x2e, 0x20, 0x20, 0x2e, 0x21, 0x21, 0x2e, 0x20, 0x20, 0x2e, 0x4e,
  0x21, 0x2e, 0x20, 0x20, 0x2e, 0x4e, 0x21, 0x2e, 0x20, 0x20, 0x2e, 0x4e,
  0x21, 0x2e, 0x20, 0x20, 0x2e, 0x4e, 0x21, 0x2e, 0x21, 0x21, 0x2e, 0x21,
  0x21, 0x2e, 0x21, 0x21, 0x2e, 0x21, 0x21, 0x2e, 0x21, 0x21, 0x2e, 0x21,
  0x21, 0x2e, 0x21, 0x21, 0x2e, 0x90, 0x21, 0x2e, 0x20, 0x20, 0x2e, 0x90,
  0x21, 0x2e, 0x20, 0x20, 0x2e, 0x90, 0x21, 0x2e, 0x20, 0x20, 0x2e, 0x01,
  0x2c, 0x21, 0x2e, 0x21, 0x21, 0x2e, 0x90, 0x21, 0x2e, 0x20, 0x20, 0x2e,
  0x90, 0x21, 0x2e, 0x20, 0x20, 0x2e, 0x90, 0x21, 0x2e, 0x20, 0x20, 0x2e,
  0x90, 0x2e, 0x20, 0x20, 0x2e, 0x21, 0x90, 0x2e, 0x20, 0x20, 0x2e, 0x21,
  0xbd, 0x2e, 0x20, 0x20, 0x2e, 0x21, 0x21, 0x2e, 0x20, 0x20, 0x2e, 0x21,
  0x21, 0x2e, 0x20, 0x20, 0x2e, 0x21, 0x21, 0x2e, 0x20, 0x20, 0x2e, 0x21,
  0x90, 0x2e, 0x20, 0x20, 0x2e, 0x21, 0x90, 0x2e, 0x20, 0x20, 0x2e, 0x21,
  0x90, 0x2e, 0x20, 0x20, 0x2e, 0x21, 0x21, 0x2e, 0x20, 0x20, 0x2e, 0x21,
  0x21, 0x2e, 0x20, 0x20, 0x2e, 0x21, 0x21, 0x2e, 0x20, 0x20, 0x2e, 0x21,
  0x90, 0x2e, 0x21, 0x21, 0x2e, 0x21, 0x90, 0x2e, 0x21, 0x21, 0x2e, 0x20,
  0x20, 0x2e, 0x21, 0x21, 0x2e, 0x20, 0x20, 0x2e, 0x21, 0x21, 0x2e, 0x20,
  0x00, 0x12, 0x00, 0x00, 0xff, 0xff, 0x02, 0x2c, 0x03, 0x79, 0x00, 0x07,
  0x00, 0x0f, 0x00, 0x17, 0x00, 0x1f, 0x00, 0x27, 0x00, 0x2f, 0x00, 0x37,
  0x00, 0x3f, 0x00, 0x47, 0x00, 0x4f, 0x00, 0x57, 0x00, 0x5f, 0x00, 0x67,
  0x00, 0x6f, 0x00, 0x77, 0x00, 0x7f, 0x00, 0x87, 0x00, 0x8f, 0x00, 0x00,
  0x36, 0x34, 0x36, 0x32, 0x16, 0x14, 0x06, 0x22, 0x36, 0x34, 0x36, 0x32,
  0x16, 0x14, 0x06, 0x22, 0x36, 0x34, 0x36, 0x32, 0x16, 0x14, 0x06, 0x22,
  0x24, 0x34, 0x36, 0x32, 0x16, 0x14, 0x06, 0x22, 0x24, 0x34, 0x36, 0x32,
  0x16, 0x14, 0x06, 0x22, 0x26, 0x34, 0x36, 0x32, 0x16, 0x14, 0x06, 0x22,
  0x26, 0x34, 0x36, 0x32, 0x16, 0x14, 0x06, 0x22, 0x26, 0x34, 0x36, 0x32,
  0x16, 0x14, 0x06, 0x22, 0x24, 0x34, 0x36, 0x32, 0x16, 0x14, 0x06, 0x22,
  0x26, 0x34, 0x36, 0x32, 0x16, 0x14, 0x06, 0x22, 0x26, 0x34, 0x36, 0x32,
  0x16, 0x14, 0x06, 0x22, 0x04, 0x34, 0x36, 0x32, 0x16, 0x14, 0x06, 0x22,
  0x26, 0x34, 0x36, 0x32, 0x16, 0x14, 0x06, 0x22, 0x26, 0x34, 0x36, 0x32,
  0x16, 0x14, 0x06, 0x22, 0x06, 0x34, 0x36, 0x32, 0x16, 0x14, 0x06, 0x22,
  0x06, 0x34, 0x36, 0x32, 0x16, 0x14, 0x06, 0x22, 0x06, 0x34, 0x36, 0x32,
  0x16, 0x14, 0x06, 0x22, 0x06, 0x34, 0x36, 0x32, 0x16, 0x14, 0x06, 0x22,
  0x6f, 0x21, 0x2e, 0x20, 0x20, 0x2e, 0x4e, 0x21, 0x2e, 0x20, 0x20, 0x2e,
  0x4e, 0x21, 0x2e, 0x20, 0x20, 0x2e, 0xfe, 0x92, 0x21, 0x2e, 0x20, 0x20,
  0x2e, 0x01, 0x9b, 0x21, 0x2e, 0x21, 0x21, 0x2e, 0x21, 0x21, 0x2e, 0x21,
  0x21, 0x2e, 0x21, 0x21, 0x2e, 0x21, 0x21, 0x2e, 0x21, 0x21, 0x2e, 0x21,
  0x21, 0x2e, 0xfe, 0x23, 0x21, 0x2e, 0x20, 0x20, 0x2e, 0x21, 0x21, 0x2e,
  0x20, 0x20, 0x2e, 0x21, 0x21, 0x2e, 0x20, 0x20, 0x2e, 0x01, 0x2c, 0x21,
  0x2e, 0x20, 0x20, 0x2e, 0x90, 0x21, 0x2e, 0x20, 0x20, 0x2e, 0x90, 0x21,
  0x2e, 0x20, 0x20, 0x2e, 0x90, 0x21, 0x2e, 0x20, 0x20, 0x2e, 0x21, 0x21,
  0x2e, 0x20, 0x20, 0x2e, 0x21, 0x21, 0x2e, 0x20, 0x20, 0x2e, 0x21, 0x21,
  0x2e, 0x20, 0x20, 0x2e, 0x20, 0x2e, 0x21, 0x21, 0x2e, 0x20, 0x20, 0x2e,
  0x21, 0x21, 0x2e, 0x20, 0x20, 0x2e, 0x21, 0x21, 0x2e, 0x20, 0x20, 0x2e,
  0x21, 0x21, 0x2e, 0x20, 0x90, 0x2e, 0x20, 0x20, 0x2e, 0x21, 0x90, 0x2e,
  0x20, 0x20, 0x2e, 0x21, 0x90, 0x2e, 0x20, 0x20, 0x2e, 0x21, 0x90, 0x2e,
  0x20, 0x20, 0x2e, 0x21, 0x90, 0x2e, 0x21, 0x21, 0x2e, 0x21, 0x90, 0x2e,
  0x21, 0x21, 0x2e, 0x20, 0x8f, 0x2e, 0x21, 0x21, 0x2e, 0x20, 0xbe, 0x2e,
  0x21, 0x21, 0x2e, 0x21, 0x21, 0x2e, 0x21, 0x21, 0x2e, 0x21, 0x21, 0x2e,
  0x21, 0x21, 0x2e, 0x21, 0x4e, 0x2e, 0x20, 0x20, 0x2e, 0x21, 0x4e, 0x2e,
  0x20, 0x20, 0x2e, 0x21, 0x4e, 0x2e, 0x20, 0x20, 0x2e, 0x21, 0x4e, 0x2e,
  0x20, 0x20, 0x2e, 0x21, 0x00, 0x0c, 0x00, 0x00, 0xff, 0xff, 0x02, 0x2c,
  0x02, 0x9b, 0x00, 0x07, 0x00, 0x0f, 0x00, 0x17, 0x00, 0x1f, 0x00, 0x27,
  0x00, 0x2f, 0x00, 0x37, 0x00, 0x3f, 0x00, 0x47, 0x00, 0x4f, 0x00, 0x57,
  0x00, 0x5f, 0x00, 0x00, 0x3c, 0x01, 0x36, 0x32, 0x16, 0x14, 0x06, 0x22,
  0x16, 0x34, 0x36, 0x32, 0x16, 0x14, 0x06, 0x22, 0x36, 0x34, 0x36, 0x32,
  0x16, 0x14, 0x06, 0x22, 0x36, 0x34, 0x36, 0x32, 0x16, 0x14, 0x06, 0x22,
  0x36, 0x34, 0x36, 0x32, 0x16, 0x14, 0x06, 0x22, 0x24, 0x34, 0x36, 0x32,
  0x16, 0x14, 0x06, 0x22, 0x12, 0x34, 0x36, 0x32, 0x16, 0x14, 0x06, 0x22,
  0x36, 0x34, 0x36, 0x32, 0x16, 0x14, 0x06, 0x22, 0x16, 0x34, 0x36, 0x32,
  0x16, 0x14, 0x06, 0x22, 0x04, 0x34, 0x36, 0x32, 0x16, 0x14, 0x06, 0x22,
  0x26, 0x34, 0x36, 0x32, 0x16, 0x14, 0x06, 0x22, 0x36, 0x34, 0x36, 0x32,
  0x16, 0x14, 0x06, 0x22, 0x21, 0x2e, 0x20, 0x20, 0x2e, 0x4e, 0x21, 0x2e,
  0x20, 0x20, 0x2e, 0x4e, 0x21, 0x2e, 0x20, 0x20, 0x2e, 0x4e, 0x21, 0x2e,
  0x20, 0x20, 0x2e, 0x4e, 0x21, 0x2e, 0x21, 0x21, 0x2e, 0xfe, 0x23, 0x21,
  0x2e, 0x20, 0x20, 0x2e, 0xbd, 0x21, 0x2e, 0x20, 0x20, 0x2e, 0x4e, 0x21,
  0x2e, 0x20, 0x20, 0x2e, 0x4e, 0x21, 0x2e, 0x21, 0x21, 0x2e, 0xfe, 0x23,
  0x21, 0x2e, 0x20, 0x20, 0x2e, 0x21, 0x21, 0x2e, 0x20, 0x20, 0x2e, 0x4e,
  0x21, 0x2e, 0x20, 0x20, 0x2e, 0x90, 0x2e, 0x20, 0x20, 0x2e, 0x21, 0x4f,
  0x2e, 0x21, 0x21, 0x2e, 0x20, 0x20, 0x2e, 0x21, 0x21, 0x2e, 0x20, 0x20,
  0x2e, 0x21, 0x21, 0x2e, 0x20, 0x90, 0x2e, 0x20, 0x20, 0x2e, 0x21, 0x90,
  0x2e, 0x20, 0x20, 0x2e, 0x21, 0x01, 0x6e, 0x2e, 0x21, 0x21, 0x2e, 0x21,
  0x21, 0x2e, 0x21, 0x21, 0x2e, 0x21, 0x4e, 0x2e, 0x20, 0x20, 0x2e, 0x21,
  0x4e, 0x2e, 0x20, 0x20, 0x2e, 0x21, 0x90, 0x2e, 0x20, 0x20, 0x2e, 0x21,
  0x90, 0x2e, 0x21, 0x21, 0x2e, 0x21, 0x00, 0x00, 0x00, 0x12, 0x00, 0x00,
  0xff, 0xff, 0x02, 0x2c, 0x03, 0x79, 0x00, 0x07, 0x00, 0x0f, 0x00, 0x17,
  0x00, 0x1f, 0x00, 0x27, 0x00, 0x2f, 0x00, 0x37, 0x00, 0x3f, 0x00, 0x47,
  0x00, 0x4f, 0x00, 0x57, 0x00, 0x5f, 0x00, 0x67, 0x00, 0x6f, 0x00, 0x77,
  0x00, 0x7f, 0x00, 0x87, 0x00, 0x8f, 0x00, 0x00, 0x36, 0x34, 0x36, 0x32,
  0x16, 0x14, 0x06, 0x22, 0x36, 0x34, 0x36, 0x32, 0x16, 0x14, 0x06, 0x22,
  0x36, 0x34, 0x36, 0x32, 0x16, 0x14, 0x06, 0x22, 0x36, 0x34, 0x36, 0x32,
  0x16, 0x14, 0x06, 0x22, 0x26, 0x34, 0x36, 0x32, 0x16, 0x14, 0x06, 0x22,
  0x26, 0x34, 0x36, 0x32, 0x16, 0x14, 0x06, 0x22, 0x26, 0x34, 0x36, 0x32,
  0x16, 0x14, 0x06, 0x22, 0x26, 0x34, 0x36, 0x32, 0x16, 0x14, 0x06, 0x22,
  0x26, 0x34, 0x36, 0x32, 0x16, 0x14, 0x06, 0x22, 0x26, 0x34, 0x36, 0x32,
  0x16, 0x14, 0x06, 0x22, 0x26, 0x34, 0x36, 0x32, 0x16, 0x14, 0x06, 0x22,
  0x06, 0x34, 0x36, 0x32, 0x16, 0x14, 0x06, 0x22, 0x26, 0x34, 0x36, 0x32,
  0x16, 0x14, 0x06, 0x22, 0x26, 0x34, 0x36, 0x32, 0x16, 0x14, 0x06, 0x22,
  0x06, 0x34, 0x36, 0x32, 0x16, 0x14, 0x06, 0x22, 0x06, 0x34, 0x36, 0x32,
  0x16, 0x14, 0x06, 0x22, 0x06, 0x34, 0x36, 0x32, 0x16, 0x14, 0x06, 0x22,
  0x06, 0x34, 0x36, 0x32, 0x16, 0x14, 0x06, 0x22, 0x6f, 0x21, 0x2e, 0x20,
  0x20, 0x2e, 0x4e, 0x21, 0x2e, 0x20, 0x20, 0x2e, 0x4e, 0x21, 0x2e, 0x20,
  0x20, 0x2e, 0x4e, 0x21, 0x2e, 0x21, 0x21, 0x2e, 0x21, 0x21, 0x2e, 0x21,
  0x21, 0x2e, 0x21, 0x21, 0x2e, 0x21, 0x21, 0x2e, 0x21, 0x21, 0x2e, 0x21,
  0x21, 0x2e, 0x21, 0x21, 0x2e, 0x21, 0x21, 0x2e, 0x21, 0x21, 0x2e, 0x21,
  0x21, 0x2e, 0x21, 0x21, 0x2e, 0x21, 0x21, 0x2e, 0x21, 0x21, 0x2e, 0x21,
  0x21, 0x2e, 0x90, 0x21, 0x2e, 0x20, 0x20, 0x2e, 0x90, 0x21, 0x2e, 0x20,
  0x20, 0x2e, 0x90, 0x21, 0x2e, 0x20, 0x20, 0x2e, 0x90, 0x21, 0x2e, 0x20,
  0x20, 0x2e, 0x21, 0x21, 0x2e, 0x20, 0x20, 0x2e, 0x21, 0x21, 0x2e, 0x20,
  0x20, 0x2e, 0x21, 0x21, 0x2e, 0x20, 0x20, 0x2e, 0x20, 0x2e, 0x21, 0x21,
  0x2e, 0x20, 0x20, 0x2e, 0x21, 0x21, 0x2e, 0x20, 0x20, 0x2e, 0x21, 0x21,
  0x2e, 0x20, 0x20, 0x2e, 0x21, 0x21, 0x2e, 0x20, 0x90, 0x2e, 0x20, 0x20,
  0x2e, 0x21, 0x90, 0x2e, 0x20, 0x20, 0x2e, 0x21, 0x90, 0x2e, 0x20, 0x20,
  0x2e, 0x21, 0x90, 0x2e, 0x20, 0x20, 0x2e, 0x21, 0x90, 0x2e, 0x21, 0x21,
  0x2e, 0x21, 0x90, 0x2e, 0x21, 0x21, 0x2e, 0x20, 0x8f, 0x2e, 0x21, 0x21,
  0x2e, 0x20, 0xbe, 0x2e, 0x21, 0x21, 0x2e, 0x21, 0x21, 0x2e, 0x21, 0x21,
  0x2e, 0x21, 0x21, 0x2e, 0x21, 0x21, 0x2e, 0x21, 0x4e, 0x2e, 0x20, 0x20,
  0x2e, 0x21, 0x4e, 0x2e, 0x20, 0x20, 0x2e, 0x21, 0x4e, 0x2e, 0x20, 0x20,
  0x2e, 0x21, 0x4e, 0x2e, 0x20, 0x20, 0x2e, 0x21, 0x00, 0x10, 0x00, 0x00,
  0xff, 0xff, 0x02, 0x2c, 0x02, 0x9b, 0x00, 0x07, 0x00, 0x0f, 0x00, 0x17,
  0x00, 0x1f, 0x00, 0x27, 0x00, 0x2f, 0x00, 0x37, 0x00, 0x3f, 0x00, 0x47,
  0x00, 0x4f, 0x00, 0x57, 0x00, 0x5f, 0x00, 0x67, 0x00, 0x6f, 0x00, 0x77,
  0x00, 0x7f, 0x00, 0x00, 0x24, 0x34, 0x36, 0x32, 0x16, 0x14, 0x06, 0x22,
  0x36, 0x34, 0x36, 0x32, 0x16, 0x14, 0x06, 0x22, 0x24, 0x34, 0x36, 0x32,
  0x16, 0x14, 0x06, 0x22, 0x26, 0x34, 0x36, 0x32, 0x16, 0x14, 0x06, 0x22,
  0x26, 0x34, 0x36, 0x32, 0x16, 0x14, 0x06, 0x22, 0x26, 0x34, 0x36, 0x32,
  0x16, 0x14, 0x06, 0x22, 0x36, 0x34, 0x36, 0x32, 0x16, 0x14, 0x06, 0x22,
  0x36, 0x34, 0x36, 0x32, 0x16, 0x14, 0x06, 0x22, 0x36, 0x34, 0x36, 0x32,
  0x16, 0x14, 0x06, 0x22, 0x16, 0x34, 0x36, 0x32, 0x16, 0x14, 0x06, 0x22,
  0x06, 0x34, 0x36, 0x32, 0x16, 0x14, 0x06, 0x22, 0x26, 0x34, 0x36, 0x32,
  0x16, 0x14, 0x06, 0x22, 0x26, 0x34, 0x36, 0x32, 0x16, 0x14, 0x06, 0x22,
  0x26, 0x34, 0x36, 0x32, 0x16, 0x14, 0x06, 0x22, 0x02, 0x34, 0x36, 0x32,
  0x16, 0x14, 0x06, 0x22, 0x36, 0x34, 0x36, 0x32, 0x16, 0x14, 0x06, 0x22,
  0x01, 0x4d, 0x21, 0x2e, 0x20, 0x20, 0x2e, 0x4e, 0x21, 0x2e, 0x21, 0x21,
  0x2e, 0xfe, 0x23, 0x21, 0x2e, 0x20, 0x20, 0x2e, 0x21, 0x21, 0x2e, 0x20,
  0x20, 0x2e, 0x21, 0x21, 0x2e, 0x20, 0x20, 0x2e, 0x21, 0x21, 0x2e, 0x20,
  0x20, 0x2e, 0x4e, 0x21, 0x2e, 0x20, 0x20, 0x2e, 0x4e, 0x21, 0x2e, 0x20,
  0x20, 0x2e, 0x4e, 0x21, 0x2e, 0x20, 0x20, 0x2e, 0x4e, 0x21, 0x2e, 0x21,
  0x21, 0x2e, 0x21, 0x21, 0x2e, 0x21, 0x21, 0x2e, 0x90, 0x21, 0x2e, 0x20,
  0x20, 0x2e, 0x90, 0x21, 0x2e, 0x20, 0x20, 0x2e, 0x90, 0x21, 0x2e, 0x20,
  0x20, 0x2e, 0x21, 0x21, 0x2e, 0x20, 0x20, 0x2e, 0x4e, 0x21, 0x2e, 0x20,
  0x20, 0x2e, 0x20, 0x2e, 0x21, 0x21, 0x2e, 0x20, 0x90, 0x2e, 0x20, 0x20,
  0x2e, 0x21, 0x21, 0x2e, 0x20, 0x20, 0x2e, 0x21, 0x90, 0x2e, 0x20, 0x20,
  0x2e, 0x21, 0x90, 0x2e, 0x20, 0x20, 0x2e, 0x21, 0x90, 0x2e, 0x20, 0x20,
  0x2e, 0x21, 0x90, 0x2e, 0x21, 0x21, 0x2e, 0x21, 0x21, 0x2e, 0x21, 0x21,
  0x2e, 0x21, 0x21, 0x2e, 0x21, 0x21, 0x2e, 0x21, 0x4e, 0x2e, 0x20, 0x20,
  0x2e, 0x21, 0x4e, 0x2e, 0x20, 0x20, 0x2e, 0x21, 0x21, 0x2e, 0x20, 0x20,
  0x2e, 0x21, 0x21, 0x2e, 0x20, 0x20, 0x2e, 0x21, 0x21, 0x2e, 0x20, 0x20,
  0x2e, 0x21, 0xfe, 0xd3, 0x2e, 0x21, 0x21, 0x2e, 0x20, 0x20, 0x2e, 0x21,
  0x21, 0x2e, 0x20, 0x00, 0x00, 0x0b, 0x00, 0x00, 0xff, 0xff, 0x01, 0xbd,
  0x03, 0x79, 0x00, 0x07, 0x00, 0x0f, 0x00, 0x17, 0x00, 0x1f, 0x00, 0x27,
  0x00, 0x2f, 0x00, 0x37, 0x00, 0x3f, 0x00, 0x47, 0x00, 0x4f, 0x00, 0x57,
  0x00, 0x00, 0x36, 0x34, 0x36, 0x32, 0x16, 0x14, 0x06, 0x22, 0x26, 0x34,
  0x36, 0x32, 0x16, 0x14, 0x06, 0x22, 0x26, 0x34, 0x36, 0x32, 0x16, 0x14,
  0x06, 0x22, 0x26, 0x34, 0x36, 0x32, 0x16, 0x14, 0x06, 0x22, 0x26, 0x34,
  0x36, 0x32, 0x16, 0x14, 0x06, 0x22, 0x26, 0x34, 0x36, 0x32, 0x16, 0x14,
  0x06, 0x22, 0x26, 0x34, 0x36, 0x32, 0x16, 0x14, 0x06, 0x22, 0x36, 0x34,
  0x36, 0x32, 0x16, 0x14, 0x06, 0x22, 0x36, 0x34, 0x36, 0x32, 0x16, 0x14,
  0x06, 0x22, 0x04, 0x34, 0x36, 0x32, 0x16, 0x14, 0x06, 0x22, 0x36, 0x34,
  0x36, 0x32, 0x16, 0x14, 0x06, 0x22, 0x6f, 0x21, 0x2e, 0x20, 0x20, 0x2e,
  0x21, 0x21, 0x2e, 0x20, 0x20, 0x2e, 0x21, 0x21, 0x2e, 0x20, 0x20, 0x2e,
  0x21, 0x21, 0x2e, 0x20, 0x20, 0x2e, 0x21, 0x21, 0x2e, 0x20, 0x20, 0x2e,
  0x21, 0x21, 0x2e, 0x20, 0x20, 0x2e, 0x21, 0x21, 0x2e, 0x20, 0x20, 0x2e,
  0x4e, 0x21, 0x2e, 0x20, 0x20, 0x2e, 0x4e, 0x21, 0x2e, 0x20, 0x20, 0x2e,
  0xfe, 0x92, 0x21, 0x2e, 0x20, 0x20, 0x2e, 0xbd, 0x21, 0x2e, 0x20, 0x20,
  0x2e, 0x20, 0x2e, 0x21, 0x21, 0x2e, 0x20, 0x90, 0x2e, 0x20, 0x20, 0x2e,
  0x21, 0x90, 0x2e, 0x20, 0x20, 0x2e, 0x21, 0x90, 0x2e, 0x20, 0x20, 0x2e,
  0x21, 0x90, 0x2e, 0x20, 0x20, 0x2e, 0x21, 0x90, 0x2e, 0x21, 0x21, 0x2e,
  0x21, 0x90, 0x2e, 0x21, 0x21, 0x2e, 0x20, 0x8f, 0x2e, 0x21, 0x21, 0x2e,
  0x20, 0x20, 0x2e, 0x21, 0x21, 0x2e, 0x20, 0xbe, 0x2e, 0x21, 0x21, 0x2e,
  0x21, 0x21, 0x2e, 0x21, 0x21, 0x2e, 0x21, 0x00, 0x00, 0x13, 0x00, 0x00,
  0xff, 0x22, 0x02, 0x2b, 0x02, 0x9a, 0x00, 0x07, 0x00, 0x0f, 0x00, 0x17,
  0x00, 0x1f, 0x00, 0x27, 0x00, 0x2f, 0x00, 0x37, 0x00, 0x3f, 0x00, 0x47,
  0x00, 0x4f, 0x00, 0x57, 0x00, 0x5f, 0x00, 0x67, 0x00, 0x6f, 0x00, 0x77,
  0x00, 0x7f, 0x00, 0x87, 0x00, 0x8f, 0x00, 0x97, 0x00, 0x00, 0x36, 0x34,
  0x36, 0x32, 0x16, 0x14, 0x06, 0x22, 0x36, 0x34, 0x36, 0x32, 0x16, 0x14,
  0x06, 0x22, 0x36, 0x34, 0x36, 0x32, 0x16, 0x14, 0x06, 0x22, 0x24, 0x34,
  0x36, 0x32, 0x16, 0x14, 0x06, 0x22, 0x26, 0x34, 0x36, 0x32, 0x16, 0x14,
  0x06, 0x22, 0x26, 0x34, 0x36, 0x32, 0x16, 0x14, 0x06, 0x22, 0x26, 0x34,
  0x36, 0x32, 0x16, 0x14, 0x06, 0x22, 0x36, 0x34, 0x36, 0x32, 0x16, 0x14,
  0x06, 0x22, 0x36, 0x34, 0x36, 0x32, 0x16, 0x14, 0x06, 0x22, 0x36, 0x34,
  0x36, 0x32, 0x16, 0x14, 0x06, 0x22, 0x16, 0x34, 0x36, 0x32, 0x16, 0x14,
  0x06, 0x22, 0x06, 0x34, 0x36, 0x32, 0x16, 0x14, 0x06, 0x22, 0x06, 0x34,
  0x36, 0x32, 0x16, 0x14, 0x06, 0x22, 0x06, 0x34, 0x36, 0x32, 0x16, 0x14,
  0x06, 0x22, 0x06, 0x34, 0x36, 0x32, 0x16, 0x14, 0x06, 0x22, 0x06, 0x34,
  0x36, 0x32, 0x16, 0x14, 0x06, 0x22, 0x06, 0x34, 0x36, 0x32, 0x16, 0x14,
  0x06, 0x22, 0x26, 0x34, 0x36, 0x32, 0x16, 0x14, 0x06, 0x22, 0x26, 0x34,
  0x36, 0x32, 0x16, 0x14, 0x06, 0x22, 0x6f, 0x21, 0x2d, 0x21, 0x21, 0x2d,
  0x4e, 0x21, 0x2d, 0x21, 0x21, 0x2d, 0x4e, 0x21, 0x2d, 0x21, 0x21, 0x2d,
  0xfe, 0x92, 0x21, 0x2d, 0x21, 0x21, 0x2d, 0x21, 0x21, 0x2d, 0x21, 0x21,
  0x2d, 0x21, 0x21, 0x2d, 0x21, 0x21, 0x2d, 0x21, 0x21, 0x2d, 0x21, 0x21,
  0x2d, 0x4e, 0x21, 0x2d, 0x21, 0x21, 0x2d, 0x4e, 0x21, 0x2d, 0x21, 0x21,
  0x2d, 0x4e, 0x21, 0x2d, 0x21, 0x21, 0x2d, 0x4e, 0x21, 0x2d, 0x21, 0x21,
  0x2d, 0x21, 0x21, 0x2d, 0x21, 0x21, 0x2d, 0x21, 0x21, 0x2d, 0x21, 0x21,
  0x2d, 0x21, 0x21, 0x2d, 0x21, 0x21, 0x2d, 0x21, 0x21, 0x2d, 0x21, 0x21,
  0x2d, 0x21, 0x21, 0x2d, 0x21, 0x21, 0x2d, 0x90, 0x21, 0x2d, 0x21, 0x21,
  0x2d, 0x90, 0x21, 0x2d, 0x21, 0x21, 0x2d, 0x90, 0x21, 0x2d, 0x21, 0x21,
  0x2d, 0x21, 0x2d, 0x21, 0x21, 0x2d, 0x21, 0x21, 0x2d, 0x21, 0x21, 0x2d,
  0x21, 0x21, 0x2d, 0x21, 0x21, 0x2d, 0x21, 0x90, 0x2d, 0x21, 0x21, 0x2d,
  0x21, 0x90, 0x2d, 0x21, 0x21, 0x2d, 0x21, 0x90, 0x2d, 0x21, 0x21, 0x2d,
  0x21, 0x90, 0x2d, 0x21, 0x21, 0x2d, 0x21, 0x90, 0x2d, 0x21, 0x21, 0x2d,
  0x21, 0x21, 0x2d, 0x21, 0x21, 0x2d, 0x21, 0x21, 0x2d, 0x21, 0x21, 0x2d,
  0x21, 0x4e, 0x2d, 0x21, 0x21, 0x2d, 0x21, 0x4e, 0x2d, 0x21, 0x21, 0x2d,
  0x21, 0x4e, 0x2d, 0x21, 0x21, 0x2d, 0x21, 0x4e, 0x2d, 0x21, 0x21, 0x2d,
  0x21, 0x4e, 0x2d, 0x21, 0x21, 0x2d, 0x21, 0x4e, 0x2d, 0x21, 0x21, 0x2d,
  0x21, 0x4e, 0x2d, 0x21, 0x21, 0x2d, 0x21, 0x21, 0x2d, 0x21, 0x21, 0x2d,
  0x21, 0x21, 0x2d, 0x21, 0x21, 0x2d, 0x21, 0x00, 0x00, 0x10, 0x00, 0x00,
  0xff, 0xff, 0x02, 0x2c, 0x03, 0x79, 0x00, 0x07, 0x00, 0x0f, 0x00, 0x17,
  0x00, 0x1f, 0x00, 0x27, 0x00, 0x2f, 0x00, 0x37, 0x00, 0x3f, 0x00, 0x47,
  0x00, 0x4f, 0x00, 0x57, 0x00, 0x5f, 0x00, 0x67, 0x00, 0x6f, 0x00, 0x77,
  0x00, 0x7f, 0x00, 0x00, 0x10, 0x34, 0x36, 0x32, 0x16, 0x14, 0x06, 0x22,
  0x06, 0x34, 0x36, 0x32, 0x16, 0x14, 0x06, 0x22, 0x06, 0x34, 0x36, 0x32,
  0x16, 0x14, 0x06, 0x22, 0x06, 0x34, 0x36, 0x32, 0x16, 0x14, 0x06, 0x22,
  0x06, 0x34, 0x36, 0x32, 0x16, 0x14, 0x06, 0x22, 0x06, 0x34, 0x36, 0x32,
  0x16, 0x14, 0x06, 0x22, 0x06, 0x34, 0x36, 0x32, 0x16, 0x14, 0x06, 0x22,
  0x06, 0x34, 0x36, 0x32, 0x16, 0x14, 0x06, 0x22, 0x12, 0x34, 0x36, 0x32,
  0x16, 0x14, 0x06, 0x22, 0x36, 0x34, 0x36, 0x32, 0x16, 0x14, 0x06, 0x22,
  0x36, 0x34, 0x36, 0x32, 0x16, 0x14, 0x06, 0x22, 0x16, 0x34, 0x36, 0x32,
  0x16, 0x14, 0x06, 0x22, 0x06, 0x34, 0x36, 0x32, 0x16, 0x14, 0x06, 0x22,
  0x06, 0x34, 0x36, 0x32, 0x16, 0x14, 0x06, 0x22, 0x06, 0x34, 0x36, 0x32,
  0x16, 0x14, 0x06, 0x22, 0x06, 0x34, 0x36, 0x32, 0x16, 0x14, 0x06, 0x22,
  0x21, 0x2e, 0x20, 0x20, 0x2e, 0x21, 0x21, 0x2e, 0x20, 0x20, 0x2e, 0x21,
  0x21, 0x2e, 0x20, 0x20, 0x2e, 0x21, 0x21, 0x2e, 0x20, 0x20, 0x2e, 0x21,
  0x21, 0x2e, 0x20, 0x20, 0x2e, 0x21, 0x21, 0x2e, 0x20, 0x20, 0x2e, 0x21,
  0x21, 0x2e, 0x20, 0x20, 0x2e, 0x21, 0x21, 0x2e, 0x20, 0x20, 0x2e, 0x4e,
  0x21, 0x2e, 0x20, 0x20, 0x2e, 0x4e, 0x21, 0x2e, 0x20, 0x20, 0x2e, 0x4e,
  0x21, 0x2e, 0x20, 0x20, 0x2e, 0x4e, 0x21, 0x2e, 0x21, 0x21, 0x2e, 0x21,
  0x21, 0x2e, 0x21, 0x21, 0x2e, 0x21, 0x21, 0x2e, 0x21, 0x21, 0x2e, 0x21,
  0x21, 0x2e, 0x21, 0x21, 0x2e, 0x21, 0x21, 0x2e, 0x21, 0x21, 0x2e, 0x03,
  0x2a, 0x2e, 0x21, 0x21, 0x2e, 0x20, 0x4f, 0x2e, 0x21, 0x21, 0x2e, 0x20,
  0x4f, 0x2e, 0x21, 0x21, 0x2e, 0x21, 0x4e, 0x2e, 0x20, 0x20, 0x2e, 0x21,
  0x4e, 0x2e, 0x20, 0x20, 0x2e, 0x21, 0x4e, 0x2e, 0x20, 0x20, 0x2e, 0x21,
  0x4e, 0x2e, 0x20, 0x20, 0x2e, 0x21, 0x4f, 0x2e, 0x21, 0x21, 0x2e, 0x20,
  0x02, 0x4c, 0x2e, 0x21, 0x21, 0x2e, 0x21, 0x21, 0x2e, 0x21, 0x21, 0x2e,
  0x21, 0x21, 0x2e, 0x21, 0x21, 0x2e, 0x21, 0x4e, 0x2e, 0x20, 0x20, 0x2e,
  0x21, 0x4e, 0x2e, 0x20, 0x20, 0x2e, 0x21, 0x4e, 0x2e, 0x20, 0x20, 0x2e,
  0x21, 0x4e, 0x2e, 0x20, 0x20, 0x2e, 0x21, 0x4f, 0x2e, 0x21, 0x21, 0x2e,
  0x20, 0x00, 0x00, 0x00, 0x00, 0x07, 0x00, 0x00, 0xff, 0xff, 0x00, 0x70,
  0x03, 0x79, 0x00, 0x07, 0x00, 0x0f, 0x00, 0x17, 0x00, 0x1f, 0x00, 0x27,
  0x00, 0x2f, 0x00, 0x37, 0x00, 0x00, 0x3c, 0x01, 0x36, 0x32, 0x16, 0x14,
  0x06, 0x22, 0x26, 0x34, 0x36, 0x32, 0x16, 0x14, 0x06, 0x22, 0x26, 0x34,
  0x36, 0x32, 0x16, 0x14, 0x06, 0x22, 0x26, 0x34, 0x36, 0x32, 0x16, 0x14,
  0x06, 0x22, 0x26, 0x34, 0x36, 0x32, 0x16, 0x14, 0x06, 0x22, 0x26, 0x34,
  0x36, 0x32, 0x16, 0x14, 0x06, 0x22, 0x02, 0x34, 0x36, 0x32, 0x16, 0x14,
  0x06, 0x22, 0x21, 0x2e, 0x20, 0x20, 0x2e, 0x21, 0x21, 0x2e, 0x20, 0x20,
  0x2e, 0x21, 0x21, 0x2e, 0x20, 0x20, 0x2e, 0x21, 0x21, 0x2e, 0x20, 0x20,
  0x2e, 0x21, 0x21, 0x2e, 0x20, 0x20, 0x2e, 0x21, 0x21, 0x2e, 0x20, 0x20,
  0x2e, 0x21, 0x21, 0x2e, 0x20, 0x20, 0x2e, 0x20, 0x2e, 0x21, 0x21, 0x2e,
  0x20, 0x90, 0x2e, 0x20, 0x20, 0x2e, 0x21, 0x90, 0x2e, 0x20, 0x20, 0x2e,
  0x21, 0x90, 0x2e, 0x20, 0x20, 0x2e, 0x21, 0x90, 0x2e, 0x20, 0x20, 0x2e,
  0x21, 0x90, 0x2e, 0x21, 0x21, 0x2e, 0x21, 0x00, 0xff, 0x2e, 0x21, 0x21,
  0x2e, 0x20, 0x00, 0x00, 0x00, 0x0a, 0x00, 0x00, 0xff, 0x22, 0x01, 0x4e,
  0x03, 0x78, 0x00, 0x07, 0x00, 0x0f, 0x00, 0x17, 0x00, 0x1f, 0x00, 0x27,
  0x00, 0x2f, 0x00, 0x37, 0x00, 0x3f, 0x00, 0x47, 0x00, 0x4f, 0x00, 0x00,
  0x36, 0x34, 0x36, 0x32, 0x16, 0x14, 0x06, 0x22, 0x06, 0x34, 0x36, 0x32,
  0x16, 0x14, 0x06, 0x22, 0x06, 0x34, 0x36, 0x32, 0x16, 0x14, 0x06, 0x22,
  0x26, 0x34, 0x36, 0x32, 0x16, 0x14, 0x06, 0x22, 0x12, 0x34, 0x36, 0x32,
  0x16, 0x14, 0x06, 0x22, 0x26, 0x34, 0x36, 0x32, 0x16, 0x14, 0x06, 0x22,
  0x26, 0x34, 0x36, 0x32, 0x16, 0x14, 0x06, 0x22, 0x26, 0x34, 0x36, 0x32,
  0x16, 0x14, 0x06, 0x22, 0x26, 0x34, 0x36, 0x32, 0x16, 0x14, 0x06, 0x22,
  0x02, 0x34, 0x36, 0x32, 0x16, 0x14, 0x06, 0x22, 0xde, 0x21, 0x2e, 0x21,
  0x21, 0x2e, 0x21, 0x21, 0x2e, 0x21, 0x21, 0x2e, 0x8f, 0x20, 0x2e, 0x20,
  0x20, 0x2e, 0x90, 0x21, 0x2e, 0x21, 0x21, 0x2e, 0xbd, 0x21, 0x2e, 0x21,
  0x21, 0x2e, 0x21, 0x21, 0x2e, 0x21, 0x21, 0x2e, 0x21, 0x21, 0x2e, 0x21,
  0x21, 0x2e, 0x21, 0x21, 0x2e, 0x21, 0x21, 0x2e, 0x21, 0x21, 0x2e, 0x21,
  0x21, 0x2e, 0x21, 0x21, 0x2e, 0x21, 0x21, 0x2e, 0x21, 0x2d, 0x21, 0x21,
  0x2d, 0x21, 0x4e, 0x2d, 0x21, 0x21, 0x2d, 0x21, 0x4e, 0x2d, 0x21, 0x21,
  0x2d, 0x21, 0x21, 0x2d, 0x21, 0x21, 0x2d, 0x21, 0x01, 0x6e, 0x2d, 0x21,
  0x21, 0x2d, 0x21, 0x90, 0x2d, 0x21, 0x21, 0x2d, 0x21, 0x90, 0x2d, 0x21,
  0x21, 0x2d, 0x21, 0x90, 0x2d, 0x21, 0x21, 0x2d, 0x21, 0x90, 0x2d, 0x21,
  0x21, 0x2d, 0x21, 0x00, 0xff, 0x2d, 0x21, 0x21, 0x2d, 0x21, 0x00, 0x00,
  0x00, 0x0e, 0x00, 0x00, 0xff, 0xff, 0x02, 0x2c, 0x03, 0x79, 0x00, 0x07,
  0x00, 0x0f, 0x00, 0x17, 0x00, 0x1f, 0x00, 0x27, 0x00, 0x2f, 0x00, 0x37,
  0x00, 0x3f, 0x00, 0x47, 0x00, 0x4f, 0x00, 0x57, 0x00, 0x5f, 0x00, 0x67,
  0x00, 0x6f, 0x00, 0x00, 0x10, 0x34, 0x36, 0x32, 0x16, 0x14, 0x06, 0x22,
  0x06, 0x34, 0x36, 0x32, 0x16, 0x14, 0x06, 0x22, 0x06, 0x34, 0x36, 0x32,
  0x16, 0x14, 0x06, 0x22, 0x06, 0x34, 0x36, 0x32, 0x16, 0x14, 0x06, 0x22,
  0x06, 0x34, 0x36, 0x32, 0x16, 0x14, 0x06, 0x22, 0x06, 0x34, 0x36, 0x32,
  0x16, 0x14, 0x06, 0x22, 0x06, 0x34, 0x36, 0x32, 0x16, 0x14, 0x06, 0x22,
  0x06, 0x34, 0x36, 0x32, 0x16, 0x14, 0x06, 0x22, 0x12, 0x34, 0x36, 0x32,
  0x16, 0x14, 0x06, 0x22, 0x36, 0x34, 0x36, 0x32, 0x16, 0x14, 0x06, 0x22,
  0x36, 0x34, 0x36, 0x32, 0x16, 0x14, 0x06, 0x22, 0x02, 0x34, 0x36, 0x32,
  0x16, 0x14, 0x06, 0x22, 0x16, 0x34, 0x36, 0x32, 0x16, 0x14, 0x06, 0x22,
  0x16, 0x34, 0x36, 0x32, 0x16, 0x14, 0x06, 0x22, 0x21, 0x2e, 0x20, 0x20,
  0x2e, 0x21, 0x21, 0x2e, 0x20, 0x20, 0x2e, 0x21, 0x21, 0x2e, 0x20, 0x20,
  0x2e, 0x21, 0x21, 0x2e, 0x20, 0x20, 0x2e, 0x21, 0x21, 0x2e, 0x20, 0x20,
  0x2e, 0x21, 0x21, 0x2e, 0x20, 0x20, 0x2e, 0x21, 0x21, 0x2e, 0x20, 0x20,
  0x2e, 0x21, 0x21, 0x2e, 0x20, 0x20, 0x2e, 0x4e, 0x21, 0x2e, 0x20, 0x20,
  0x2e, 0x4e, 0x21, 0x2e, 0x20, 0x20, 0x2e, 0x4e, 0x21, 0x2e, 0x20, 0x20,
  0x2e, 0x90, 0x21, 0x2e, 0x20, 0x20, 0x2e, 0x4e, 0x21, 0x2e, 0x20, 0x20,
  0x2e, 0x4e, 0x21, 0x2e, 0x21, 0x21, 0x2e, 0x03, 0x2a, 0x2e, 0x21, 0x21,
  0x2e, 0x20, 0x4f, 0x2e, 0x21, 0x21, 0x2e, 0x20, 0x4f, 0x2e, 0x21, 0x21,
  0x2e, 0x21, 0x4e, 0x2e, 0x20, 0x20, 0x2e, 0x21, 0x4e, 0x2e, 0x20, 0x20,
  0x2e, 0x21, 0x4e, 0x2e, 0x20, 0x20, 0x2e, 0x21, 0x4e, 0x2e, 0x20, 0x20,
  0x2e, 0x21, 0x4f, 0x2e, 0x21, 0x21, 0x2e, 0x20, 0x01, 0x6e, 0x2e, 0x20,
  0x20, 0x2e, 0x21, 0x90, 0x2e, 0x20, 0x20, 0x2e, 0x21, 0x90, 0x2e, 0x21,
  0x21, 0x2e, 0x21, 0xfe, 0xd4, 0x2e, 0x20, 0x20, 0x2e, 0x21, 0x4e, 0x2e,
  0x20, 0x20, 0x2e, 0x21, 0x4f, 0x2e, 0x21, 0x21, 0x2e, 0x20, 0x00, 0x00,
  0x00, 0x09, 0x00, 0x00, 0x00, 0x00, 0x01, 0x4e, 0x03, 0x79, 0x00, 0x07,
  0x00, 0x0f, 0x00, 0x17, 0x00, 0x1f, 0x00, 0x27, 0x00, 0x2f, 0x00, 0x37,
  0x00, 0x3f, 0x00, 0x47, 0x00, 0x00, 0x10, 0x34, 0x36, 0x32, 0x16, 0x14,
  0x06, 0x22, 0x06, 0x34, 0x36, 0x32, 0x16, 0x14, 0x06, 0x22, 0x06, 0x34,
  0x36, 0x32, 0x16, 0x14, 0x06, 0x22, 0x06, 0x34, 0x36, 0x32, 0x16, 0x14,
  0x06, 0x22, 0x06, 0x34, 0x36, 0x32, 0x16, 0x14, 0x06, 0x22, 0x06, 0x34,
  0x36, 0x32, 0x16, 0x14, 0x06, 0x22, 0x06, 0x34, 0x36, 0x32, 0x16, 0x14,
  0x06, 0x22, 0x16, 0x34, 0x36, 0x32, 0x16, 0x14, 0x06, 0x22, 0x36, 0x34,
  0x36, 0x32, 0x16, 0x14, 0x06, 0x22, 0x21, 0x2e, 0x20, 0x20, 0x2e, 0x21,
  0x21, 0x2e, 0x20, 0x20, 0x2e, 0x21, 0x21, 0x2e, 0x20, 0x20, 0x2e, 0x21,
  0x21, 0x2e, 0x20, 0x20, 0x2e, 0x21, 0x21, 0x2e, 0x20, 0x20, 0x2e, 0x21,
  0x21, 0x2e, 0x20, 0x20, 0x2e, 0x21, 0x21, 0x2e, 0x20, 0x20, 0x2e, 0x4e,
  0x21, 0x2e, 0x20, 0x20, 0x2e, 0x4e, 0x21, 0x2e, 0x20, 0x20, 0x2e, 0x03,
  0x2a, 0x2e, 0x21, 0x21, 0x2e, 0x20, 0x4f, 0x2e, 0x21, 0x21, 0x2e, 0x20,
  0x4f, 0x2e, 0x21, 0x21, 0x2e, 0x20, 0x4f, 0x2e, 0x21, 0x21, 0x2e, 0x20,
  0x4f, 0x2e, 0x21, 0x21, 0x2e, 0x21, 0x4e, 0x2e, 0x20, 0x20, 0x2e, 0x21,
  0x4e, 0x2e, 0x20, 0x20, 0x2e, 0x21, 0x4e, 0x2e, 0x20, 0x20, 0x2e, 0x21,
  0x21, 0x2e, 0x20, 0x20, 0x2e, 0x21, 0x00, 0x00, 0x00, 0x14, 0x00, 0x00,
  0xff, 0xff, 0x03, 0x0a, 0x02, 0x9b, 0x00, 0x07, 0x00, 0x0f, 0x00, 0x17,
  0x00, 0x1f, 0x00, 0x27, 0x00, 0x2f, 0x00, 0x37, 0x00, 0x3f, 0x00, 0x47,
  0x00, 0x4f, 0x00, 0x57, 0x00, 0x5f, 0x00, 0x67, 0x00, 0x6f, 0x00, 0x77,
  0x00, 0x7f, 0x00, 0x87, 0x00, 0x8f, 0x00, 0x97, 0x00, 0x9f, 0x00, 0x00,
  0x3c, 0x01, 0x36, 0x32, 0x16, 0x14, 0x06, 0x22, 0x26, 0x34, 0x36, 0x32,
  0x16, 0x14, 0x06, 0x22, 0x26, 0x34, 0x36, 0x32, 0x16, 0x14, 0x06, 0x22,
  0x26, 0x34, 0x36, 0x32, 0x16, 0x14, 0x06, 0x22, 0x26, 0x34, 0x36, 0x32,
  0x16, 0x14, 0x06, 0x22, 0x26, 0x34, 0x36, 0x32, 0x16, 0x14, 0x06, 0x22,
  0x36, 0x34, 0x36, 0x32, 0x16, 0x14, 0x06, 0x22, 0x36, 0x34, 0x36, 0x32,
  0x16, 0x14, 0x06, 0x22, 0x36, 0x34, 0x36, 0x32, 0x16, 0x14, 0x06, 0x22,
  0x36, 0x34, 0x36, 0x32, 0x16, 0x14, 0x06, 0x22, 0x16, 0x34, 0x36, 0x32,
  0x16, 0x14, 0x06, 0x22, 0x24, 0x34, 0x36, 0x32, 0x16, 0x14, 0x06, 0x22,
  0x06, 0x34, 0x36, 0x32, 0x16, 0x14, 0x06, 0x22, 0x06, 0x34, 0x36, 0x32,
  0x16, 0x14, 0x06, 0x22, 0x06, 0x34, 0x36, 0x32, 0x16, 0x14, 0x06, 0x22,
  0x06, 0x34, 0x36, 0x32, 0x16, 0x14, 0x06, 0x22, 0x24, 0x34, 0x36, 0x32,
  0x16, 0x14, 0x06, 0x22, 0x26, 0x34, 0x36, 0x32, 0x16, 0x14, 0x06, 0x22,
  0x26, 0x34, 0x36, 0x32, 0x16, 0x14, 0x06, 0x22, 0x26, 0x34, 0x36, 0x32,
  0x16, 0x14, 0x06, 0x22, 0x21, 0x2e, 0x20, 0x20, 0x2e, 0x21, 0x21, 0x2e,
  0x20, 0x20, 0x2e, 0x21, 0x21, 0x2e, 0x20, 0x20, 0x2e, 0x21, 0x21, 0x2e,
  0x20, 0x20, 0x2e, 0x21, 0x21, 0x2e, 0x20, 0x20, 0x2e, 0x21, 0x21, 0x2e,
  0x20, 0x20, 0x2e, 0x4e, 0x21, 0x2e, 0x20, 0x20, 0x2e, 0x4e, 0x21, 0x2e,
  0x20, 0x20, 0x2e, 0xbd, 0x21, 0x2e, 0x21, 0x21, 0x2e, 0x4f, 0x20, 0x2e,
  0x21, 0x21, 0x2e, 0x4f, 0x20, 0x2e, 0x21, 0x21, 0x2e, 0xfe, 0x92, 0x21,
  0x2e, 0x20, 0x20, 0x2e, 0x21, 0x21, 0x2e, 0x20, 0x20, 0x2e, 0x21, 0x21,
  0x2e, 0x20, 0x20, 0x2e, 0x21, 0x21, 0x2e, 0x20, 0x20, 0x2e, 0x21, 0x21,
  0x2e, 0x20, 0x20, 0x2e, 0x01, 0x2d, 0x20, 0x2e, 0x21, 0x21, 0x2e, 0x20,
  0x20, 0x2e, 0x21, 0x21, 0x2e, 0x20, 0x20, 0x2e, 0x21, 0x21, 0x2e, 0x20,
  0x20, 0x2e, 0x21, 0x21, 0x2e, 0x20, 0x2e, 0x21, 0x21, 0x2e, 0x20, 0x90,
  0x2e, 0x20, 0x20, 0x2e, 0x21, 0x90, 0x2e, 0x20, 0x20, 0x2e, 0x21, 0x90,
  0x2e, 0x20, 0x20, 0x2e, 0x21, 0x90, 0x2e, 0x20, 0x20, 0x2e, 0x21, 0x90,
  0x2e, 0x21, 0x21, 0x2e, 0x21, 0x21, 0x2e, 0x21, 0x21, 0x2e, 0x21, 0x21,
  0x2e, 0x21, 0x21, 0x2e, 0x21, 0x21, 0x2e, 0x21, 0x21, 0x2e, 0x21, 0x21,
  0x2e, 0x21, 0x21, 0x2e, 0x21, 0x4e, 0x2e, 0x20, 0x20, 0x2e, 0x21, 0x21,
  0x2e, 0x20, 0x20, 0x2e, 0x21, 0x4e, 0x2e, 0x20, 0x20, 0x2e, 0x21, 0x4e,
  0x2e, 0x20, 0x20, 0x2e, 0x21, 0x4e, 0x2e, 0x20, 0x20, 0x2e, 0x21, 0x4f,
  0x2e, 0x21, 0x21, 0x2e, 0x20, 0x20, 0x2e, 0x21, 0x21, 0x2e, 0x20, 0x90,
  0x2e, 0x20, 0x20, 0x2e, 0x21, 0x90, 0x2e, 0x20, 0x20, 0x2e, 0x21, 0x90,
  0x2e, 0x20, 0x20, 0x2e, 0x21, 0x00, 0x00, 0x00, 0x00, 0x0e, 0x00, 0x00,
  0xff, 0xff, 0x02, 0x2c, 0x02, 0x9b, 0x00, 0x07, 0x00, 0x0f, 0x00, 0x17,
  0x00, 0x1f, 0x00, 0x27, 0x00, 0x2f, 0x00, 0x37, 0x00, 0x3f, 0x00, 0x47,
  0x00, 0x4f, 0x00, 0x57, 0x00, 0x5f, 0x00, 0x67, 0x00, 0x6f, 0x00, 0x00,
  0x3c, 0x01, 0x36, 0x32, 0x16, 0x14, 0x06, 0x22, 0x26, 0x34, 0x36, 0x32,
  0x16, 0x14, 0x06, 0x22, 0x26, 0x34, 0x36, 0x32, 0x16, 0x14, 0x06, 0x22,
  0x26, 0x34, 0x36, 0x32, 0x16, 0x14, 0x06, 0x22, 0x26, 0x34, 0x36, 0x32,
  0x16, 0x14, 0x06, 0x22, 0x26, 0x34, 0x36, 0x32, 0x16, 0x14, 0x06, 0x22,
  0x36, 0x34, 0x36, 0x32, 0x16, 0x14, 0x06, 0x22, 0x36, 0x34, 0x36, 0x32,
  0x16, 0x14, 0x06, 0x22, 0x36, 0x34, 0x36, 0x32, 0x16, 0x14, 0x06, 0x22,
  0x16, 0x34, 0x36, 0x32, 0x16, 0x14, 0x06, 0x22, 0x06, 0x34, 0x36, 0x32,
  0x16, 0x14, 0x06, 0x22, 0x06, 0x34, 0x36, 0x32, 0x16, 0x14, 0x06, 0x22,
  0x06, 0x34, 0x36, 0x32, 0x16, 0x14, 0x06, 0x22, 0x06, 0x34, 0x36, 0x32,
  0x16, 0x14, 0x06, 0x22, 0x21, 0x2e, 0x20, 0x20, 0x2e, 0x21, 0x21, 0x2e,
  0x20, 0x20, 0x2e, 0x21, 0x21, 0x2e, 0x20, 0x20, 0x2e, 0x21, 0x21, 0x2e,
  0x20, 0x20, 0x2e, 0x21, 0x21, 0x2e, 0x20, 0x20, 0x2e, 0x21, 0x21, 0x2e,
  0x20, 0x20, 0x2e, 0x4e, 0x21, 0x2e, 0x20, 0x20, 0x2e, 0x4e, 0x21, 0x2e,
  0x20, 0x20, 0x2e, 0x4e, 0x21, 0x2e, 0x20, 0x20, 0x2e, 0x4e, 0x21, 0x2e,
  0x21, 0x21, 0x2e, 0x21, 0x21, 0x2e, 0x21, 0x21, 0x2e, 0x21, 0x21, 0x2e,
  0x21, 0x21, 0x2e, 0x21, 0x21, 0x2e, 0x21, 0x21, 0x2e, 0x21, 0x21, 0x2e,
  0x21, 0x21, 0x2e, 0x20, 0x2e, 0x21, 0x21, 0x2e, 0x20, 0x90, 0x2e, 0x20,
  0x20, 0x2e, 0x21, 0x90, 0x2e, 0x20, 0x20, 0x2e, 0x21, 0x90, 0x2e, 0x20,
  0x20, 0x2e, 0x21, 0x90, 0x2e, 0x20, 0x20, 0x2e, 0x21, 0x90, 0x2e, 0x21,
  0x21, 0x2e, 0x21, 0x21, 0x2e, 0x21, 0x21, 0x2e, 0x21, 0x21, 0x2e, 0x21,
  0x21, 0x2e, 0x21, 0x21, 0x2e, 0x21, 0x21, 0x2e, 0x21, 0x4e, 0x2e, 0x20,
  0x20, 0x2e, 0x21, 0x4e, 0x2e, 0x20, 0x20, 0x2e, 0x21, 0x4e, 0x2e, 0x20,
  0x20, 0x2e, 0x21, 0x4e, 0x2e, 0x20, 0x20, 0x2e, 0x21, 0x4f, 0x2e, 0x21,
  0x21, 0x2e, 0x20, 0x00, 0x00, 0x0e, 0x00, 0x00, 0xff, 0xff, 0x02, 0x2c,
  0x02, 0x9b, 0x00, 0x07, 0x00, 0x0f, 0x00, 0x17, 0x00, 0x1f, 0x00, 0x27,
  0x00, 0x2f, 0x00, 0x37, 0x00, 0x3f, 0x00, 0x47, 0x00, 0x4f, 0x00, 0x57,
  0x00, 0x5f, 0x00, 0x67, 0x00, 0x6f, 0x00, 0x00, 0x36, 0x34, 0x36, 0x32,
  0x16, 0x14, 0x06, 0x22, 0x36, 0x34, 0x36, 0x32, 0x16, 0x14, 0x06, 0x22,
  0x36, 0x34, 0x36, 0x32, 0x16, 0x14, 0x06, 0x22, 0x24, 0x34, 0x36, 0x32,
  0x16, 0x14, 0x06, 0x22, 0x26, 0x34, 0x36, 0x32, 0x16, 0x14, 0x06, 0x22,
  0x26, 0x34, 0x36, 0x32, 0x16, 0x14, 0x06, 0x22, 0x26, 0x34, 0x36, 0x32,
  0x16, 0x14, 0x06, 0x22, 0x36, 0x34, 0x36, 0x32, 0x16, 0x14, 0x06, 0x22,
  0x36, 0x34, 0x36, 0x32, 0x16, 0x14, 0x06, 0x22, 0x36, 0x34, 0x36, 0x32,
  0x16, 0x14, 0x06, 0x22, 0x16, 0x34, 0x36, 0x32, 0x16, 0x14, 0x06, 0x22,
  0x06, 0x34, 0x36, 0x32, 0x16, 0x14, 0x06, 0x22, 0x06, 0x34, 0x36, 0x32,
  0x16, 0x14, 0x06, 0x22, 0x06, 0x34, 0x36, 0x32, 0x16, 0x14, 0x06, 0x22,
  0x6f, 0x21, 0x2e, 0x20, 0x20, 0x2e, 0x4e, 0x21, 0x2e, 0x20, 0x20, 0x2e,
  0x4e, 0x21, 0x2e, 0x20, 0x20, 0x2e, 0xfe, 0x92, 0x21, 0x2e, 0x20, 0x20,
  0x2e, 0x21, 0x21, 0x2e, 0x20, 0x20, 0x2e, 0x21, 0x21, 0x2e, 0x20, 0x20,
  0x2e, 0x21, 0x21, 0x2e, 0x20, 0x20, 0x2e, 0x4e, 0x21, 0x2e, 0x20, 0x20,
  0x2e, 0x4e, 0x21, 0x2e, 0x20, 0x20, 0x2e, 0x4e, 0x21, 0x2e, 0x20, 0x20,
  0x2e, 0x4e, 0x21, 0x2e, 0x21, 0x21, 0x2e, 0x21, 0x21, 0x2e, 0x21, 0x21,
  0x2e, 0x21, 0x21, 0x2e, 0x21, 0x21, 0x2e, 0x21, 0x21, 0x2e, 0x21, 0x21,
  0x2e, 0x20, 0x2e, 0x21, 0x21, 0x2e, 0x20, 0x20, 0x2e, 0x21, 0x21, 0x2e,
  0x20, 0x20, 0x2e, 0x21, 0x21, 0x2e, 0x20, 0x90, 0x2e, 0x20, 0x20, 0x2e,
  0x21, 0x90, 0x2e, 0x20, 0x20, 0x2e, 0x21, 0x90, 0x2e, 0x20, 0x20, 0x2e,
  0x21, 0x90, 0x2e, 0x20, 0x20, 0x2e, 0x21, 0x90, 0x2e, 0x21, 0x21, 0x2e,
  0x21, 0x21, 0x2e, 0x21, 0x21, 0x2e, 0x21, 0x21, 0x2e, 0x21, 0x21, 0x2e,
  0x21, 0x4e, 0x2e, 0x20, 0x20, 0x2e, 0x21, 0x4e, 0x2e, 0x20, 0x20, 0x2e,
  0x21, 0x4e, 0x2e, 0x20, 0x20, 0x2e, 0x21, 0x4e, 0x2e, 0x20, 0x20, 0x2e,
  0x21, 0x00, 0x00, 0x00, 0x00, 0x12, 0x00, 0x00, 0xff, 0x22, 0x02, 0x2b,
  0x02, 0x9a, 0x00, 0x07, 0x00, 0x0f, 0x00, 0x17, 0x00, 0x1f, 0x00, 0x27,
  0x00, 0x2f, 0x00, 0x37, 0x00, 0x3f, 0x00, 0x47, 0x00, 0x4f, 0x00, 0x57,
  0x00, 0x5f, 0x00, 0x67, 0x00, 0x6f, 0x00, 0x77, 0x00, 0x7f, 0x00, 0x87,
  0x00, 0x8f, 0x00, 0x00, 0x10, 0x34, 0x36, 0x32, 0x16, 0x14, 0x06, 0x22,
  0x36, 0x34, 0x36, 0x32, 0x16, 0x14, 0x06, 0x22, 0x36, 0x34, 0x36, 0x32,
  0x16, 0x14, 0x06, 0x22, 0x36, 0x34, 0x36, 0x32, 0x16, 0x14, 0x06, 0x22,
  0x16, 0x34, 0x36, 0x32, 0x16, 0x14, 0x06, 0x22, 0x06, 0x34, 0x36, 0x32,
  0x16, 0x14, 0x06, 0x22, 0x06, 0x34, 0x36, 0x32, 0x16, 0x14, 0x06, 0x22,
  0x06, 0x34, 0x36, 0x32, 0x16, 0x14, 0x06, 0x22, 0x06, 0x34, 0x36, 0x32,
  0x16, 0x14, 0x06, 0x22, 0x26, 0x34, 0x36, 0x32, 0x16, 0x14, 0x06, 0x22,
  0x26, 0x34, 0x36, 0x32, 0x16, 0x14, 0x06, 0x22, 0x26, 0x34, 0x36, 0x32,
  0x16, 0x14, 0x06, 0x22, 0x06, 0x34, 0x36, 0x32, 0x16, 0x14, 0x06, 0x22,
  0x06, 0x34, 0x36, 0x32, 0x16, 0x14, 0x06, 0x22, 0x02, 0x34, 0x36, 0x32,
  0x16, 0x14, 0x06, 0x22, 0x26, 0x34, 0x36, 0x32, 0x16, 0x14, 0x06, 0x22,
  0x26, 0x34, 0x36, 0x32, 0x16, 0x14, 0x06, 0x22, 0x26, 0x34, 0x36, 0x32,
  0x16, 0x14, 0x06, 0x22, 0x21, 0x2d, 0x21, 0x21, 0x2d, 0x4e, 0x21, 0x2d,
  0x21, 0x21, 0x2d, 0x4e, 0x21, 0x2d, 0x21, 0x21, 0x2d, 0x4e, 0x21, 0x2d,
  0x21, 0x21, 0x2d, 0x4e, 0x21, 0x2d, 0x21, 0x21, 0x2d, 0x21, 0x21, 0x2d,
  0x21, 0x21, 0x2d, 0x21, 0x21, 0x2d, 0x21, 0x21, 0x2d, 0x21, 0x21, 0x2d,
  0x21, 0x21, 0x2d, 0x90, 0x21, 0x2d, 0x21, 0x21, 0x2d, 0x90, 0x21, 0x2d,
  0x21, 0x21, 0x2d, 0x90, 0x21, 0x2d, 0x21, 0x21, 0x2d, 0x90, 0x21, 0x2d,
  0x21, 0x21, 0x2d, 0x21, 0x21, 0x2d, 0x21, 0x21, 0x2d, 0x21, 0x21, 0x2d,
  0x21, 0x21, 0x2d, 0x21, 0x21, 0x2d, 0x21, 0x21, 0x2d, 0x21, 0x21, 0x2d,
  0x21, 0x21, 0x2d, 0x21, 0x21, 0x2d, 0x21, 0x21, 0x2d, 0x21, 0x21, 0x2d,
  0x21, 0x21, 0x2d, 0x02, 0x4c, 0x2d, 0x21, 0x21, 0x2d, 0x21, 0x21, 0x2d,
  0x21, 0x21, 0x2d, 0x21, 0x21, 0x2d, 0x21, 0x21, 0x2d, 0x21, 0x21, 0x2d,
  0x21, 0x21, 0x2d, 0x21, 0x4e, 0x2d, 0x21, 0x21, 0x2d, 0x21, 0x4e, 0x2d,
  0x21, 0x21, 0x2d, 0x21, 0x4e, 0x2d, 0x21, 0x21, 0x2d, 0x21, 0x4e, 0x2d,
  0x21, 0x21, 0x2d, 0x21, 0x4e, 0x2d, 0x21, 0x21, 0x2d, 0x21, 0x21, 0x2d,
  0x21, 0x21, 0x2d, 0x21, 0x21, 0x2d, 0x21, 0x21, 0x2d, 0x21, 0x21, 0x2d,
  0x21, 0x21, 0x2d, 0x21, 0x4e, 0x2d, 0x21, 0x21, 0x2d, 0x21, 0x4e, 0x2d,
  0x21, 0x21, 0x2d, 0x21, 0x01, 0x6e, 0x2d, 0x21, 0x21, 0x2d, 0x21, 0x90,
  0x2d, 0x21, 0x21, 0x2d, 0x21, 0x90, 0x2d, 0x21, 0x21, 0x2d, 0x21, 0x90,
  0x2d, 0x21, 0x21, 0x2d, 0x21, 0x00, 0x00, 0x00, 0x00, 0x12, 0x00, 0x00,
  0xff, 0x22, 0x02, 0x2b, 0x02, 0x9a, 0x00, 0x07, 0x00, 0x0f, 0x00, 0x17,
  0x00, 0x1f, 0x00, 0x27, 0x00, 0x2f, 0x00, 0x37, 0x00, 0x3f, 0x00, 0x47,
  0x00, 0x4f, 0x00, 0x57, 0x00, 0x5f, 0x00, 0x67, 0x00, 0x6f, 0x00, 0x77,
  0x00, 0x7f, 0x00, 0x87, 0x00, 0x8f, 0x00, 0x00, 0x10, 0x34, 0x36, 0x32,
  0x16, 0x14, 0x06, 0x22, 0x06, 0x34, 0x36, 0x32, 0x16, 0x14, 0x06, 0x22,
  0x06, 0x34, 0x36, 0x32, 0x16, 0x14, 0x06, 0x22, 0x06, 0x34, 0x36, 0x32,
  0x16, 0x14, 0x06, 0x22, 0x16, 0x34, 0x36, 0x32, 0x16, 0x14, 0x06, 0x22,
  0x36, 0x34, 0x36, 0x32, 0x16, 0x14, 0x06, 0x22, 0x36, 0x34, 0x36, 0x32,
  0x16, 0x14, 0x06, 0x22, 0x36, 0x34, 0x36, 0x32, 0x16, 0x14, 0x06, 0x22,
  0x06, 0x34, 0x36, 0x32, 0x16, 0x14, 0x06, 0x22, 0x06, 0x34, 0x36, 0x32,
  0x16, 0x14, 0x06, 0x22, 0x02, 0x34, 0x36, 0x32, 0x16, 0x14, 0x06, 0x22,
  0x26, 0x34, 0x36, 0x32, 0x16, 0x14, 0x06, 0x22, 0x26, 0x34, 0x36, 0x32,
  0x16, 0x14, 0x06, 0x22, 0x26, 0x34, 0x36, 0x32, 0x16, 0x14, 0x06, 0x22,
  0x26, 0x34, 0x36, 0x32, 0x16, 0x14, 0x06, 0x22, 0x26, 0x34, 0x36, 0x32,
  0x16, 0x14, 0x06, 0x22, 0x26, 0x34, 0x36, 0x32, 0x16, 0x14, 0x06, 0x22,
  0x26, 0x34, 0x36, 0x32, 0x16, 0x14, 0x06, 0x22, 0x21, 0x2d, 0x21, 0x21,
  0x2d, 0x21, 0x21, 0x2d, 0x21, 0x21, 0x2d, 0x21, 0x21, 0x2d, 0x21, 0x21,
  0x2d, 0x21, 0x21, 0x2d, 0x21, 0x21, 0x2d, 0x4e, 0x21, 0x2d, 0x21, 0x21,
  0x2d, 0x4e, 0x21, 0x2d, 0x21, 0x21, 0x2d, 0x4e, 0x21, 0x2d, 0x21, 0x21,
  0x2d, 0x4e, 0x21, 0x2d, 0x21, 0x21, 0x2d, 0x21, 0x21, 0x2d, 0x21, 0x21,
  0x2d, 0x21, 0x21, 0x2d, 0x21, 0x21, 0x2d, 0x21, 0x21, 0x2d, 0x21, 0x21,
  0x2d, 0x21, 0x21, 0x2d, 0x21, 0x21, 0x2d, 0x21, 0x21, 0x2d, 0x21, 0x21,
  0x2d, 0x21, 0x21, 0x2d, 0x21, 0x21, 0x2d, 0x21, 0x21, 0x2d, 0x21, 0x21,
  0x2d, 0x90, 0x21, 0x2d, 0x21, 0x21, 0x2d, 0x90, 0x21, 0x2d, 0x21, 0x21,
  0x2d, 0x90, 0x21, 0x2d, 0x21, 0x21, 0x2d, 0x01, 0xdd, 0x2d, 0x21, 0x21,
  0x2d, 0x21, 0x4e, 0x2d, 0x21, 0x21, 0x2d, 0x21, 0x4e, 0x2d, 0x21, 0x21,
  0x2d, 0x21, 0x4e, 0x2d, 0x21, 0x21, 0x2d, 0x21, 0x4e, 0x2d, 0x21, 0x21,
  0x2d, 0x21, 0x21, 0x2d, 0x21, 0x21, 0x2d, 0x21, 0x21, 0x2d, 0x21, 0x21,
  0x2d, 0x21, 0x21, 0x2d, 0x21, 0x21, 0x2d, 0x21, 0x4e, 0x2d, 0x21, 0x21,
  0x2d, 0x21, 0x4e, 0x2d, 0x21, 0x21, 0x2d, 0x21, 0x01, 0x6e, 0x2d, 0x21,
  0x21, 0x2d, 0x21, 0x90, 0x2d, 0x21, 0x21, 0x2d, 0x21, 0x90, 0x2d, 0x21,
  0x21, 0x2d, 0x21, 0x90, 0x2d, 0x21, 0x21, 0x2d, 0x21, 0x90, 0x2d, 0x21,
  0x21, 0x2d, 0x21, 0x21, 0x2d, 0x21, 0x21, 0x2d, 0x21, 0x21, 0x2d, 0x21,
  0x21, 0x2d, 0x21, 0x21, 0x2d, 0x21, 0x21, 0x2d, 0x21, 0x00, 0x00, 0x00,
  0x00, 0x09, 0x00, 0x00, 0xff, 0xff, 0x01, 0xbd, 0x02, 0x9b, 0x00, 0x07,
  0x00, 0x0f, 0x00, 0x17, 0x00, 0x1f, 0x00, 0x27, 0x00, 0x2f, 0x00, 0x37,
  0x00, 0x3f, 0x00, 0x47, 0x00, 0x00, 0x3c, 0x01, 0x36, 0x32, 0x16, 0x14,
  0x06, 0x22, 0x26, 0x34, 0x36, 0x32, 0x16, 0x14, 0x06, 0x22, 0x26, 0x34,
  0x36, 0x32, 0x16, 0x14, 0x06, 0x22, 0x26, 0x34, 0x36, 0x32, 0x16, 0x14,
  0x06, 0x22, 0x26, 0x34, 0x36, 0x32, 0x16, 0x14, 0x06, 0x22, 0x36, 0x34,
  0x36, 0x32, 0x16, 0x14, 0x06, 0x22, 0x36, 0x34, 0x36, 0x32, 0x16, 0x14,
  0x06, 0x22, 0x36, 0x34, 0x36, 0x32, 0x16, 0x14, 0x06, 0x22, 0x24, 0x34,
  0x36, 0x32, 0x16, 0x14, 0x06, 0x22, 0x21, 0x2e, 0x20, 0x20, 0x2e, 0x21,
  0x21, 0x2e, 0x20, 0x20, 0x2e, 0x21, 0x21, 0x2e, 0x20, 0x20, 0x2e, 0x21,
  0x21, 0x2e, 0x20, 0x20, 0x2e, 0x21, 0x21, 0x2e, 0x20, 0x20, 0x2e, 0x4e,
  0x21, 0x2e, 0x20, 0x20, 0x2e, 0x4e, 0x21, 0x2e, 0x20, 0x20, 0x2e, 0x4e,
  0x21, 0x2e, 0x20, 0x20, 0x2e, 0xfe, 0x92, 0x21, 0x2e, 0x20, 0x20, 0x2e,
  0x20, 0x2e, 0x21, 0x21, 0x2e, 0x20, 0x90, 0x2e, 0x20, 0x20, 0x2e, 0x21,
  0x90, 0x2e, 0x20, 0x20, 0x2e, 0x21, 0x90, 0x2e, 0x20, 0x20, 0x2e, 0x21,
  0x90, 0x2e, 0x20, 0x20, 0x2e, 0x21, 0x21, 0x2e, 0x20, 0x20, 0x2e, 0x21,
  0x90, 0x2e, 0x21, 0x21, 0x2e, 0x21, 0x21, 0x2e, 0x21, 0x21, 0x2e, 0x21,
  0x21, 0x2e, 0x21, 0x21, 0x2e, 0x21, 0x00, 0x00, 0x00, 0x0d, 0x00, 0x00,
  0xff, 0xff, 0x02, 0x2c, 0x02, 0x9b, 0x00, 0x07, 0x00, 0x0f, 0x00, 0x17,
  0x00, 0x1f, 0x00, 0x27, 0x00, 0x2f, 0x00, 0x37, 0x00, 0x3f, 0x00, 0x47,
  0x00, 0x4f, 0x00, 0x57, 0x00, 0x5f, 0x00, 0x67, 0x00, 0x00, 0x12, 0x34,
  0x36, 0x32, 0x16, 0x14, 0x06, 0x22, 0x36, 0x34, 0x36, 0x32, 0x16, 0x14,
  0x06, 0x22, 0x36, 0x34, 0x36, 0x32, 0x16, 0x14, 0x06, 0x22, 0x04, 0x34,
  0x36, 0x32, 0x16, 0x14, 0x06, 0x22, 0x16, 0x34, 0x36, 0x32, 0x16, 0x14,
  0x06, 0x22, 0x36, 0x34, 0x36, 0x32, 0x16, 0x14, 0x06, 0x22, 0x36, 0x34,
  0x36, 0x32, 0x16, 0x14, 0x06, 0x22, 0x16, 0x34, 0x36, 0x32, 0x16, 0x14,
  0x06, 0x22, 0x06, 0x34, 0x36, 0x32, 0x16, 0x14, 0x06, 0x22, 0x06, 0x34,
  0x36, 0x32, 0x16, 0x14, 0x06, 0x22, 0x26, 0x34, 0x36, 0x32, 0x16, 0x14,
  0x06, 0x22, 0x26, 0x34, 0x36, 0x32, 0x16, 0x14, 0x06, 0x22, 0x26, 0x34,
  0x36, 0x32, 0x16, 0x14, 0x06, 0x22, 0x6f, 0x21, 0x2e, 0x20, 0x20, 0x2e,
  0x4e, 0x21, 0x2e, 0x20, 0x20, 0x2e, 0x4e, 0x21, 0x2e, 0x20, 0x20, 0x2e,
  0xfe, 0x92, 0x21, 0x2e, 0x20, 0x20, 0x2e, 0x4e, 0x21, 0x2e, 0x20, 0x20,
  0x2e, 0x4e, 0x21, 0x2e, 0x20, 0x20, 0x2e, 0x4e, 0x21, 0x2e, 0x20, 0x20,
  0x2e, 0x4e, 0x21, 0x2e, 0x21, 0x21, 0x2e, 0x21, 0x21, 0x2e, 0x21, 0x21,
  0x2e, 0x90, 0x21, 0x2e, 0x20, 0x20, 0x2e, 0x90, 0x21, 0x2e, 0x20, 0x20,
  0x2e, 0x90, 0x21, 0x2e, 0x20, 0x20, 0x2e, 0x90, 0x21, 0x2e, 0x20, 0x20,
  0x2e, 0x02, 0x4c, 0x2e, 0x21, 0x21, 0x2e, 0x21, 0x21, 0x2e, 0x21, 0x21,
  0x2e, 0x21, 0x21, 0x2e, 0x21, 0x21, 0x2e, 0x21, 0x4e, 0x2e, 0x20, 0x20,
  0x2e, 0x21, 0x4e, 0x2e, 0x20, 0x20, 0x2e, 0x21, 0x21, 0x2e, 0x20, 0x20,
  0x2e, 0x21, 0x21, 0x2e, 0x20, 0x20, 0x2e, 0x21, 0x4e, 0x2e, 0x20, 0x20,
  0x2e, 0x21, 0x4e, 0x2e, 0x20, 0x20, 0x2e, 0x21, 0x4f, 0x2e, 0x21, 0x21,
  0x2e, 0x20, 0x20, 0x2e, 0x21, 0x21, 0x2e, 0x20, 0x20, 0x2e, 0x21, 0x21,
  0x2e, 0x20, 0x90, 0x2e, 0x20, 0x20, 0x2e, 0x21, 0x00, 0x0c, 0x00, 0x00,
  0xff, 0xff, 0x01, 0xbd, 0x03, 0x79, 0x00, 0x07, 0x00, 0x0f, 0x00, 0x17,
  0x00, 0x1f, 0x00, 0x27, 0x00, 0x2f, 0x00, 0x37, 0x00, 0x3f, 0x00, 0x47,
  0x00, 0x4f, 0x00, 0x57, 0x00, 0x5f, 0x00, 0x00, 0x10, 0x34, 0x36, 0x32,
  0x16, 0x14, 0x06, 0x22, 0x36, 0x34, 0x36, 0x32, 0x16, 0x14, 0x06, 0x22,
  0x26, 0x34, 0x36, 0x32, 0x16, 0x14, 0x06, 0x22, 0x26, 0x34, 0x36, 0x32,
  0x16, 0x14, 0x06, 0x22, 0x16, 0x34, 0x36, 0x32, 0x16, 0x14, 0x06, 0x22,
  0x36, 0x34, 0x36, 0x32, 0x16, 0x14, 0x06, 0x22, 0x06, 0x34, 0x36, 0x32,
  0x16, 0x14, 0x06, 0x22, 0x06, 0x34, 0x36, 0x32, 0x16, 0x14, 0x06, 0x22,
  0x06, 0x34, 0x36, 0x32, 0x16, 0x14, 0x06, 0x22, 0x06, 0x34, 0x36, 0x32,
  0x16, 0x14, 0x06, 0x22, 0x16, 0x34, 0x36, 0x32, 0x16, 0x14, 0x06, 0x22,
  0x36, 0x34, 0x36, 0x32, 0x16, 0x14, 0x06, 0x22, 0x21, 0x2e, 0x20, 0x20,
  0x2e, 0x4e, 0x21, 0x2e, 0x20, 0x20, 0x2e, 0x21, 0x21, 0x2e, 0x20, 0x20,
  0x2e, 0x21, 0x21, 0x2e, 0x20, 0x20, 0x2e, 0x4e, 0x21, 0x2e, 0x20, 0x20,
  0x2e, 0x4e, 0x21, 0x2e, 0x20, 0x20, 0x2e, 0xff, 0x21, 0x2e, 0x20, 0x20,
  0x2e, 0x21, 0x21, 0x2e, 0x20, 0x20, 0x2e, 0x21, 0x21, 0x2e, 0x20, 0x20,
  0x2e, 0x21, 0x21, 0x2e, 0x20, 0x20, 0x2e, 0x4e, 0x21, 0x2e, 0x20, 0x20,
  0x2e, 0x4e, 0x21, 0x2e, 0x20, 0x20, 0x2e, 0x02, 0x4c, 0x2e, 0x21, 0x21,
  0x2e, 0x21, 0x21, 0x2e, 0x21, 0x21, 0x2e, 0x21, 0x90, 0x2e, 0x21, 0x21,
  0x2e, 0x20, 0x8f, 0x2e, 0x21, 0x21, 0x2e, 0x20, 0xbe, 0x2e, 0x21, 0x21,
  0x2e, 0x21, 0x21, 0x2e, 0x21, 0x21, 0x2e, 0x21, 0x4e, 0x2e, 0x20, 0x20,
  0x2e, 0x21, 0x4e, 0x2e, 0x20, 0x20, 0x2e, 0x21, 0x4e, 0x2e, 0x20, 0x20,
  0x2e, 0x21, 0x4e, 0x2e, 0x20, 0x20, 0x2e, 0x21, 0x4f, 0x2e, 0x21, 0x21,
  0x2e, 0x20, 0x20, 0x2e, 0x21, 0x21, 0x2e, 0x20, 0x00, 0x0e, 0x00, 0x00,
  0xff, 0xff, 0x02, 0x2c, 0x02, 0x9b, 0x00, 0x07, 0x00, 0x0f, 0x00, 0x17,
  0x00, 0x1f, 0x00, 0x27, 0x00, 0x2f, 0x00, 0x37, 0x00, 0x3f, 0x00, 0x47,
  0x00, 0x4f, 0x00, 0x57, 0x00, 0x5f, 0x00, 0x67, 0x00, 0x6f, 0x00, 0x00,
  0x10, 0x34, 0x36, 0x32, 0x16, 0x14, 0x06, 0x22, 0x06, 0x34, 0x36, 0x32,
  0x16, 0x14, 0x06, 0x22, 0x06, 0x34, 0x36, 0x32, 0x16, 0x14, 0x06, 0x22,
  0x06, 0x34, 0x36, 0x32, 0x16, 0x14, 0x06, 0x22, 0x06, 0x34, 0x36, 0x32,
  0x16, 0x14, 0x06, 0x22, 0x04, 0x34, 0x36, 0x32, 0x16, 0x14, 0x06, 0x22,
  0x26, 0x34, 0x36, 0x32, 0x16, 0x14, 0x06, 0x22, 0x26, 0x34, 0x36, 0x32,
  0x16, 0x14, 0x06, 0x22, 0x36, 0x34, 0x36, 0x32, 0x16, 0x14, 0x06, 0x22,
  0x36, 0x34, 0x36, 0x32, 0x16, 0x14, 0x06, 0x22, 0x26, 0x34, 0x36, 0x32,
  0x16, 0x14, 0x06, 0x22, 0x26, 0x34, 0x36, 0x32, 0x16, 0x14, 0x06, 0x22,
  0x26, 0x34, 0x36, 0x32, 0x16, 0x14, 0x06, 0x22, 0x26, 0x34, 0x36, 0x32,
  0x16, 0x14, 0x06, 0x22, 0x21, 0x2e, 0x20, 0x20, 0x2e, 0x21, 0x21, 0x2e,
  0x20, 0x20, 0x2e, 0x21, 0x21, 0x2e, 0x20, 0x20, 0x2e, 0x21, 0x21, 0x2e,
  0x20, 0x20, 0x2e, 0x21, 0x21, 0x2e, 0x20, 0x20, 0x2e, 0x01, 0x9b, 0x21,
  0x2e, 0x21, 0x21, 0x2e, 0xff, 0x21, 0x2e, 0x20, 0x20, 0x2e, 0x90, 0x21,
  0x2e, 0x20, 0x20, 0x2e, 0xbd, 0x21, 0x2e, 0x20, 0x20, 0x2e, 0x4e, 0x21,
  0x2e, 0x21, 0x21, 0x2e, 0x21, 0x21, 0x2e, 0x21, 0x21, 0x2e, 0x21, 0x21,
  0x2e, 0x21, 0x21, 0x2e, 0x21, 0x21, 0x2e, 0x21, 0x21, 0x2e, 0x21, 0x21,
  0x2e, 0x21, 0x21, 0x2e, 0x02, 0x4c, 0x2e, 0x21, 0x21, 0x2e, 0x21, 0x4e,
  0x2e, 0x20, 0x20, 0x2e, 0x21, 0x4e, 0x2e, 0x20, 0x20, 0x2e, 0x21, 0x4e,
  0x2e, 0x20, 0x20, 0x2e, 0x21, 0x4e, 0x2e, 0x20, 0x20, 0x2e, 0x21, 0x4f,
  0x2e, 0x21, 0x21, 0x2e, 0x20, 0x20, 0x2e, 0x21, 0x21, 0x2e, 0x20, 0x20,
  0x2e, 0x21, 0x21, 0x2e, 0x20, 0x20, 0x2e, 0x21, 0x21, 0x2e, 0x20, 0x90,
  0x2e, 0x20, 0x20, 0x2e, 0x21, 0x90, 0x2e, 0x20, 0x20, 0x2e, 0x21, 0x90,
  0x2e, 0x20, 0x20, 0x2e, 0x21, 0x90, 0x2e, 0x20, 0x20, 0x2e, 0x21, 0x90,
  0x2e, 0x21, 0x21, 0x2e, 0x21, 0x00, 0x00, 0x00, 0x00, 0x0b, 0x00, 0x00,
  0xff, 0xff, 0x02, 0x2c, 0x02, 0x9b, 0x00, 0x07, 0x00, 0x0f, 0x00, 0x17,
  0x00, 0x1f, 0x00, 0x27, 0x00, 0x2f, 0x00, 0x37, 0x00, 0x3f, 0x00, 0x47,
  0x00, 0x4f, 0x00, 0x57, 0x00, 0x00, 0x10, 0x34, 0x36, 0x32, 0x16, 0x14,
  0x06, 0x22, 0x06, 0x34, 0x36, 0x32, 0x16, 0x14, 0x06, 0x22, 0x06, 0x34,
  0x36, 0x32, 0x16, 0x14, 0x06, 0x22, 0x06, 0x34, 0x36, 0x32, 0x16, 0x14,
  0x06, 0x22, 0x16, 0x34, 0x36, 0x32, 0x16, 0x14, 0x06, 0x22, 0x16, 0x34,
  0x36, 0x32, 0x16, 0x14, 0x06, 0x22, 0x36, 0x34, 0x36, 0x32, 0x16, 0x14,
  0x06, 0x22, 0x36, 0x34, 0x36, 0x32, 0x16, 0x14, 0x06, 0x22, 0x26, 0x34,
  0x36, 0x32, 0x16, 0x14, 0x06, 0x22, 0x26, 0x34, 0x36, 0x32, 0x16, 0x14,
  0x06, 0x22, 0x26, 0x34, 0x36, 0x32, 0x16, 0x14, 0x06, 0x22, 0x21, 0x2e,
  0x20, 0x20, 0x2e, 0x21, 0x21, 0x2e, 0x20, 0x20, 0x2e, 0x21, 0x21, 0x2e,
  0x20, 0x20, 0x2e, 0x21, 0x21, 0x2e, 0x20, 0x20, 0x2e, 0x4e, 0x21, 0x2e,
  0x20, 0x20, 0x2e, 0x4e, 0x21, 0x2e, 0x20, 0x20, 0x2e, 0x4e, 0x21, 0x2e,
  0x20, 0x20, 0x2e, 0x4e, 0x21, 0x2e, 0x21, 0x21, 0x2e, 0x21, 0x21, 0x2e,
  0x21, 0x21, 0x2e, 0x21, 0x21, 0x2e, 0x21, 0x21, 0x2e, 0x21, 0x21, 0x2e,
  0x21, 0x21, 0x2e, 0x02, 0x4c, 0x2e, 0x21, 0x21, 0x2e, 0x21, 0x4e, 0x2e,
  0x20, 0x20, 0x2e, 0x21, 0x4e, 0x2e, 0x20, 0x20, 0x2e, 0x21, 0x4e, 0x2e,
  0x20, 0x20, 0x2e, 0x21, 0x4e, 0x2e, 0x20, 0x20, 0x2e, 0x21, 0x4f, 0x2e,
  0x21, 0x21, 0x2e, 0x20, 0x90, 0x2e, 0x20, 0x20, 0x2e, 0x21, 0x90, 0x2e,
  0x20, 0x20, 0x2e, 0x21, 0x90, 0x2e, 0x20, 0x20, 0x2e, 0x21, 0x90, 0x2e,
  0x20, 0x20, 0x2e, 0x21, 0x90, 0x2e, 0x21, 0x21, 0x2e, 0x21, 0x00, 0x00,
  0x00, 0x0f, 0x00, 0x00, 0xff, 0xff, 0x03, 0x0a, 0x02, 0x9b, 0x00, 0x07,
  0x00, 0x0f, 0x00, 0x17, 0x00, 0x1f, 0x00, 0x27, 0x00, 0x2f, 0x00, 0x37,
  0x00, 0x3f, 0x00, 0x47, 0x00, 0x4f, 0x00, 0x57, 0x00, 0x5f, 0x00, 0x67,
  0x00, 0x6f, 0x00, 0x77, 0x00, 0x00, 0x10, 0x34, 0x36, 0x32, 0x16, 0x14,
  0x06, 0x22, 0x06, 0x34, 0x36, 0x32, 0x16, 0x14, 0x06, 0x22, 0x06, 0x34,
  0x36, 0x32, 0x16, 0x14, 0x06, 0x22, 0x06, 0x34, 0x36, 0x32, 0x16, 0x14,
  0x06, 0x22, 0x06, 0x34, 0x36, 0x32, 0x16, 0x14, 0x06, 0x22, 0x16, 0x34,
  0x36, 0x32, 0x16, 0x14, 0x06, 0x22, 0x36, 0x34, 0x36, 0x32, 0x16, 0x14,
  0x06, 0x22, 0x36, 0x34, 0x36, 0x32, 0x16, 0x14, 0x06, 0x22, 0x16, 0x34,
  0x36, 0x32, 0x16, 0x14, 0x06, 0x22, 0x16, 0x34, 0x36, 0x32, 0x16, 0x14,
  0x06, 0x22, 0x36, 0x34, 0x36, 0x32, 0x16, 0x14, 0x06, 0x22, 0x26, 0x34,
  0x36, 0x32, 0x16, 0x14, 0x06, 0x22, 0x26, 0x34, 0x36, 0x32, 0x16, 0x14,
  0x06, 0x22, 0x26, 0x34, 0x36, 0x32, 0x16, 0x14, 0x06, 0x22, 0x26, 0x34,
  0x36, 0x32, 0x16, 0x14, 0x06, 0x22, 0x21, 0x2e, 0x20, 0x20, 0x2e, 0x21,
  0x21, 0x2e, 0x20, 0x20, 0x2e, 0x21, 0x21, 0x2e, 0x20, 0x20, 0x2e, 0x21,
  0x21, 0x2e, 0x20, 0x20, 0x2e, 0x21, 0x21, 0x2e, 0x20, 0x20, 0x2e, 0x4e,
  0x21, 0x2e, 0x20, 0x20, 0x2e, 0x4e, 0x21, 0x2e, 0x20, 0x20, 0x2e, 0x4e,
  0x21, 0x2e, 0x20, 0x20, 0x2e, 0x4e, 0x21, 0x2e, 0x21, 0x21, 0x2e, 0x4f,
  0x20, 0x2e, 0x21, 0x21, 0x2e, 0x4f, 0x20, 0x2e, 0x21, 0x21, 0x2e, 0x20,
  0x20, 0x2e, 0x21, 0x21, 0x2e, 0x20, 0x20, 0x2e, 0x21, 0x21, 0x2e, 0x20,
  0x20, 0x2e, 0x21, 0x21, 0x2e, 0x20, 0x20, 0x2e, 0x21, 0x21, 0x2e, 0x02,
  0x4c, 0x2e, 0x21, 0x21, 0x2e, 0x21, 0x4e, 0x2e, 0x20, 0x20, 0x2e, 0x21,
  0x4e, 0x2e, 0x20, 0x20, 0x2e, 0x21, 0x4e, 0x2e, 0x20, 0x20, 0x2e, 0x21,
  0x4e, 0x2e, 0x20, 0x20, 0x2e, 0x21, 0x4f, 0x2e, 0x21, 0x21, 0x2e, 0x20,
  0x90, 0x2e, 0x20, 0x20, 0x2e, 0x21, 0x90, 0x2e, 0x20, 0x20, 0x2e, 0x21,
  0x4e, 0x2e, 0x20, 0x20, 0x2e, 0x21, 0x4f, 0x2e, 0x21, 0x21, 0x2e, 0x20,
  0x90, 0x2e, 0x20, 0x20, 0x2e, 0x21, 0x90, 0x2e, 0x20, 0x20, 0x2e, 0x21,
  0x90, 0x2e, 0x20, 0x20, 0x2e, 0x21, 0x90, 0x2e, 0x20, 0x20, 0x2e, 0x21,
  0x90, 0x2e, 0x21, 0x21, 0x2e, 0x21, 0x00, 0x00, 0x00, 0x0a, 0x00, 0x00,
  0xff, 0xff, 0x02, 0x2c, 0x02, 0x9b, 0x00, 0x07, 0x00, 0x0f, 0x00, 0x17,
  0x00, 0x1f, 0x00, 0x27, 0x00, 0x2f, 0x00, 0x37, 0x00, 0x3f, 0x00, 0x47,
  0x00, 0x4f, 0x00, 0x00, 0x3c, 0x01, 0x36, 0x32, 0x16, 0x14, 0x06, 0x22,
  0x24, 0x34, 0x36, 0x32, 0x16, 0x14, 0x06, 0x22, 0x26, 0x34, 0x36, 0x32,
  0x16, 0x14, 0x06, 0x22, 0x26, 0x34, 0x36, 0x32, 0x16, 0x14, 0x06, 0x22,
  0x36, 0x34, 0x36, 0x32, 0x16, 0x14, 0x06, 0x22, 0x26, 0x34, 0x36, 0x32,
  0x16, 0x14, 0x06, 0x22, 0x26, 0x34, 0x36, 0x32, 0x16, 0x14, 0x06, 0x22,
  0x26, 0x34, 0x36, 0x32, 0x16, 0x14, 0x06, 0x22, 0x24, 0x34, 0x36, 0x32,
  0x16, 0x14, 0x06, 0x22, 0x06, 0x34, 0x36, 0x32, 0x16, 0x14, 0x06, 0x22,
  0x21, 0x2e, 0x20, 0x20, 0x2e, 0x01, 0x9b, 0x21, 0x2e, 0x21, 0x21, 0x2e,
  0x90, 0x21, 0x2e, 0x20, 0x20, 0x2e, 0xff, 0x21, 0x2e, 0x20, 0x20, 0x2e,
  0x4e, 0x21, 0x2e, 0x20, 0x20, 0x2e, 0x21, 0x21, 0x2e, 0x20, 0x20, 0x2e,
  0x90, 0x21, 0x2e, 0x20, 0x20, 0x2e, 0x90, 0x21, 0x2e, 0x20, 0x20, 0x2e,
  0x01, 0x9b, 0x21, 0x2e, 0x21, 0x21, 0x2e, 0x90, 0x21, 0x2e, 0x20, 0x20,
  0x2e, 0x20, 0x2e, 0x21, 0x21, 0x2e, 0x20, 0x20, 0x2e, 0x21, 0x21, 0x2e,
  0x20, 0x90, 0x2e, 0x20, 0x20, 0x2e, 0x21, 0x21, 0x2e, 0x20, 0x20, 0x2e,
  0x21, 0x90, 0x2e, 0x20, 0x20, 0x2e, 0x21, 0x90, 0x2e, 0x20, 0x20, 0x2e,
  0x21, 0x90, 0x2e, 0x20, 0x20, 0x2e, 0x21, 0x90, 0x2e, 0x21, 0x21, 0x2e,
  0x21, 0x21, 0x2e, 0x21, 0x21, 0x2e, 0x21, 0x4e, 0x2e, 0x20, 0x20, 0x2e,
  0x21, 0x00, 0x00, 0x00, 0x00, 0x13, 0x00, 0x00, 0xff, 0x22, 0x02, 0x2b,
  0x02, 0x9a, 0x00, 0x07, 0x00, 0x0f, 0x00, 0x17, 0x00, 0x1f, 0x00, 0x27,
  0x00, 0x2f, 0x00, 0x37, 0x00, 0x3f, 0x00, 0x47, 0x00, 0x4f, 0x00, 0x57,
  0x00, 0x5f, 0x00, 0x67, 0x00, 0x6f, 0x00, 0x77, 0x00, 0x7f, 0x00, 0x87,
  0x00, 0x8f, 0x00, 0x97, 0x00, 0x00, 0x10, 0x34, 0x36, 0x32, 0x16, 0x14,
  0x06, 0x22, 0x06, 0x34, 0x36, 0x32, 0x16, 0x14, 0x06, 0x22, 0x06, 0x34,
  0x36, 0x32, 0x16, 0x14, 0x06, 0x22, 0x06, 0x34, 0x36, 0x32, 0x16, 0x14,
  0x06, 0x22, 0x06, 0x34, 0x36, 0x32, 0x16, 0x14, 0x06, 0x22, 0x00, 0x34,
  0x36, 0x32, 0x16, 0x14, 0x06, 0x22, 0x06, 0x34, 0x36, 0x32, 0x16, 0x14,
  0x06, 0x22, 0x06, 0x34, 0x36, 0x32, 0x16, 0x14, 0x06, 0x22, 0x06, 0x34,
  0x36, 0x32, 0x16, 0x14, 0x06, 0x22, 0x06, 0x34, 0x36, 0x32, 0x16, 0x14,
  0x06, 0x22, 0x04, 0x34, 0x36, 0x32, 0x16, 0x14, 0x06, 0x22, 0x36, 0x34,
  0x36, 0x32, 0x16, 0x14, 0x06, 0x22, 0x36, 0x34, 0x36, 0x32, 0x16, 0x14,
  0x06, 0x22, 0x36, 0x34, 0x36, 0x32, 0x16, 0x14, 0x06, 0x22, 0x06, 0x34,
  0x36, 0x32, 0x16, 0x14, 0x06, 0x22, 0x06, 0x34, 0x36, 0x32, 0x16, 0x14,
  0x06, 0x22, 0x26, 0x34, 0x36, 0x32, 0x16, 0x14, 0x06, 0x22, 0x26, 0x34,
  0x36, 0x32, 0x16, 0x14, 0x06, 0x22, 0x26, 0x34, 0x36, 0x32, 0x16, 0x14,
  0x06, 0x22, 0x21, 0x2d, 0x21, 0x21, 0x2d, 0x21, 0x21, 0x2d, 0x21, 0x21,
  0x2d, 0x21, 0x21, 0x2d, 0x21, 0x21, 0x2d, 0x21, 0x21, 0x2d, 0x21, 0x21,
  0x2d, 0x21, 0x21, 0x2d, 0x21, 0x21, 0x2d, 0x01, 0x9b, 0x21, 0x2d, 0x21,
  0x21, 0x2d, 0x21, 0x21, 0x2d, 0x21, 0x21, 0x2d, 0x21, 0x21, 0x2d, 0x21,
  0x21, 0x2d, 0x21, 0x21, 0x2d, 0x21, 0x21, 0x2d, 0x21, 0x21, 0x2d, 0x21,
  0x21, 0x2d, 0xfe, 0x92, 0x21, 0x2d, 0x21, 0x21, 0x2d, 0x4e, 0x21, 0x2d,
  0x21, 0x21, 0x2d, 0x4e, 0x21, 0x2d, 0x21, 0x21, 0x2d, 0x4e, 0x21, 0x2d,
  0x21, 0x21, 0x2d, 0x21, 0x21, 0x2d, 0x21, 0x21, 0x2d, 0x90, 0x21, 0x2d,
  0x21, 0x21, 0x2d, 0x90, 0x21, 0x2d, 0x21, 0x21, 0x2d, 0x90, 0x21, 0x2d,
  0x21, 0x21, 0x2d, 0x90, 0x21, 0x2d, 0x21, 0x21, 0x2d, 0x02, 0x4c, 0x2d,
  0x21, 0x21, 0x2d, 0x21, 0x4e, 0x2d, 0x21, 0x21, 0x2d, 0x21, 0x4e, 0x2d,
  0x21, 0x21, 0x2d, 0x21, 0x4e, 0x2d, 0x21, 0x21, 0x2d, 0x21, 0x4e, 0x2d,
  0x21, 0x21, 0x2d, 0x21, 0x01, 0xdd, 0x2d, 0x21, 0x21, 0x2d, 0x21, 0x4e,
  0x2d, 0x21, 0x21, 0x2d, 0x21, 0x4e, 0x2d, 0x21, 0x21, 0x2d, 0x21, 0x4e,
  0x2d, 0x21, 0x21, 0x2d, 0x21, 0x4e, 0x2d, 0x21, 0x21, 0x2d, 0x21, 0x4e,
  0x2d, 0x21, 0x21, 0x2d, 0x21, 0x21, 0x2d, 0x21, 0x21, 0x2d, 0x21, 0x21,
  0x2d, 0x21, 0x21, 0x2d, 0x21, 0x21, 0x2d, 0x21, 0x21, 0x2d, 0x21, 0x4e,
  0x2d, 0x21, 0x21, 0x2d, 0x21, 0x4e, 0x2d, 0x21, 0x21, 0x2d, 0x21, 0x21,
  0x2d, 0x21, 0x21, 0x2d, 0x21, 0x21, 0x2d, 0x21, 0x21, 0x2d, 0x21, 0x21,
  0x2d, 0x21, 0x21, 0x2d, 0x21, 0x00, 0x00, 0x00, 0x00, 0x0e, 0x00, 0x00,
  0xff, 0xff, 0x02, 0x2c, 0x02, 0x9b, 0x00, 0x07, 0x00, 0x0f, 0x00, 0x17,
  0x00, 0x1f, 0x00, 0x27, 0x00, 0x2f, 0x00, 0x37, 0x00, 0x3f, 0x00, 0x47,
  0x00, 0x4f, 0x00, 0x57, 0x00, 0x5f, 0x00, 0x67, 0x00, 0x6f, 0x00, 0x00,
  0x3c, 0x01, 0x36, 0x32, 0x16, 0x14, 0x06, 0x22, 0x24, 0x34, 0x36, 0x32,
  0x16, 0x14, 0x06, 0x22, 0x26, 0x34, 0x36, 0x32, 0x16, 0x14, 0x06, 0x22,
  0x26, 0x34, 0x36, 0x32, 0x16, 0x14, 0x06, 0x22, 0x36, 0x34, 0x36, 0x32,
  0x16, 0x14, 0x06, 0x22, 0x26, 0x34, 0x36, 0x32, 0x16, 0x14, 0x06, 0x22,
  0x36, 0x34, 0x36, 0x32, 0x16, 0x14, 0x06, 0x22, 0x26, 0x34, 0x36, 0x32,
  0x16, 0x14, 0x06, 0x22, 0x02, 0x34, 0x36, 0x32, 0x16, 0x14, 0x06, 0x22,
  0x36, 0x34, 0x36, 0x32, 0x16, 0x14, 0x06, 0x22, 0x26, 0x34, 0x36, 0x32,
  0x16, 0x14, 0x06, 0x22, 0x26, 0x34, 0x36, 0x32, 0x16, 0x14, 0x06, 0x22,
  0x24, 0x34, 0x36, 0x32, 0x16, 0x14, 0x06, 0x22, 0x06, 0x34, 0x36, 0x32,
  0x16, 0x14, 0x06, 0x22, 0x21, 0x2e, 0x20, 0x20, 0x2e, 0x01, 0x9b, 0x21,
  0x2e, 0x21, 0x21, 0x2e, 0xff, 0x21, 0x2e, 0x20, 0x20, 0x2e, 0x90, 0x21,
  0x2e, 0x20, 0x20, 0x2e, 0xbd, 0x21, 0x2e, 0x20, 0x20, 0x2e, 0xff, 0x21,
  0x2e, 0x20, 0x20, 0x2e, 0x4e, 0x21, 0x2e, 0x20, 0x20, 0x2e, 0x21, 0x21,
  0x2e, 0x20, 0x20, 0x2e, 0x90, 0x21, 0x2e, 0x20, 0x20, 0x2e, 0xbd, 0x21,
  0x2e, 0x20, 0x20, 0x2e, 0x90, 0x21, 0x2e, 0x20, 0x20, 0x2e, 0xff, 0x21,
  0x2e, 0x20, 0x20, 0x2e, 0x01, 0x9b, 0x21, 0x2e, 0x21, 0x21, 0x2e, 0x90,
  0x21, 0x2e, 0x20, 0x20, 0x2e, 0x20, 0x2e, 0x21, 0x21, 0x2e, 0x20, 0x20,
  0x2e, 0x21, 0x21, 0x2e, 0x20, 0x20, 0x2e, 0x21, 0x21, 0x2e, 0x20, 0x20,
  0x2e, 0x21, 0x21, 0x2e, 0x20, 0x20, 0x2e, 0x21, 0x21, 0x2e, 0x20, 0x90,
  0x2e, 0x20, 0x20, 0x2e, 0x21, 0x90, 0x2e, 0x20, 0x20, 0x2e, 0x21, 0x90,
  0x2e, 0x20, 0x20, 0x2e, 0x21, 0x00, 0xff, 0x2e, 0x21, 0x21, 0x2e, 0x21,
  0x21, 0x2e, 0x21, 0x21, 0x2e, 0x21, 0x21, 0x2e, 0x21, 0x21, 0x2e, 0x21,
  0x21, 0x2e, 0x21, 0x21, 0x2e, 0x21, 0x21, 0x2e, 0x21, 0x21, 0x2e, 0x21,
  0x4e, 0x2e, 0x20, 0x20, 0x2e, 0x21, 0x00, 0x00, 0x00, 0x00, 0x00, 0x0e,
  0x00, 0xae, 0x00, 0x01, 0x00, 0x00, 0x00, 0x00, 0x00, 0x00, 0x00, 0x23,
  0x00, 0x48, 0x00, 0x01, 0x00, 0x00, 0x00, 0x00, 0x00, 0x01, 0x00, 0x12,
  0x00, 0x92, 0x00, 0x01, 0x00, 0x00, 0x00, 0x00, 0x00, 0x02, 0x00, 0x07,
  0x00, 0xb5, 0x00, 0x01, 0x00, 0x00, 0x00, 0x00, 0x00, 0x03, 0x00, 0x2e,
  0x01, 0x1b, 0x00, 0x01, 0x00, 0x00, 0x00, 0x00, 0x00, 0x04, 0x00, 0x12,
  0x01, 0x70, 0x00, 0x01, 0x00, 0x00, 0x00, 0x00, 0x00, 0x05, 0x00, 0x0f,
  0x01, 0xa3, 0x00, 0x01, 0x00, 0x00, 0x00, 0x00, 0x00, 0x06, 0x00, 0x11,
  0x01, 0xd7, 0x00, 0x03, 0x00, 0x01, 0x04, 0x09, 0x00, 0x00, 0x00, 0x46,
  0x00, 0x00, 0x00, 0x03, 0x00, 0x01, 0x04, 0x09, 0x00, 0x01, 0x00, 0x24,
  0x00, 0x6c, 0x00, 0x03, 0x00, 0x01, 0x04, 0x09, 0x00, 0x02, 0x00, 0x0e,
  0x00, 0xa5, 0x00, 0x03, 0x00, 0x01, 0x04, 0x09, 0x00, 0x03, 0x00, 0x5c,
  0x00, 0xbd, 0x00, 0x03, 0x00, 0x01, 0x04, 0x09, 0x00, 0x04, 0x00, 0x24,
  0x01, 0x4a, 0x00, 0x03, 0x00, 0x01, 0x04, 0x09, 0x00, 0x05, 0x00, 0x1e,
  0x01, 0x83, 0x00, 0x03, 0x00, 0x01, 0x04, 0x09, 0x00, 0x06, 0x00, 0x22,
  0x01, 0xb3, 0x00, 0x43, 0x00, 0x6f, 0x00, 0x70, 0x00, 0x79, 0x00, 0x72,
  0x00, 0x69, 0x00, 0x67, 0x00, 0x68, 0x00, 0x74, 0x00, 0x20, 0x00, 0x28,
  0x00, 0x63, 0x00, 0x29, 0x00, 0x20, 0x00, 0x32, 0x00, 0x30, 0x00, 0x31,
  0x00, 0x39, 0x00, 0x2c, 0x00, 0x20, 0x00, 0x53, 0x00, 0x65, 0x00, 0x61,
  0x00, 0x6e, 0x00, 0x20, 0x00, 0x50, 0x00, 0x65, 0x00, 0x74, 0x00, 0x79,
  0x00, 0x6b, 0x00, 0x6f, 0x00, 0x77, 0x00, 0x73, 0x00, 0x6b, 0x00, 0x69,
  0x00, 0x00, 0x43, 0x6f, 0x70, 0x79, 0x72, 0x69, 0x67, 0x68, 0x74, 0x20,
  0x28, 0x63, 0x29, 0x20, 0x32, 0x30, 0x31, 0x39, 0x2c, 0x20, 0x53, 0x65,
  0x61, 0x6e, 0x20, 0x50, 0x65, 0x74, 0x79, 0x6b, 0x6f, 0x77, 0x73, 0x6b,
  0x69, 0x00, 0x00, 0x4c, 0x00, 0x6f, 0x00, 0x6e, 0x00, 0x64, 0x00, 0x6f,
  0x00, 0x6e, 0x00, 0x20, 0x00, 0x55, 0x00, 0x6e, 0x00, 0x64, 0x00, 0x65,
  0x00, 0x72, 0x00, 0x67, 0x00, 0x72, 0x00, 0x6f, 0x00, 0x75, 0x00, 0x6e,
  0x00, 0x64, 0x00, 0x00, 0x4c, 0x6f, 0x6e, 0x64, 0x6f, 0x6e, 0x20, 0x55,
  0x6e, 0x64, 0x65, 0x72, 0x67, 0x72, 0x6f, 0x75, 0x6e, 0x64, 0x00, 0x00,
  0x52, 0x00, 0x65, 0x00, 0x67, 0x00, 0x75, 0x00, 0x6c, 0x00, 0x61, 0x00,
  0x72, 0x00, 0x00, 0x52, 0x65, 0x67, 0x75, 0x6c, 0x61, 0x72, 0x00, 0x00,
  0x46, 0x00, 0x6f, 0x00, 0x6e, 0x00, 0x74, 0x00, 0x46, 0x00, 0x6f, 0x00,
  0x72, 0x00, 0x67, 0x00, 0x65, 0x00, 0x20, 0x00, 0x32, 0x00, 0x2e, 0x00,
  0x30, 0x00, 0x20, 0x00, 0x3a, 0x00, 0x20, 0x00, 0x4c, 0x00, 0x6f, 0x00,
  0x6e, 0x00, 0x64, 0x00, 0x6f, 0x00, 0x6e, 0x00, 0x20, 0x00, 0x55, 0x00,
  0x6e, 0x00, 0x64, 0x00, 0x65, 0x00, 0x72, 0x00, 0x67, 0x00, 0x72, 0x00,
  0x6f, 0x00, 0x75, 0x00, 0x6e, 0x00, 0x64, 0x00, 0x20, 0x00, 0x3a, 0x00,
  0x20, 0x00, 0x31, 0x00, 0x34, 0x00, 0x2d, 0x00, 0x38, 0x00, 0x2d, 0x00,
  0x32, 0x00, 0x30, 0x00, 0x32, 0x00, 0x35, 0x00, 0x00, 0x46, 0x6f, 0x6e,
  0x74, 0x46, 0x6f, 0x72, 0x67, 0x65, 0x20, 0x32, 0x2e, 0x30, 0x20, 0x3a,
  0x20, 0x4c, 0x6f, 0x6e, 0x64, 0x6f, 0x6e, 0x20, 0x55, 0x6e, 0x64, 0x65,
  0x72, 0x67, 0x72, 0x6f, 0x75, 0x6e, 0x64, 0x20, 0x3a, 0x20, 0x31, 0x34,
  0x2d, 0x38, 0x2d, 0x32, 0x30, 0x32, 0x35, 0x00, 0x00, 0x4c, 0x00, 0x6f,
  0x00, 0x6e, 0x00, 0x64, 0x00, 0x6f, 0x00, 0x6e, 0x00, 0x20, 0x00, 0x55,
  0x00, 0x6e, 0x00, 0x64, 0x00, 0x65, 0x00, 0x72, 0x00, 0x67, 0x00, 0x72,
  0x00, 0x6f, 0x00, 0x75, 0x00, 0x6e, 0x00, 0x64, 0x00, 0x00, 0x4c, 0x6f,
  0x6e, 0x64, 0x6f, 0x6e, 0x20, 0x55, 0x6e, 0x64, 0x65, 0x72, 0x67, 0x72,
  0x6f, 0x75, 0x6e, 0x64, 0x00, 0x00, 0x56, 0x00, 0x65, 0x00, 0x72, 0x00,
  0x73, 0x00, 0x69, 0x00, 0x6f, 0x00, 0x6e, 0x00, 0x20, 0x00, 0x30, 0x00,
  0x30, 0x00, 0x31, 0x00, 0x2e, 0x00, 0x30, 0x00, 0x30, 0x00, 0x30, 0x00,
  0x00, 0x56, 0x65, 0x72, 0x73, 0x69, 0x6f, 0x6e, 0x20, 0x30, 0x30, 0x31,
  0x2e, 0x30, 0x30, 0x30, 0x00, 0x00, 0x4c, 0x00, 0x6f, 0x00, 0x6e, 0x00,
  0x64, 0x00, 0x6f, 0x00, 0x6e, 0x00, 0x55, 0x00, 0x6e, 0x00, 0x64, 0x00,
  0x65, 0x00, 0x72, 0x00, 0x67, 0x00, 0x72, 0x00, 0x6f, 0x00, 0x75, 0x00,
  0x6e, 0x00, 0x64, 0x00, 0x00, 0x4c, 0x6f, 0x6e, 0x64, 0x6f, 0x6e, 0x55,
  0x6e, 0x64, 0x65, 0x72, 0x67, 0x72, 0x6f, 0x75, 0x6e, 0x64, 0x00, 0x00,
  0x00, 0x02, 0x00, 0x00, 0x00, 0x00, 0x00, 0x00, 0xff, 0xb5, 0x00, 0x32,
  0x00, 0x00, 0x00, 0x00, 0x00, 0x00, 0x00, 0x00, 0x00, 0x00, 0x00, 0x00,
  0x00, 0x00, 0x00, 0x00, 0x00, 0x00, 0x00, 0x00, 0x00, 0x4a, 0x00, 0x00,
  0x00, 0x01, 0x00, 0x02, 0x00, 0x03, 0x00, 0x09, 0x00, 0x0a, 0x00, 0x0d,
  0x00, 0x0e, 0x00, 0x0f, 0x00, 0x10, 0x00, 0x11, 0x00, 0x13, 0x00, 0x14,
  0x00, 0x15, 0x00, 0x16, 0x00, 0x17, 0x00, 0x18, 0x00, 0x19, 0x00, 0x1a,
  0x00, 0x1b, 0x00, 0x1c, 0x00, 0x1d, 0x00, 0x24, 0x00, 0x25, 0x00, 0x26,
  0x00, 0x27, 0x00, 0x28, 0x00, 0x29, 0x00, 0x2a, 0x00, 0x2b, 0x00, 0x2c,
  0x00, 0x2d, 0x00, 0x2e, 0x00, 0x2f, 0x00, 0x30, 0x00, 0x31, 0x00, 0x32,
  0x00, 0x33, 0x00, 0x34, 0x00, 0x35, 0x00, 0x36, 0x00, 0x37, 0x00, 0x38,
  0x00, 0x39, 0x00, 0x3a, 0x00, 0x3b, 0x00, 0x3c, 0x00, 0x3d, 0x00, 0x44,
  0x00, 0x45, 0x00, 0x46, 0x00, 0x47, 0x00, 0x48, 0x00, 0x49, 0x00, 0x4a,
  0x00, 0x4b, 0x00, 0x4c, 0x00, 0x4d, 0x00, 0x4e, 0x00, 0x4f, 0x00, 0x50,
  0x00, 0x51, 0x00, 0x52, 0x00, 0x53, 0x00, 0x54, 0x00, 0x55, 0x00, 0x56,
  0x00, 0x57, 0x00, 0x58, 0x00, 0x59, 0x00, 0x5a, 0x00, 0x5b, 0x00, 0x5c,
  0x00, 0x5d, 0x00, 0x00, 0x00, 0x00, 0x00, 0x01, 0xff, 0xff, 0x00, 0x02,
  0x00, 0x01, 0x00, 0x00, 0x00, 0x00, 0x00, 0x00, 0x00, 0x0c, 0x00, 0x14,
  0x00, 0x04, 0x00, 0x00, 0x00, 0x02, 0x00, 0x00, 0x00, 0x01, 0x00, 0x00,
  0x00, 0x01, 0x00, 0x00, 0x00, 0x00, 0x00, 0x01, 0x00, 0x00, 0x00, 0x00,
  0xdf, 0xd6, 0xca, 0x5e, 0x00, 0x00, 0x00, 0x00, 0xda, 0x20, 0x67, 0x65,
  0x00, 0x00, 0x00, 0x00, 0xe4, 0xc3, 0x71, 0x6a
};
unsigned int ug_reg_len = 28856;
